id_producto,id_proveedor,precio_compra
1,24,38.53
2,1,1.52
2,2,1.82
2,3,2.24
2,293,1.64
2,7,2.15
3,7,47.46
4,9,40.01
4,1,48.61
5,1,6.84
6,10,10.04
7,1,2.45
7,10,2.60
7,84,3.18
7,150,3.61
8,1,42.71
9,2,7.03
9,3,6.65
9,7,8.19
9,41,9.90
9,16,10.64
10,1,27.65
11,15,6.10
12,1,88.68
12,23,70.05
13,24,10.34
13,2,14.66
14,27,11.28
15,1,15.63
15,3,21.12
15,7,19.38
16,8,94.17
16,1,94.65
17,13,11.47
17,6,13.16
18,51,5.30
19,9,28.19
20,1,129.79
20,140,168.61
21,64,33.01
21,4,33.59
22,1,17.76
23,1,16.16
24,2,8.62
25,1,9.28
25,3,8.20
26,2,44.66
26,108,44.24
27,1,24.99
27,29,19.79
27,3,29.92
27,21,28.60
28,177,57.35
28,2,60.44
28,243,50.35
28,4,38.09
29,2,37.72
30,8,23.23
30,4,27.77
30,95,19.42
31,1,19.31
31,7,20.15
31,143,27.38
32,53,34.42
32,7,30.75
33,76,20.60
33,103,21.50
34,17,7.54
34,1,7.50
35,8,17.75
35,37,16.52
36,1,35.26
36,11,34.75
37,1,41.84
37,188,33.15
38,1,20.79
38,2,24.44
39,15,10.54
40,42,5.43
40,19,5.16
41,1,16.85
41,2,14.72
41,6,16.59
42,1,9.97
42,3,14.11
42,5,14.11
43,1,30.00
43,237,25.64
44,1,54.65
45,1,13.93
45,2,14.23
46,114,67.97
46,6,68.93
47,1,25.01
47,2,24.05
47,11,29.22
48,2,41.07
49,1,3.49
49,43,2.69
50,1,65.17
50,3,77.34
50,11,62.02
50,22,63.61
50,29,77.32
51,18,60.71
52,1,8.55
52,2,11.50
52,469,9.44
53,2,28.98
53,3,29.60
54,50,30.05
55,1,30.33
55,12,30.72
55,5,34.43
56,128,22.05
56,1,21.61
57,1,12.29
57,155,16.37
57,20,12.81
58,1,60.14
58,3,54.58
59,13,60.20
60,1,16.43
60,163,11.03
60,5,16.15
60,361,16.90
60,9,15.52
61,2,38.10
61,36,46.26
62,444,34.30
63,215,24.26
64,1,78.52
64,3,50.03
65,2,39.69
65,189,26.15
66,11,55.17
67,3,20.71
68,8,38.61
68,18,37.42
69,1,10.96
69,106,11.06
69,21,13.31
69,406,13.86
69,22,13.58
70,8,8.28
71,1,16.91
71,18,17.65
72,2,28.56
72,315,46.10
73,3,10.25
74,89,3.83
74,82,5.18
74,2,4.39
74,7,4.82
75,434,24.74
75,17,32.01
75,2,20.47
75,5,28.88
76,1,73.28
77,1,27.44
77,10,25.48
78,7,11.33
79,2,54.20
79,7,60.10
80,1,33.57
80,357,31.75
80,37,38.97
80,71,31.02
81,39,5.09
82,1,14.02
82,2,10.57
82,3,10.53
82,45,10.96
82,210,10.56
83,128,16.19
84,1,9.25
84,2,12.20
84,3,10.41
84,23,11.77
84,27,8.10
85,233,5.98
86,9,17.08
86,2,16.95
86,1,19.40
87,1,42.20
87,15,38.52
88,1,5.59
88,6,6.15
89,3,4.71
90,3,41.33
90,47,46.83
91,9,17.90
91,11,15.76
92,1,26.07
93,8,7.47
93,11,7.92
93,29,9.04
94,1,22.94
94,3,20.17
95,221,13.40
95,23,12.05
96,1,79.86
96,15,96.34
97,39,155.25
98,2,5.01
99,4,21.70
99,6,15.90
99,127,24.45
100,5,13.28
100,9,13.83
100,15,14.80
100,17,17.69
100,414,19.69
101,1,71.60
101,2,48.97
101,3,51.01
102,38,22.77
103,35,6.62
103,6,7.30
104,199,12.48
105,1,7.29
105,4,6.39
105,9,4.98
106,4,23.63
107,1,4.20
107,2,4.32
107,3,4.15
107,7,4.70
108,1,36.90
108,2,36.92
109,1,25.59
109,11,35.38
109,5,26.06
110,4,9.32
110,28,9.17
111,1,23.65
111,435,31.35
112,24,27.77
113,8,31.27
113,1,27.47
113,61,40.99
114,1,4.95
114,2,6.16
114,14,5.39
114,17,5.92
115,3,29.04
115,4,41.82
116,280,12.24
116,50,19.81
116,175,16.18
117,1,45.84
117,2,32.55
118,40,5.97
118,1,6.10
118,10,9.24
118,3,7.02
119,48,54.05
119,2,42.82
120,216,10.37
120,1,6.71
120,52,6.95
120,21,8.22
121,43,7.44
121,11,7.43
121,15,9.12
122,192,17.11
122,1,17.29
122,277,15.67
123,1,9.76
123,46,14.36
124,1,23.00
124,421,18.16
124,5,25.80
124,39,21.90
124,80,22.97
125,1,12.19
125,20,10.31
126,1,26.78
127,3,6.78
127,1,4.92
127,67,7.96
127,9,5.96
128,7,7.42
129,1,14.32
129,418,11.87
130,143,20.01
131,380,52.60
131,6,53.97
132,93,31.50
133,39,12.04
134,8,18.74
134,1,13.94
134,82,16.07
135,1,16.64
135,54,20.17
135,22,18.28
136,32,15.62
136,1,14.47
137,16,40.03
137,1,27.68
138,1,13.43
139,196,23.95
139,166,17.69
139,14,15.97
140,3,9.46
141,50,3.10
142,2,21.03
143,1,7.75
143,3,6.87
144,9,11.58
144,19,12.50
145,1,8.46
146,472,18.61
146,6,18.70
147,55,3.74
148,8,16.82
148,18,17.56
148,43,15.39
149,2,11.24
149,262,11.50
150,105,12.17
151,1,94.04
152,34,10.84
153,3,23.75
153,51,26.60
154,2,26.69
155,1,33.04
155,34,36.13
155,7,28.49
156,17,11.84
156,11,10.22
156,5,11.84
157,20,6.55
157,7,6.55
158,460,87.73
158,325,126.54
159,4,8.32
160,66,34.99
160,203,33.27
160,20,40.60
160,23,27.96
161,1,112.31
161,3,89.28
161,5,100.88
161,7,98.97
162,8,8.42
162,3,13.10
162,12,10.85
163,8,133.61
163,1,126.53
163,268,90.99
163,5,124.72
164,27,6.06
164,108,4.22
164,22,3.77
165,1,3.17
165,9,3.53
165,7,3.09
166,1,9.25
166,2,11.20
166,9,10.77
166,208,9.53
166,22,12.80
167,8,21.92
167,5,28.47
168,1,34.33
168,2,43.78
168,7,51.41
169,1,14.50
169,5,16.78
169,465,19.53
169,58,17.82
169,61,18.77
170,1,7.34
170,2,10.20
170,19,10.01
171,1,33.94
171,3,20.87
171,5,21.71
172,18,18.91
173,155,25.64
174,1,15.47
175,5,34.72
176,2,7.17
176,3,6.02
177,1,55.87
177,2,61.39
177,43,51.89
177,5,57.55
178,1,13.10
178,4,13.46
179,2,26.23
180,24,6.67
180,2,6.67
181,1,6.29
182,1,56.62
182,10,73.01
182,6,60.45
183,1,20.49
183,242,29.66
183,12,25.16
183,4,33.08
184,35,9.09
184,5,7.04
185,3,30.26
185,6,27.43
186,1,6.61
186,138,5.34
186,4,5.17
187,224,28.82
187,2,22.71
187,5,24.56
188,3,49.36
189,43,62.50
190,9,10.16
191,9,46.88
191,12,34.89
192,1,92.23
193,1,113.13
194,1,20.06
194,324,15.41
194,8,14.07
194,14,14.19
194,15,13.91
195,1,65.76
195,68,58.84
196,4,3.20
197,288,48.89
197,2,49.00
197,138,49.88
197,17,53.04
197,407,54.31
198,63,8.62
199,10,19.10
200,3,31.94
200,5,34.12
201,280,3.00
201,82,2.66
202,1,6.72
203,1,48.97
203,2,65.21
204,32,15.91
204,51,19.03
204,3,13.29
205,32,16.03
205,13,18.63
206,2,8.02
207,8,6.00
207,2,6.12
208,2,22.03
209,93,17.50
210,123,37.40
210,4,38.85
211,2,37.68
211,29,40.41
212,181,43.81
213,196,6.40
214,178,4.84
214,7,6.22
215,5,10.61
216,1,43.14
217,1,8.95
217,3,13.14
218,196,28.72
218,5,28.47
219,1,25.43
220,9,66.54
221,1,28.01
222,219,13.26
223,16,38.90
223,1,33.11
224,28,13.07
224,23,13.11
225,1,107.33
226,4,10.43
227,1,36.95
227,2,26.63
228,12,69.54
229,2,1.32
230,1,5.07
230,26,5.63
231,209,101.12
231,1,103.64
231,15,118.99
232,1,12.40
232,7,18.01
233,16,13.52
233,156,18.01
234,1,35.38
234,31,29.56
235,2,45.95
236,1,24.22
237,3,7.73
238,8,9.64
238,10,6.67
239,3,15.74
240,19,6.74
241,7,16.74
242,3,10.46
242,19,9.03
243,1,49.81
243,2,62.44
243,6,73.32
244,17,14.58
244,2,15.70
245,1,24.60
245,2,18.58
245,4,21.90
245,7,20.76
246,32,8.16
246,4,12.92
246,38,9.45
246,24,11.24
246,93,9.57
247,341,5.55
247,38,4.70
248,1,128.95
248,4,110.10
248,12,130.79
249,1,38.85
249,395,43.82
250,67,14.45
250,3,14.88
250,294,14.72
251,1,38.40
251,4,49.09
252,2,2.28
252,59,2.97
253,1,8.21
253,3,10.16
253,62,7.70
254,216,7.44
255,1,76.67
255,4,48.84
256,3,74.33
257,12,35.46
257,4,35.72
258,1,42.26
258,21,34.69
259,8,35.03
259,19,38.46
260,25,11.27
260,3,8.50
260,1,7.67
261,1,16.69
262,121,12.42
262,3,13.70
262,17,12.06
262,1,13.35
263,314,65.98
263,6,77.03
263,119,62.38
264,86,5.45
265,23,15.28
266,3,13.62
266,1,9.30
266,163,13.36
267,307,51.48
267,4,58.80
268,3,11.56
268,157,14.76
269,1,46.28
269,4,44.54
269,17,44.12
270,148,9.66
270,5,13.16
271,103,81.68
272,2,16.57
273,1,18.43
274,2,176.22
274,91,213.49
274,15,212.69
275,1,6.50
275,2,5.20
275,9,5.42
275,44,4.68
275,26,4.28
276,1,56.33
276,33,49.39
277,7,33.95
278,17,43.22
278,21,53.08
279,17,28.05
279,230,24.49
280,1,5.55
280,55,8.82
281,6,133.71
282,1,4.60
282,2,5.34
282,15,7.17
282,147,4.88
282,31,6.24
283,159,38.74
284,5,10.36
285,19,12.44
285,350,16.48
286,9,9.02
286,2,12.98
287,1,39.60
287,87,40.20
288,18,16.29
288,4,12.71
289,1,48.10
290,16,87.23
290,2,92.18
290,12,130.23
291,9,65.93
291,1,74.34
292,4,11.00
293,4,40.11
294,1,20.30
294,7,21.86
294,142,23.14
294,23,26.55
295,1,23.87
296,16,16.48
296,3,21.08
297,2,13.47
298,11,8.83
298,29,9.45
299,5,21.09
299,205,20.70
300,18,4.04
300,5,2.55
301,3,16.78
301,4,13.71
302,1,6.15
303,1,160.57
303,164,243.82
304,8,5.59
304,4,6.53
305,3,13.18
306,1,4.17
306,2,4.50
307,140,17.83
308,4,7.41
309,3,14.96
309,2,18.45
309,203,18.58
310,8,18.86
311,96,84.08
311,1,106.24
312,12,13.77
313,73,8.00
313,2,6.40
314,104,4.54
314,1,3.66
314,21,4.51
314,7,5.79
315,19,11.46
315,22,13.99
316,1,3.72
316,12,2.71
316,5,2.91
316,14,4.10
317,39,15.89
318,1,11.70
319,111,137.90
320,1,10.70
320,107,8.89
320,6,11.34
321,32,17.69
322,10,7.51
323,1,6.07
323,2,7.03
323,4,4.87
323,141,7.54
323,214,6.83
324,6,6.18
325,13,58.55
326,3,9.61
326,15,5.89
327,1,164.87
327,35,223.23
327,13,225.34
327,251,223.48
328,1,53.85
328,10,50.59
328,5,43.59
328,79,63.25
329,1,13.81
329,386,10.18
329,4,8.95
330,195,4.16
331,1,8.76
331,6,7.34
332,2,6.61
333,10,36.87
333,21,29.82
334,4,27.40
335,399,14.39
336,8,24.61
336,20,17.50
337,2,20.87
337,3,14.51
337,31,19.24
338,2,28.45
338,3,19.95
339,338,14.78
339,4,13.18
340,1,14.91
341,1,10.51
341,2,10.95
341,11,9.66
342,11,29.55
342,92,27.11
343,11,13.64
343,4,14.18
344,1,21.66
344,3,17.60
345,9,21.78
346,3,16.06
347,288,15.76
347,8,21.16
347,160,16.62
347,239,20.62
348,1,32.82
348,2,24.05
349,43,15.26
350,10,43.32
350,6,41.03
351,1,16.72
351,26,14.65
352,1,14.23
352,2,14.46
352,5,14.89
352,10,12.96
352,11,10.66
353,112,27.45
353,4,20.90
354,9,10.94
354,1,8.78
355,352,16.38
355,1,19.99
355,2,20.96
355,3,20.54
355,369,15.40
356,2,68.05
356,190,51.23
357,250,78.32
357,3,82.88
358,121,9.67
358,4,11.22
359,1,6.95
359,6,7.52
359,39,5.18
359,8,5.89
359,91,6.85
360,2,5.09
361,1,10.86
361,27,14.06
361,33,12.96
362,10,8.68
363,393,30.45
364,1,59.84
365,2,11.25
365,7,15.65
365,14,13.37
365,25,11.67
365,58,15.86
366,4,23.47
367,4,29.90
367,79,40.38
368,1,30.03
368,2,30.02
368,118,44.52
368,14,39.17
369,116,39.29
369,15,38.12
370,1,49.81
370,6,44.25
371,24,11.29
371,1,12.39
371,2,14.80
371,22,9.67
372,2,16.05
373,4,49.16
374,2,8.28
374,3,7.99
374,54,8.07
375,4,40.59
376,56,10.05
376,2,10.91
376,3,10.35
376,173,9.07
377,3,50.77
377,87,56.49
378,312,30.31
379,21,16.43
380,2,10.62
381,16,42.33
381,1,41.54
382,1,11.57
382,2,16.27
382,20,17.64
382,7,18.05
383,8,25.99
383,1,16.61
384,368,4.82
384,2,4.53
385,232,267.41
386,1,6.77
387,2,15.16
388,10,73.41
389,6,13.15
389,287,11.95
390,8,3.55
390,3,2.69
391,1,10.61
392,1,58.08
392,18,96.16
392,3,86.69
393,1,15.19
393,3,17.24
393,12,17.59
393,183,16.47
394,10,8.04
394,3,9.01
395,1,38.37
395,4,40.02
396,1,164.57
396,41,169.01
397,65,19.07
397,13,19.12
398,74,31.99
399,97,22.42
399,2,20.49
400,1,21.95
400,3,14.45
401,1,23.24
402,2,51.57
403,2,15.08
403,26,15.65
404,290,20.00
404,47,24.31
405,8,33.59
406,1,7.79
406,3,5.65
406,29,7.10
407,1,13.37
407,5,18.68
407,38,12.40
407,12,16.54
407,27,19.50
408,1,41.53
408,4,64.31
409,1,12.09
409,2,9.40
409,13,10.17
409,497,7.96
409,215,11.73
410,1,30.85
410,2,30.74
411,1,7.66
412,1,29.18
412,2,39.68
412,3,31.41
413,1,19.92
413,5,25.60
414,1,83.48
414,5,81.89
415,120,33.89
415,17,36.17
415,2,28.61
415,5,39.34
416,1,22.40
416,242,16.67
416,5,15.99
416,46,22.45
417,408,62.50
417,2,59.64
417,35,52.92
418,181,81.41
419,421,60.63
419,135,48.81
420,387,28.10
420,7,28.30
420,9,31.96
420,30,26.01
420,319,32.15
421,1,65.98
421,2,62.97
421,196,62.17
421,491,47.27
421,24,62.47
422,194,8.93
422,171,10.09
423,2,31.33
423,42,34.67
423,15,27.61
424,20,111.17
425,1,103.15
426,16,42.32
426,1,44.73
426,2,40.19
427,402,6.21
427,13,8.32
428,26,24.54
428,4,23.65
429,17,10.12
429,162,16.55
429,2,14.46
430,1,7.47
431,6,13.97
432,1,32.14
433,6,4.69
434,1,29.34
434,61,23.26
434,6,21.87
434,9,22.49
435,217,60.60
436,11,18.94
436,317,14.17
437,1,4.23
437,2,4.73
438,1,13.91
438,2,10.26
438,6,9.97
438,89,12.49
438,30,11.96
439,18,5.37
440,1,17.27
440,3,19.62
441,91,7.06
441,4,5.42
442,2,17.53
442,229,19.06
442,232,24.06
442,11,23.52
442,12,18.26
443,40,22.05
443,36,28.16
444,1,4.84
444,6,5.62
445,5,33.42
446,2,13.01
446,4,16.11
446,261,12.99
446,5,13.53
446,7,17.24
447,105,13.98
448,1,29.19
449,6,5.07
450,10,17.59
451,3,38.25
451,7,40.10
452,1,31.30
453,1,9.63
454,122,143.67
454,2,124.72
454,68,151.95
454,7,158.35
455,4,6.75
456,1,12.61
456,2,16.91
456,3,15.11
456,8,18.94
456,302,13.94
457,1,5.93
457,2,5.80
457,13,5.05
457,54,6.12
458,116,53.21
458,6,55.64
459,488,10.34
459,26,8.94
460,1,21.59
460,5,20.98
461,2,37.70
462,8,23.69
462,5,26.27
463,1,19.90
464,3,34.10
464,6,42.76
465,223,16.47
466,1,25.29
467,2,23.99
467,28,23.62
467,38,26.50
468,1,17.02
469,1,2.51
469,34,3.67
470,1,11.43
471,6,10.21
472,289,6.93
472,21,8.62
473,377,26.60
473,26,30.53
474,1,4.62
474,11,6.35
475,6,15.41
476,33,37.58
476,2,27.91
476,1,28.65
476,72,40.65
476,41,24.81
477,7,40.30
478,48,11.34
478,1,9.56
478,2,10.45
478,9,11.56
479,225,84.61
479,137,97.28
480,1,9.07
480,20,9.37
480,77,12.36
480,17,11.13
481,1,49.15
481,4,45.03
482,2,8.21
483,24,13.27
484,21,3.06
484,237,2.54
485,1,30.45
486,196,10.49
487,17,34.23
487,3,36.38
487,43,35.75
488,70,25.45
488,7,19.50
489,1,11.20
489,411,11.54
489,5,16.11
489,51,11.43
490,87,33.61
491,95,10.53
492,9,14.06
493,1,8.22
493,4,9.80
494,2,32.61
495,2,30.80
496,59,2.67
496,14,2.25
496,23,2.83
497,224,27.06
497,1,22.92
497,28,27.77
498,232,82.83
498,377,82.19
499,10,19.43
500,8,11.72
500,68,10.44
501,9,3.39
501,171,4.21
502,235,14.58
503,6,11.34
504,15,11.32
505,105,14.60
505,12,11.15
506,10,37.64
507,23,27.19
508,1,9.32
508,137,10.50
509,9,11.73
509,2,13.83
509,379,9.81
510,2,11.96
511,9,16.95
511,19,13.97
511,4,16.39
511,1,13.18
512,24,12.46
512,5,19.18
513,2,2.71
514,98,12.34
514,236,15.90
515,1,9.17
515,2,7.66
516,1,8.66
516,387,9.13
516,6,12.19
516,14,10.12
516,16,9.09
517,1,13.45
518,1,31.82
518,78,28.82
519,2,37.68
519,13,38.39
520,57,11.37
520,98,8.18
520,2,12.27
520,4,10.11
521,1,20.33
521,19,19.63
522,305,53.21
522,12,63.14
523,2,29.11
523,15,28.52
524,28,9.86
525,1,32.69
525,2,44.26
525,6,51.92
525,14,46.56
525,467,46.76
526,1,23.99
527,1,3.95
527,2,2.56
528,2,25.20
529,2,114.46
529,4,111.81
529,6,87.92
529,54,80.91
529,27,76.37
530,1,9.42
530,134,8.31
530,9,8.84
530,203,9.12
530,17,8.34
531,104,11.17
531,41,12.48
532,2,16.11
532,99,17.40
533,1,21.75
533,122,24.49
533,2,19.26
533,395,18.95
534,1,23.12
534,2,16.86
535,1,9.28
535,2,7.16
536,1,11.35
537,57,15.94
537,1,16.52
538,387,40.38
538,76,24.27
539,1,5.00
539,5,4.00
539,243,4.08
539,118,4.87
539,24,3.28
540,3,47.18
541,13,17.25
541,7,17.23
542,1,32.99
542,18,38.70
543,81,19.24
543,34,20.43
543,3,14.66
544,8,24.90
545,38,10.80
545,31,10.50
546,9,27.53
547,12,16.38
547,4,13.51
548,16,29.24
548,11,26.86
548,5,22.95
549,2,10.56
549,19,10.29
549,31,7.81
550,1,27.97
551,22,2.10
552,57,21.01
552,5,25.16
553,61,44.25
554,16,4.52
555,1,31.04
555,67,38.12
556,5,70.71
556,6,58.18
557,2,6.90
558,42,115.00
558,4,133.25
559,8,15.19
559,10,9.39
559,2,15.09
559,254,15.10
560,1,23.89
561,1,21.58
561,2,28.26
562,104,18.25
562,1,13.18
562,422,17.39
563,1,9.53
563,30,11.43
564,234,20.15
564,132,14.53
564,12,16.45
565,8,21.43
565,2,19.54
566,1,35.46
567,81,40.69
567,3,53.60
567,1,43.82
568,1,29.54
568,21,25.09
569,426,16.99
570,1,6.89
570,35,7.80
571,2,27.52
572,1,25.80
572,36,30.16
573,5,43.40
573,15,56.22
574,1,20.66
574,4,15.20
574,5,24.67
575,1,7.46
576,328,27.39
576,2,30.90
577,1,9.30
577,92,11.54
578,2,16.70
578,6,19.18
579,1,13.12
579,3,18.30
579,14,13.82
580,1,45.03
581,4,39.29
581,6,43.89
582,6,5.55
583,1,17.88
583,238,16.99
584,20,8.00
584,61,8.74
585,2,24.47
585,310,23.96
586,57,14.90
586,2,13.76
586,252,14.13
586,5,17.99
587,1,25.35
587,4,28.70
588,5,31.96
589,77,28.47
590,6,16.67
591,1,7.30
592,1,33.99
592,3,24.86
592,41,28.90
592,88,23.06
592,442,31.88
593,392,3.44
593,1,4.69
594,24,13.96
594,1,11.75
594,4,14.79
594,6,15.13
595,1,40.68
595,2,51.63
595,3,31.50
595,9,41.92
595,10,47.44
596,2,34.45
596,35,49.84
596,228,33.55
597,1,23.06
598,176,54.35
598,70,63.79
599,1,3.45
599,31,2.98
600,472,6.54
600,1,7.79
601,3,10.24
602,197,29.08
603,18,13.00
604,1,35.08
604,5,33.68
605,24,61.30
606,2,52.68
606,388,60.78
607,75,26.82
607,23,21.53
608,1,33.41
608,5,22.99
608,6,36.51
608,7,35.30
608,22,25.12
609,18,69.00
609,22,63.84
610,2,45.88
610,3,40.14
611,1,28.78
612,1,1.69
612,60,1.74
613,2,4.16
614,1,11.50
614,276,12.93
614,9,13.29
614,7,16.44
615,4,15.38
616,8,55.90
616,1,48.96
617,230,13.01
618,11,26.68
619,1,13.41
619,2,12.35
619,3,14.42
619,6,17.06
620,20,3.35
620,5,4.77
621,60,88.28
622,90,12.30
622,13,12.64
623,1,20.14
623,158,19.50
624,41,14.32
624,11,12.14
625,196,46.23
625,7,71.46
626,1,33.90
626,3,28.13
627,6,42.45
628,1,4.98
629,1,20.85
629,11,20.69
629,7,21.09
630,15,16.48
631,5,42.12
631,7,48.54
632,1,22.45
632,2,18.03
632,14,30.12
632,49,29.36
632,183,18.76
633,8,38.16
633,236,48.57
633,14,50.02
633,27,44.82
633,30,51.32
634,1,9.83
634,4,11.63
635,163,57.80
635,5,41.67
636,220,51.93
636,4,60.98
636,438,60.01
637,1,31.96
637,21,28.69
638,9,39.74
639,5,5.32
639,15,4.92
640,2,42.30
640,301,55.58
641,1,31.76
641,3,26.89
642,93,8.85
643,5,27.43
644,1,26.16
644,316,25.05
644,21,30.19
644,31,29.28
645,1,29.62
645,3,27.47
645,396,24.29
645,5,20.64
646,3,25.74
646,4,17.72
647,8,50.33
647,33,58.40
647,6,45.89
648,31,10.15
649,19,10.12
650,248,6.66
650,211,6.75
651,2,80.84
651,4,77.55
652,1,95.96
652,6,134.31
652,45,117.12
652,49,145.44
652,317,121.57
653,192,108.72
653,1,125.31
653,3,109.55
653,5,116.34
653,123,126.72
654,121,5.49
655,123,9.31
656,1,8.14
657,76,6.32
658,2,12.57
658,21,10.81
659,20,51.01
660,3,31.64
661,1,15.22
661,74,13.02
661,22,14.27
661,15,16.52
662,1,24.56
663,20,10.91
663,6,10.34
663,22,8.49
664,2,5.64
664,3,7.32
665,1,38.43
665,246,46.07
666,2,35.25
667,42,58.29
668,3,85.47
668,20,116.45
668,4,71.27
669,2,26.78
669,5,23.58
669,11,22.65
669,13,19.53
670,1,22.22
670,2,16.27
671,1,11.47
671,2,9.89
671,3,9.69
671,5,7.43
671,337,7.13
672,1,16.89
672,2,13.19
672,4,13.09
672,5,16.45
672,24,17.26
673,113,10.91
674,42,3.51
674,51,4.48
675,5,35.72
676,1,48.98
676,84,77.58
676,189,56.61
677,7,54.09
678,9,5.60
678,46,5.22
678,247,7.04
679,32,39.10
679,1,48.69
680,29,31.87
680,15,33.08
681,8,8.75
682,2,16.43
682,53,12.66
682,109,12.25
683,2,16.22
684,237,8.53
685,89,24.72
685,6,28.48
686,7,120.82
687,240,26.74
688,1,37.52
688,14,35.41
688,17,44.62
689,194,61.77
689,2,69.56
689,86,93.06
690,55,57.20
691,1,55.34
691,3,57.45
691,6,52.51
692,387,32.03
692,4,26.42
692,105,35.02
692,117,36.90
692,55,26.19
693,2,31.72
694,16,13.96
694,212,17.08
695,16,59.37
696,1,29.95
696,3,23.42
697,8,12.68
697,25,13.23
698,1,23.38
698,6,19.02
699,2,62.64
699,179,40.16
700,1,28.46
700,3,28.20
701,1,19.71
702,33,73.78
703,2,3.80
703,5,5.14
704,1,20.44
704,3,21.46
705,1,18.50
706,4,42.83
707,1,3.19
708,1,8.35
709,11,23.87
710,94,6.98
710,7,8.78
711,4,10.18
712,1,33.99
713,1,11.91
713,26,13.55
713,47,16.52
713,7,18.38
714,131,11.18
714,46,14.32
715,1,12.07
715,212,10.12
716,1,18.89
716,2,19.07
716,3,17.32
716,4,24.72
717,23,29.25
718,184,14.48
719,28,23.40
719,182,22.50
720,1,47.80
720,414,35.04
721,5,16.39
722,1,41.04
723,1,28.86
724,67,8.61
724,38,7.22
725,5,32.66
726,256,2.87
726,1,2.66
726,2,2.84
726,4,1.86
727,42,5.62
727,7,6.15
728,78,49.60
729,70,3.62
729,15,3.39
730,9,5.66
730,138,6.83
730,3,7.72
731,1,11.54
731,3,9.34
732,282,27.42
732,71,20.32
733,272,13.63
733,3,19.30
734,19,29.26
735,15,57.29
736,8,7.58
736,147,11.06
737,16,41.23
737,203,37.77
737,38,33.42
738,112,31.15
739,104,34.39
739,202,49.55
739,2,49.74
740,8,33.41
740,1,31.57
740,4,23.61
740,71,24.22
741,10,37.15
742,4,31.57
742,6,22.04
743,241,11.26
743,11,15.28
744,3,65.10
745,83,55.63
746,5,5.82
747,248,20.20
748,1,18.30
748,74,14.97
748,38,20.31
749,3,17.86
749,36,21.78
750,6,28.91
751,62,14.23
751,1,11.01
751,253,13.48
751,6,14.13
752,11,87.68
752,13,76.23
752,294,97.59
752,7,69.62
753,1,23.97
753,2,16.96
753,229,18.14
754,28,2.28
755,15,28.09
756,16,4.22
756,33,2.87
756,182,3.30
756,6,3.19
757,1,15.47
758,84,12.29
759,4,42.96
760,2,88.73
760,18,59.14
761,1,24.32
761,2,20.32
762,1,39.05
762,2,39.74
762,3,28.68
763,123,12.85
763,63,16.39
764,3,10.17
764,6,11.49
765,7,36.57
766,3,35.07
766,185,37.99
766,19,38.52
766,52,39.32
767,3,19.66
768,1,21.67
769,1,4.76
769,58,3.13
769,5,5.09
770,117,3.94
771,1,33.46
772,87,3.91
773,10,3.49
773,5,3.20
774,20,5.47
775,1,25.15
775,3,31.74
775,36,23.21
775,6,30.06
775,26,22.00
776,1,52.25
777,1,9.27
777,117,10.79
778,1,24.03
778,11,20.29
779,17,3.87
779,3,3.96
780,1,4.29
780,2,4.11
780,79,3.65
781,8,3.24
781,10,3.24
782,1,37.73
782,67,32.12
782,485,37.04
783,4,21.02
784,17,17.45
784,275,22.94
785,1,30.86
786,19,22.17
786,6,14.45
787,1,24.02
788,1,103.93
789,2,48.52
789,10,55.72
790,1,92.78
791,33,37.45
791,34,38.58
791,22,28.12
791,24,28.45
791,159,27.15
792,1,3.85
792,10,3.36
792,154,3.58
793,1,28.10
793,10,20.94
793,115,25.46
793,380,26.59
794,2,32.09
794,3,47.83
795,168,19.25
795,9,17.07
795,4,15.06
796,4,4.30
797,4,21.16
798,185,82.28
799,1,16.19
799,13,16.02
800,1,27.25
800,2,20.58
800,197,22.50
801,1,5.00
801,2,6.03
801,37,6.53
801,44,5.39
801,31,4.47
802,1,122.65
802,2,78.03
803,1,14.02
803,3,15.33
803,5,19.76
803,199,13.77
803,445,20.56
804,1,10.88
805,2,24.38
805,5,24.57
806,8,6.54
807,3,4.12
808,1,24.50
808,2,33.90
808,14,33.28
808,18,34.88
808,93,33.22
809,1,15.37
809,5,16.22
810,40,20.35
810,9,12.16
811,369,129.75
811,3,122.95
811,4,129.71
811,5,120.32
812,51,21.96
812,5,25.32
812,478,33.26
813,32,7.30
813,106,7.06
813,27,5.44
813,52,5.27
814,281,41.98
815,2,14.54
816,1,13.86
816,2,17.20
816,21,17.42
817,26,12.48
817,14,14.94
818,216,7.49
818,26,10.87
819,4,61.62
820,12,75.68
821,1,24.23
821,3,16.05
821,5,24.63
822,500,29.88
823,1,13.12
824,24,35.83
824,1,45.91
824,7,33.81
824,79,41.84
825,4,27.43
826,3,21.58
827,1,31.25
828,1,12.60
828,4,15.06
829,134,9.22
829,1,12.45
829,3,10.66
829,6,9.99
830,24,41.46
830,208,47.39
831,2,79.22
831,4,68.16
832,52,34.27
833,3,11.55
834,1,35.90
834,2,38.33
834,346,38.39
835,1,47.66
835,2,47.74
835,79,28.85
835,39,47.63
836,18,19.50
836,108,20.83
837,51,11.30
838,80,13.23
838,3,13.37
839,1,22.82
839,38,26.66
840,392,37.82
840,154,50.13
840,13,36.07
841,1,43.04
841,2,62.58
842,9,33.15
842,4,37.24
843,11,37.87
844,3,26.97
844,44,19.51
844,38,27.59
844,15,24.40
845,1,7.22
846,1,18.33
846,4,15.38
846,6,13.22
846,10,17.90
846,218,20.23
847,26,40.82
847,379,34.06
847,5,33.97
848,1,7.40
848,3,10.16
848,4,9.88
848,48,11.27
848,251,11.77
849,11,31.01
849,89,37.25
849,19,34.03
850,1,19.50
850,20,14.16
851,2,7.83
851,3,8.23
851,4,7.15
852,246,53.82
853,8,45.28
853,1,46.64
853,90,32.43
854,2,21.19
855,92,25.03
856,9,3.02
856,335,2.44
857,2,18.93
857,23,17.94
857,7,24.60
858,1,11.54
859,5,7.52
860,1,47.01
860,5,45.33
860,11,32.01
860,15,43.04
860,311,51.19
861,72,70.49
861,1,57.32
861,6,70.34
862,1,8.35
863,1,17.78
863,41,18.66
864,1,9.09
865,3,51.09
865,5,46.77
866,24,5.02
866,1,4.94
866,29,4.26
867,24,30.76
867,1,20.44
868,1,19.87
869,2,11.40
869,3,17.08
869,4,17.47
869,16,17.20
869,85,10.74
870,3,14.02
870,22,20.94
871,1,11.86
871,2,16.46
871,29,18.65
871,23,12.26
872,1,115.80
872,43,124.97
873,28,30.89
874,32,7.87
875,9,30.41
875,267,37.81
876,1,139.31
876,2,156.06
876,105,134.14
876,17,121.26
876,403,136.08
877,54,76.07
877,6,62.15
878,19,31.26
879,50,16.02
880,9,16.81
880,62,14.61
881,2,95.86
881,3,84.66
882,16,6.23
882,51,6.63
882,29,4.91
883,25,21.54
883,3,24.82
883,211,25.53
884,8,7.94
885,208,15.58
885,84,16.31
886,33,14.25
886,20,23.61
886,9,23.15
886,23,16.35
887,2,10.16
887,3,13.65
888,2,10.53
888,7,10.03
889,32,14.12
889,3,15.91
889,10,17.59
889,117,19.38
889,24,22.07
890,4,70.45
891,3,41.26
892,1,27.68
893,54,33.45
893,6,31.60
894,1,13.78
894,2,13.51
894,29,11.16
895,89,8.52
895,1,5.28
895,3,6.59
896,2,14.18
896,3,12.68
896,12,12.05
896,14,12.91
897,1,12.23
897,2,12.33
897,4,10.20
897,8,10.45
897,24,13.48
898,15,10.12
898,487,12.04
899,275,6.31
899,6,6.32
900,222,4.96
900,407,5.01
901,18,13.11
901,4,10.56
901,165,15.75
902,2,20.27
903,1,20.66
903,2,22.13
903,18,26.02
904,1,13.98
904,59,17.23
905,19,88.87
905,7,105.65
906,10,8.09
906,29,8.98
907,28,15.01
907,207,17.12
908,35,7.44
909,1,12.88
909,2,10.95
910,82,14.97
911,1,7.54
911,10,11.16
911,68,6.92
911,33,10.54
912,1,19.32
912,29,20.86
913,3,79.86
914,8,55.17
914,1,67.58
915,3,13.12
915,13,12.21
916,2,18.25
916,60,18.71
916,130,15.25
917,380,19.90
918,1,22.40
918,75,27.74
919,4,93.65
919,286,84.99
920,1,15.46
920,4,9.48
920,36,12.26
920,47,11.35
920,156,9.54
921,3,43.42
922,2,76.72
922,11,95.27
923,84,253.25
923,63,187.06
924,1,9.94
925,17,4.23
926,81,4.79
927,1,28.73
927,21,34.56
928,129,15.99
929,84,12.76
929,6,15.00
930,1,18.78
930,38,25.17
930,7,21.38
931,1,1.71
931,2,2.55
931,431,1.80
932,1,27.07
932,43,36.19
933,1,11.55
933,9,10.78
933,373,8.85
933,378,12.72
933,124,13.98
934,1,2.41
934,7,2.51
935,1,9.35
936,126,18.72
937,7,100.08
938,8,32.61
938,2,35.68
939,2,24.10
940,13,7.27
941,1,5.28
941,2,3.18
942,2,24.73
942,6,22.17
943,1,12.88
944,1,108.74
944,162,77.37
945,22,9.69
945,143,8.89
946,1,12.92
947,1,78.49
947,2,72.43
947,3,52.20
948,1,28.19
948,94,46.66
949,1,26.35
949,4,16.76
950,1,9.28
950,33,12.38
950,79,8.59
951,1,11.56
951,4,11.93
952,63,34.75
953,3,21.99
953,11,31.93
953,6,29.88
953,71,31.19
954,3,5.51
955,1,38.54
955,18,37.51
956,1,20.92
956,2,23.70
956,33,28.56
956,7,23.16
956,299,28.46
957,10,37.58
957,156,37.87
958,1,28.28
958,139,39.55
959,46,19.95
960,1,52.72
961,51,69.72
962,92,42.94
962,13,33.62
962,6,40.78
963,31,31.98
964,1,12.03
964,84,9.73
964,6,12.31
965,7,2.58
966,1,65.64
966,2,58.13
967,4,63.41
968,81,17.57
968,7,17.18
969,1,18.03
969,3,17.23
969,4,18.53
969,168,13.88
969,20,12.22
970,1,14.21
970,2,17.32
970,22,15.03
971,1,5.35
971,2,7.68
971,3,6.27
971,6,8.11
971,27,7.64
972,1,2.43
972,5,2.59
972,6,2.45
972,81,3.77
972,183,3.95
973,9,64.52
973,146,60.51
974,48,22.82
974,68,25.28
975,130,48.83
976,6,23.39
977,27,8.69
977,109,12.45
978,1,6.08
978,2,4.98
979,10,16.61
979,3,15.32
980,49,29.39
981,46,5.49
982,2,16.66
983,88,33.47
984,1,26.88
985,1,27.19
985,2,33.53
986,46,5.13
987,43,15.65
988,100,5.31
989,1,15.76
989,2,14.42
989,12,11.60
990,195,6.18
991,1,13.23
991,2,16.04
991,3,15.60
991,43,13.95
992,1,22.12
992,5,28.46
993,186,31.11
993,13,34.34
994,1,52.10
995,14,27.60
996,1,65.52
997,17,32.84
998,4,31.85
999,274,26.36
999,3,17.30
1000,1,13.41
1000,131,15.13
1000,3,12.37
1000,11,10.05
1000,21,11.61
1001,128,22.84
1001,2,26.67
1001,4,23.57
1001,228,22.04
1001,21,20.65
1002,367,20.45
1003,200,38.61
1003,6,34.31
1004,6,19.83
1005,32,37.22
1005,1,28.64
1005,2,24.67
1005,5,24.74
1005,14,37.79
1006,2,12.77
1007,17,59.94
1008,1,28.84
1009,206,35.91
1010,1,6.35
1011,1,13.30
1011,243,15.31
1011,7,15.48
1012,1,3.95
1012,33,5.41
1012,108,5.30
1012,58,4.44
1012,31,5.24
1013,1,10.27
1014,25,13.67
1014,1,11.44
1015,9,12.76
1016,41,53.63
1017,1,7.02
1017,4,6.94
1018,67,10.30
1019,29,87.78
1020,80,9.78
1020,2,10.11
1021,1,35.58
1021,2,29.39
1021,47,30.73
1022,1,10.82
1022,36,8.63
1023,3,109.79
1023,484,97.46
1023,205,99.72
1023,327,125.43
1024,9,34.02
1024,2,37.82
1025,1,329.27
1025,7,318.51
1026,3,22.94
1026,12,17.85
1027,1,19.44
1027,79,19.91
1028,2,15.19
1029,107,22.10
1030,10,4.90
1030,28,4.16
1031,1,15.29
1032,200,41.76
1032,35,35.49
1032,411,28.74
1032,63,32.63
1033,192,92.95
1033,1,66.36
1033,64,73.58
1033,134,94.41
1033,48,81.78
1034,419,12.33
1034,4,13.68
1035,77,9.96
1035,389,8.70
1036,17,27.48
1036,19,39.42
1037,9,9.67
1038,17,18.50
1038,14,21.68
1039,10,23.56
1040,296,93.28
1041,1,9.60
1041,34,14.19
1041,2,11.19
1042,12,41.73
1043,218,12.96
1043,47,8.98
1044,260,22.45
1044,23,16.63
1045,1,183.34
1045,2,196.40
1046,4,38.02
1047,169,17.88
1047,37,18.71
1048,233,26.69
1048,4,25.21
1049,1,4.65
1050,1,102.31
1051,45,27.60
1052,14,146.74
1053,1,19.34
1053,37,21.26
1054,1,9.48
1054,34,11.56
1054,4,11.18
1054,47,12.43
1054,24,12.42
1055,3,9.88
1055,8,13.50
1055,361,10.81
1055,16,14.36
1055,24,11.72
1056,1,13.14
1056,2,12.02
1056,71,14.64
1056,9,14.37
1056,46,11.85
1057,1,18.54
1057,129,13.17
1057,3,14.43
1057,8,14.86
1057,89,15.32
1058,2,18.77
1059,74,31.04
1059,214,32.21
1060,1,82.87
1060,4,66.51
1060,21,90.64
1061,1,11.56
1061,35,10.09
1061,132,7.83
1062,2,3.76
1062,181,4.47
1063,44,7.80
1064,2,7.37
1065,1,7.54
1065,2,5.53
1066,1,98.40
1066,10,91.58
1066,361,95.22
1067,370,35.05
1067,99,34.10
1068,1,41.35
1068,5,50.58
1069,13,6.78
1070,26,10.44
1070,147,9.53
1070,341,10.60
1071,1,32.66
1072,8,24.23
1073,4,21.47
1073,479,26.08
1074,9,4.13
1075,1,27.48
1075,13,22.98
1075,118,18.27
1076,104,19.82
1076,1,18.27
1076,4,24.38
1076,36,25.16
1077,146,10.48
1078,1,22.02
1078,43,16.49
1079,1,4.15
1079,50,4.82
1079,5,3.69
1080,3,28.06
1081,4,21.47
1081,10,21.67
1081,80,24.09
1081,248,21.98
1081,351,17.63
1082,272,10.97
1082,1,13.11
1082,11,13.15
1082,4,8.77
1083,4,25.89
1084,268,15.21
1085,28,12.23
1086,42,19.57
1087,1,10.17
1087,2,12.79
1087,13,9.46
1087,70,10.81
1088,1,89.16
1089,405,10.57
1090,2,28.58
1090,3,22.50
1091,83,23.70
1092,5,25.39
1092,6,21.41
1093,3,18.11
1094,1,8.81
1095,3,5.75
1096,2,13.95
1097,289,17.36
1097,2,18.24
1097,1,21.57
1097,7,21.16
1097,108,17.51
1098,1,32.82
1098,12,35.02
1099,26,12.29
1100,1,24.24
1100,11,34.69
1100,13,38.67
1101,1,67.68
1101,6,56.40
1102,1,5.66
1103,2,22.60
1103,20,35.27
1103,28,26.89
1104,1,18.94
1105,1,35.88
1105,3,38.66
1106,51,16.34
1107,1,11.87
1107,2,10.61
1108,34,9.03
1109,165,24.14
1110,129,128.25
1110,92,100.40
1111,1,24.54
1112,1,24.27
1113,1,39.90
1113,101,35.33
1113,143,32.75
1114,15,31.52
1115,4,25.04
1115,6,15.76
1116,9,54.60
1116,3,65.26
1116,1,79.06
1117,19,8.61
1117,9,10.45
1117,3,10.66
1118,2,29.13
1119,48,18.97
1120,6,50.79
1121,16,8.12
1121,108,11.04
1122,1,2.41
1122,82,2.51
1123,25,12.34
1124,1,7.42
1125,1,8.64
1125,18,9.30
1126,66,2.85
1127,5,19.49
1127,71,24.23
1128,2,22.63
1129,1,26.44
1129,2,22.61
1129,6,21.47
1129,22,19.58
1130,1,18.38
1131,56,26.91
1131,2,17.63
1131,3,21.58
1131,36,24.68
1132,3,75.69
1132,86,73.10
1133,1,7.81
1133,2,6.13
1133,3,6.35
1133,39,7.30
1133,82,7.53
1134,1,13.27
1135,1,14.46
1135,15,14.46
1136,1,78.74
1136,6,67.88
1136,12,110.47
1136,173,67.51
1136,20,78.38
1137,8,15.07
1137,1,20.28
1138,1,25.72
1138,36,27.37
1138,4,29.11
1138,134,23.50
1138,76,23.63
1139,9,7.54
1140,178,58.19
1140,31,39.67
1141,1,3.84
1141,74,3.29
1141,4,3.33
1142,35,24.64
1142,5,25.72
1143,1,27.87
1144,1,10.18
1145,15,76.41
1146,23,10.12
1147,1,16.69
1147,3,14.80
1147,172,19.45
1148,2,23.72
1148,7,17.37
1149,1,5.84
1149,2,6.55
1149,12,7.27
1149,238,5.82
1149,440,7.14
1150,1,4.63
1150,2,3.82
1151,13,49.34
1152,9,14.88
1152,2,16.85
1152,204,15.98
1152,241,14.43
1153,40,78.66
1153,1,61.28
1153,2,56.58
1153,3,79.57
1154,1,11.63
1154,197,9.22
1155,3,10.98
1155,38,7.82
1156,8,7.64
1157,116,7.83
1157,1,8.96
1157,67,9.57
1157,4,8.30
1158,1,10.42
1158,245,10.10
1159,121,6.72
1159,2,7.76
1159,4,6.54
1160,12,124.92
1161,1,15.71
1161,7,14.44
1161,43,13.64
1161,12,15.99
1161,17,13.38
1162,3,9.39
1163,1,11.97
1163,30,11.30
1164,1,3.88
1165,49,7.56
1165,31,8.81
1166,1,44.13
1166,285,44.10
1166,78,62.63
1167,2,8.11
1167,22,6.71
1168,5,10.44
1169,3,18.16
1170,4,24.19
1171,6,49.34
1171,7,65.92
1172,295,6.18
1172,9,8.25
1172,430,9.16
1172,120,9.45
1172,346,9.63
1173,346,4.26
1174,1,63.75
1174,163,56.51
1175,13,127.90
1176,45,21.13
1177,1,14.13
1177,3,16.10
1178,2,122.99
1178,4,96.69
1179,1,4.98
1179,287,5.47
1180,3,18.22
1181,1,5.97
1182,4,16.86
1183,4,32.74
1183,5,35.66
1184,85,27.84
1184,71,39.66
1184,15,24.43
1185,1,4.54
1186,107,14.55
1186,22,12.45
1187,111,5.03
1188,9,59.27
1188,1,54.05
1188,239,53.91
1189,1,8.89
1189,2,13.11
1189,47,9.30
1190,1,11.10
1190,86,12.02
1191,10,104.05
1192,1,8.80
1192,37,8.21
1192,7,11.19
1192,10,11.06
1192,379,8.49
1193,1,12.30
1193,2,15.50
1194,10,35.95
1195,3,28.10
1195,4,28.13
1195,9,22.89
1195,10,24.59
1195,22,22.43
1196,1,15.79
1196,426,15.08
1197,9,18.48
1197,157,16.54
1198,1,11.03
1199,1,12.22
1200,1,6.53
1201,8,24.27
1202,2,29.44
1202,11,28.65
1203,24,18.16
1203,2,23.49
1203,35,28.19
1203,6,21.24
1204,11,29.17
1205,348,49.45
1206,1,27.07
1206,3,33.77
1206,19,31.34
1206,23,26.91
1206,26,25.47
1207,3,11.16
1207,6,10.69
1207,23,10.53
1208,1,33.22
1208,99,37.76
1208,4,46.48
1209,1,36.93
1209,4,52.14
1210,245,15.12
1210,6,10.48
1211,458,11.90
1211,2,11.84
1211,17,10.06
1212,12,36.69
1212,14,31.22
1213,4,26.80
1214,45,93.06
1214,14,81.58
1215,51,1.33
1216,11,9.76
1216,60,7.90
1217,1,17.97
1217,2,17.80
1218,2,40.80
1218,5,35.06
1219,2,11.73
1219,172,12.29
1219,79,10.72
1219,81,9.46
1219,433,10.66
1220,1,69.79
1220,50,50.55
1220,252,71.45
1220,27,68.67
1220,220,49.05
1221,85,55.76
1222,349,21.78
1223,1,15.91
1223,164,19.22
1224,1,65.80
1224,58,63.13
1224,361,86.46
1225,1,4.93
1225,112,5.28
1225,50,6.12
1225,245,6.15
1225,95,5.79
1226,24,26.99
1226,81,32.63
1227,225,46.17
1228,118,16.88
1229,1,52.67
1230,1,8.88
1230,2,8.38
1230,6,6.27
1230,168,9.56
1230,61,7.36
1231,1,53.29
1232,1,60.94
1232,2,51.07
1232,71,48.98
1233,1,17.00
1233,2,17.55
1234,64,6.01
1234,300,7.28
1235,3,56.86
1235,20,40.10
1235,6,53.15
1236,2,45.61
1236,3,40.52
1236,52,59.98
1237,1,63.59
1237,31,46.97
1238,11,17.46
1239,1,8.59
1239,167,8.69
1239,178,7.07
1239,20,6.43
1239,310,8.51
1240,21,21.83
1241,26,5.45
1242,2,7.13
1242,15,7.65
1243,79,2.84
1244,1,12.00
1244,49,15.03
1245,131,54.70
1246,8,19.83
1246,1,28.26
1246,116,21.68
1246,37,19.48
1247,1,11.00
1248,9,110.36
1248,2,123.44
1249,17,23.74
1250,9,8.10
1251,2,14.79
1251,103,12.00
1251,7,12.20
1252,3,82.64
1252,4,78.70
1253,16,27.26
1253,25,27.95
1253,11,28.20
1253,1,34.84
1254,1,39.36
1254,2,33.23
1255,74,7.87
1255,19,6.46
1255,12,8.07
1256,1,20.78
1256,34,27.12
1256,38,17.76
1256,7,20.13
1256,23,26.21
1257,1,9.46
1257,11,9.03
1257,430,8.62
1258,6,9.53
1259,1,28.59
1259,7,32.50
1260,4,11.69
1261,7,11.92
1262,17,35.17
1262,1,36.18
1263,160,29.13
1264,306,13.65
1264,100,9.55
1265,1,6.29
1266,8,17.15
1266,158,16.61
1266,30,25.73
1267,244,14.71
1267,30,15.60
1268,25,15.37
1268,34,11.98
1269,144,11.12
1269,7,9.68
1270,5,21.99
1271,19,6.23
1271,78,7.70
1272,66,20.97
1273,3,1.93
1273,6,2.21
1273,15,2.65
1273,122,2.60
1273,31,2.44
1274,1,51.90
1274,194,47.93
1274,3,39.37
1274,4,62.05
1274,6,40.61
1275,72,39.41
1276,68,46.40
1276,94,38.74
1277,2,99.89
1278,169,55.90
1278,290,82.08
1278,4,76.08
1279,2,13.62
1279,31,12.89
1280,57,11.75
1280,20,8.44
1280,6,12.95
1281,1,10.03
1281,2,11.20
1281,3,12.17
1281,6,11.08
1281,15,16.06
1282,40,50.64
1282,1,33.00
1283,8,11.71
1284,1,16.72
1285,2,11.17
1286,2,22.91
1286,3,30.50
1287,44,33.14
1288,27,24.49
1289,1,13.85
1289,2,13.63
1289,14,17.88
1290,3,6.01
1290,100,4.59
1291,1,212.48
1291,2,169.82
1292,275,4.36
1292,12,6.26
1292,439,6.79
1293,1,18.72
1293,11,16.98
1293,4,17.30
1293,383,16.56
1294,136,14.71
1294,50,16.88
1294,44,13.85
1295,1,112.20
1295,50,110.21
1295,11,113.92
1296,1,16.38
1296,34,25.90
1296,9,20.58
1297,1,13.30
1297,2,13.29
1298,1,41.72
1299,22,39.51
1299,30,26.94
1300,44,77.61
1301,100,5.90
1301,12,5.62
1302,1,55.24
1303,50,21.36
1304,2,6.23
1304,100,5.89
1305,4,12.07
1306,23,11.07
1306,63,11.80
1307,108,66.27
1308,10,20.57
1309,1,19.76
1309,279,18.40
1310,24,10.94
1311,1,9.84
1311,6,14.23
1312,2,15.54
1312,45,17.15
1313,2,16.91
1314,2,8.95
1315,12,39.91
1316,1,16.33
1317,27,4.47
1318,1,7.69
1318,2,7.49
1318,4,7.65
1318,5,6.05
1318,104,5.60
1319,1,9.48
1319,2,13.46
1319,5,13.95
1320,1,17.38
1320,3,15.83
1321,60,23.46
1321,5,20.98
1322,20,12.72
1323,32,6.19
1323,102,5.54
1324,12,29.42
1324,5,38.28
1325,1,17.54
1325,2,16.87
1325,70,14.05
1325,8,19.24
1325,41,16.91
1326,1,41.95
1326,2,39.57
1326,58,36.97
1326,86,30.98
1327,3,9.95
1328,19,25.03
1328,5,26.40
1329,1,13.39
1330,1,3.24
1330,2,2.72
1331,10,12.11
1332,1,36.39
1332,2,42.52
1333,1,3.12
1333,44,2.22
1333,7,3.54
1334,1,4.74
1335,46,28.49
1336,4,4.49
1337,1,19.65
1337,2,25.15
1338,4,14.87
1338,77,17.91
1339,9,6.03
1340,1,16.42
1340,2,11.77
1341,1,4.79
1342,1,14.18
1342,14,12.79
1343,87,38.68
1344,152,31.07
1344,1,23.81
1345,1,20.80
1345,265,21.23
1346,1,37.67
1346,33,33.36
1346,4,31.57
1346,5,42.19
1346,11,32.14
1347,17,22.94
1347,2,19.54
1347,451,14.64
1347,31,19.63
1348,8,58.74
1348,6,62.83
1349,1,26.69
1349,2,28.52
1349,28,25.67
1350,2,108.15
1351,1,1.66
1351,3,1.93
1351,67,1.66
1351,100,1.53
1351,137,1.49
1352,1,17.42
1352,140,16.53
1352,87,14.85
1352,379,10.94
1352,30,14.29
1353,9,7.14
1353,124,7.87
1354,96,111.34
1354,121,131.56
1354,304,81.32
1355,8,49.41
1355,27,60.36
1356,3,35.24
1356,7,34.23
1357,55,23.90
1358,3,9.58
1359,1,18.83
1359,2,19.56
1359,112,16.16
1359,27,21.32
1359,29,20.82
1360,1,25.93
1361,1,48.96
1361,19,45.43
1362,1,39.23
1362,34,37.68
1363,1,42.37
1364,4,28.12
1365,90,84.83
1365,60,69.31
1365,34,62.76
1366,1,40.08
1366,2,62.66
1367,2,7.07
1367,12,8.77
1367,47,10.13
1367,52,8.06
1367,55,8.89
1368,1,7.04
1368,9,6.43
1369,2,33.02
1369,23,35.72
1370,10,31.38
1371,12,68.26
1372,1,8.93
1372,3,8.71
1373,1,11.31
1374,1,12.63
1374,3,13.81
1374,5,9.85
1375,4,18.56
1376,9,19.98
1377,202,91.33
1377,2,68.12
1378,1,9.95
1378,212,13.69
1379,141,28.97
1380,10,20.40
1380,3,16.23
1380,37,16.22
1381,2,11.74
1381,60,12.71
1382,1,11.96
1382,3,10.37
1382,17,10.07
1383,9,72.93
1383,6,45.12
1384,71,35.78
1385,1,18.41
1386,5,8.50
1386,103,10.90
1387,1,7.54
1387,2,7.32
1387,17,5.52
1387,309,4.76
1387,87,5.17
1388,8,41.18
1388,3,37.63
1388,4,54.89
1389,1,36.23
1389,28,53.23
1390,4,39.60
1390,7,34.15
1390,8,33.48
1390,12,35.86
1390,77,46.96
1391,1,39.42
1391,12,34.50
1392,1,54.15
1393,184,24.93
1393,2,21.56
1393,3,21.51
1393,29,25.36
1394,162,6.80
1394,4,6.08
1395,1,28.47
1395,2,37.92
1395,33,36.37
1395,4,28.83
1395,148,40.15
1396,1,20.02
1396,13,12.60
1397,1,53.96
1397,50,81.00
1397,2,66.11
1398,1,43.77
1398,2,38.85
1398,3,36.67
1398,36,37.73
1398,8,34.67
1399,1,82.07
1399,6,62.67
1399,7,88.96
1400,5,20.09
1401,1,19.23
1401,5,23.91
1402,1,5.76
1402,11,5.80
1402,35,4.15
1403,1,23.51
1403,10,20.72
1403,22,27.24
1404,26,14.05
1404,356,13.72
1405,401,16.56
1405,10,25.28
1406,1,4.68
1406,113,4.47
1407,22,16.51
1408,3,19.21
1408,7,15.78
1409,98,7.15
1409,5,5.66
1410,77,11.56
1411,25,26.42
1411,3,32.53
1411,62,25.07
1411,6,24.80
1412,1,21.98
1412,5,19.91
1413,17,20.02
1414,1,13.78
1414,4,12.29
1414,5,16.87
1414,478,14.20
1415,98,31.11
1415,3,33.64
1416,1,14.48
1417,1,13.67
1417,34,10.74
1418,1,75.10
1418,5,76.64
1419,1,18.86
1419,3,13.99
1419,11,17.71
1419,43,14.64
1419,20,17.66
1420,258,12.91
1420,7,12.60
1421,2,11.95
1422,1,2.88
1423,32,11.79
1423,2,13.22
1424,16,12.14
1424,6,16.74
1424,230,14.76
1425,5,4.96
1425,14,4.64
1426,1,20.97
1427,7,55.25
1428,21,18.32
1429,1,39.00
1429,2,58.02
1429,35,47.71
1429,3,40.73
1429,40,57.34
1430,1,13.26
1430,13,19.01
1431,1,4.18
1431,267,3.85
1431,13,3.28
1432,48,18.30
1432,1,26.28
1432,27,19.69
1433,1,17.77
1433,273,19.58
1434,2,22.82
1435,16,6.86
1435,60,5.97
1435,143,5.48
1436,11,56.08
1437,24,10.25
1437,6,14.72
1438,7,48.04
1439,1,17.30
1439,12,13.67
1440,1,6.22
1440,18,5.31
1441,2,18.07
1441,13,13.49
1442,9,9.64
1442,1,12.35
1442,71,11.58
1443,3,7.56
1444,1,5.49
1444,12,5.88
1445,1,21.12
1445,10,17.75
1446,1,50.76
1447,3,3.17
1447,5,3.96
1448,2,119.98
1449,1,44.67
1449,5,35.24
1449,13,40.88
1450,1,8.47
1450,2,7.83
1450,11,6.46
1451,1,106.76
1452,1,16.41
1453,1,5.27
1454,1,34.39
1454,2,28.40
1454,5,39.93
1454,17,34.06
1454,158,35.27
1455,89,1.56
1455,20,1.97
1456,2,8.01
1456,7,12.10
1456,15,12.62
1457,2,10.37
1458,2,20.51
1458,7,17.32
1458,95,23.18
1459,1,14.76
1459,10,13.40
1460,6,22.77
1461,7,6.70
1462,1,118.01
1462,268,88.32
1463,88,15.35
1463,11,20.11
1464,2,28.53
1464,12,31.99
1465,10,46.72
1466,8,59.35
1466,2,70.12
1466,11,75.26
1467,90,5.40
1467,3,5.34
1468,1,19.96
1468,11,20.48
1469,16,26.01
1469,2,18.08
1470,1,21.63
1470,7,29.17
1471,1,17.12
1471,15,24.93
1472,8,51.00
1472,110,44.08
1472,3,52.49
1472,46,61.91
1473,1,26.01
1473,3,26.50
1473,39,23.60
1473,73,29.15
1473,22,35.00
1474,65,9.01
1474,58,8.79
1475,120,86.20
1475,44,76.72
1476,3,49.27
1477,1,24.79
1477,6,25.18
1478,1,11.23
1479,9,19.98
1479,6,25.61
1480,1,16.80
1480,103,15.32
1481,1,3.38
1481,7,2.12
1482,3,22.16
1483,128,38.42
1484,1,9.40
1485,8,12.41
1486,1,1.49
1486,7,1.31
1487,1,48.81
1487,2,63.02
1487,404,50.18
1487,37,45.77
1488,6,22.74
1489,1,10.38
1489,13,9.44
1490,1,9.91
1491,18,10.80
1491,11,7.98
1492,18,56.06
1492,12,52.91
1493,3,42.38
1494,1,15.28
1494,3,16.90
1494,7,15.48
1494,76,12.70
1494,469,16.89
1495,1,22.81
1495,15,19.88
1496,16,6.52
1496,1,7.02
1496,3,8.28
1497,1,30.99
1498,1,120.77
1499,93,2.18
1499,293,1.81
1500,2,17.00
1500,11,11.46
1501,2,47.10
1502,27,24.35
1503,8,9.86
1504,1,28.60
1504,5,27.17
1504,198,21.97
1505,49,17.84
1506,1,22.97
1506,2,19.80
1507,4,15.03
1508,1,6.17
1508,2,8.84
1508,41,8.26
1508,499,7.17
1508,24,8.66
1509,15,40.94
1510,84,55.97
1511,17,21.10
1511,2,25.64
1511,4,23.60
1511,14,19.32
1512,1,22.45
1512,196,28.96
1512,245,31.63
1513,3,33.39
1514,66,15.56
1515,3,49.26
1516,1,14.54
1517,35,10.34
1517,279,6.83
1518,1,24.00
1518,2,23.27
1519,1,9.78
1519,2,8.76
1519,69,9.24
1519,142,11.43
1519,272,7.67
1520,426,3.91
1520,3,3.80
1521,9,7.94
1521,2,6.77
1522,5,18.93
1522,102,18.88
1523,2,13.40
1523,21,14.52
1524,9,13.76
1525,57,21.25
1526,1,8.48
1526,6,5.93
1526,49,8.14
1527,9,8.23
1527,46,5.56
1528,29,22.72
1529,2,7.55
1530,2,154.71
1530,4,106.44
1530,101,112.71
1531,21,63.64
1531,15,58.49
1532,1,19.95
1532,27,17.16
1533,9,8.31
1533,29,10.69
1534,121,52.81
1534,11,70.56
1534,21,55.22
1534,143,59.18
1535,71,9.23
1536,1,18.03
1537,1,8.98
1538,7,64.78
1539,74,8.29
1539,15,6.06
1540,1,43.86
1540,10,41.37
1541,3,66.86
1542,12,15.76
1542,22,14.49
1543,13,3.89
1544,1,17.36
1544,2,16.17
1544,5,17.98
1544,15,15.19
1545,20,18.33
1546,6,28.79
1547,69,1.99
1547,45,2.17
1548,1,215.94
1549,1,33.46
1549,74,25.69
1550,1,34.76
1551,1,14.80
1551,2,18.82
1551,15,19.54
1551,41,21.15
1552,74,13.08
1553,2,61.30
1553,68,69.35
1554,56,112.55
1554,1,142.63
1555,5,46.26
1556,19,20.52
1556,12,22.18
1557,1,29.03
1557,74,24.47
1558,11,12.75
1559,2,7.85
1560,1,19.97
1561,12,9.43
1562,1,15.41
1563,1,30.82
1563,2,22.63
1564,2,11.78
1565,1,31.02
1566,1,49.64
1566,7,45.11
1567,56,22.95
1567,2,17.06
1567,12,22.96
1568,35,23.44
1568,2,26.42
1568,291,27.08
1569,16,38.34
1569,417,46.13
1569,2,40.29
1569,1,29.84
1570,6,32.77
1571,1,27.69
1571,2,24.46
1571,7,26.99
1571,9,28.41
1571,13,18.52
1572,449,26.36
1572,50,26.17
1573,9,17.45
1573,2,15.88
1574,1,40.66
1574,2,56.33
1574,53,40.02
1574,5,43.10
1575,364,146.79
1576,137,8.07
1576,2,7.53
1576,7,8.39
1577,3,10.25
1577,39,11.01
1578,108,12.57
1579,220,17.46
1580,12,4.67
1580,7,4.36
1580,15,4.96
1581,1,33.09
1581,2,29.10
1582,56,40.22
1582,161,29.32
1583,275,2.08
1584,10,11.39
1584,3,16.29
1584,7,14.73
1584,15,10.83
1585,99,7.94
1585,125,11.32
1586,1,11.30
1587,29,27.77
1587,6,32.39
1588,55,15.65
1589,2,29.37
1590,189,14.35
1591,1,43.03
1591,2,35.97
1591,5,34.18
1592,1,7.15
1592,252,6.40
1593,1,127.19
1593,3,113.33
1593,101,91.23
1593,8,102.10
1593,475,81.89
1594,9,29.57
1594,1,25.28
1594,14,18.83
1595,2,10.01
1595,7,11.15
1596,1,14.10
1596,18,14.46
1596,4,15.89
1597,2,14.29
1597,117,12.97
1598,1,59.56
1598,4,73.30
1599,42,23.11
1599,30,23.61
1600,8,10.62
1600,1,8.37
1600,3,9.37
1601,1,14.77
1601,3,12.39
1602,45,16.81
1603,21,10.62
1603,6,10.67
1604,33,11.91
1604,235,12.64
1604,4,15.65
1604,13,13.15
1605,1,69.12
1606,33,15.21
1607,2,16.14
1607,78,16.55
1608,1,5.97
1608,3,6.27
1609,2,38.72
1610,117,34.31
1611,40,1.67
1611,10,2.00
1612,3,11.81
1613,169,16.18
1614,1,10.45
1614,2,10.29
1615,2,187.20
1615,107,180.91
1616,16,25.32
1616,1,29.47
1617,1,21.08
1618,113,16.11
1618,1,18.84
1619,53,6.71
1620,1,8.78
1621,120,17.14
1621,2,18.79
1622,1,11.90
1622,2,14.81
1622,259,11.42
1622,122,14.68
1623,2,29.85
1623,11,38.08
1624,2,110.81
1625,1,12.21
1626,11,25.98
1627,211,47.55
1627,45,31.08
1628,1,18.75
1628,4,17.22
1629,17,15.05
1629,3,17.23
1630,1,17.36
1630,5,14.24
1631,1,12.46
1631,2,10.06
1632,2,23.86
1633,7,7.46
1634,249,26.15
1635,4,5.63
1636,55,32.75
1637,1,12.40
1637,7,17.62
1638,1,3.39
1638,2,3.08
1638,34,2.79
1638,5,2.37
1638,55,2.12
1639,23,15.89
1640,26,14.58
1640,3,11.25
1640,20,15.01
1640,13,16.50
1641,1,32.14
1641,406,26.16
1642,3,9.84
1642,4,10.07
1642,38,7.57
1642,84,9.11
1642,216,9.05
1643,1,23.89
1643,10,21.40
1644,97,8.81
1645,1,4.27
1645,4,4.93
1645,69,4.63
1645,16,5.25
1645,247,4.73
1646,2,21.13
1646,3,17.88
1646,4,22.20
1646,137,24.27
1646,55,24.85
1647,1,33.46
1647,95,37.99
1648,1,12.38
1648,3,9.83
1648,42,11.04
1648,17,15.88
1648,275,15.07
1649,1,3.85
1650,9,1.63
1651,1,32.58
1652,8,24.94
1652,3,31.30
1652,5,22.46
1652,6,30.15
1653,16,7.46
1653,13,7.27
1654,16,43.25
1654,1,39.84
1654,5,45.51
1655,13,26.16
1656,21,7.12
1656,7,6.81
1657,2,14.20
1658,2,4.22
1658,5,2.90
1659,1,85.27
1659,3,63.58
1660,51,32.16
1660,399,45.19
1661,98,33.80
1662,163,22.83
1663,71,16.27
1664,23,22.78
1665,8,13.68
1666,5,22.80
1667,76,13.74
1667,6,19.11
1668,1,13.86
1668,494,11.45
1669,1,161.64
1669,2,160.52
1670,3,41.49
1670,388,59.34
1671,1,20.76
1671,3,16.28
1671,396,18.61
1672,408,6.63
1672,45,5.41
1673,1,27.40
1674,3,55.84
1674,5,56.02
1675,2,28.36
1675,3,29.43
1676,40,10.50
1677,25,8.08
1677,11,8.58
1678,42,33.15
1678,37,32.63
1679,168,46.76
1680,143,22.06
1681,1,2.76
1681,5,2.00
1681,6,3.22
1682,90,20.27
1683,1,16.61
1683,7,21.73
1684,1,10.12
1685,1,9.60
1685,44,14.20
1686,17,15.85
1686,266,10.52
1686,4,10.24
1686,44,11.03
1687,338,36.95
1688,2,20.95
1688,3,17.16
1689,1,16.11
1690,40,6.88
1690,1,8.60
1690,7,7.27
1691,87,43.61
1692,9,17.68
1693,1,30.39
1693,6,27.61
1694,418,21.79
1694,5,18.91
1694,12,17.57
1694,183,17.70
1694,376,26.04
1695,16,9.49
1696,64,31.29
1696,1,35.55
1696,5,51.18
1696,6,41.59
1696,143,44.37
1697,6,54.76
1698,7,77.74
1699,1,9.83
1699,355,12.26
1700,1,8.24
1700,2,8.36
1701,1,35.97
1701,170,36.68
1702,2,62.36
1702,382,70.10
1702,23,55.01
1703,174,11.63
1704,1,35.22
1704,19,28.02
1705,65,11.52
1705,17,15.29
1706,1,13.57
1706,19,18.80
1707,43,43.09
1707,143,36.24
1708,57,18.03
1708,196,18.73
1709,1,20.27
1710,1,14.43
1710,12,14.48
1711,3,29.86
1712,248,14.37
1712,1,14.74
1712,196,21.13
1713,2,16.89
1713,13,15.59
1714,1,37.06
1715,1,24.55
1715,10,33.20
1716,5,6.11
1716,15,8.68
1717,1,35.74
1717,18,42.21
1718,159,73.04
1719,2,17.60
1719,5,12.75
1719,6,11.82
1719,11,14.87
1719,27,18.40
1720,1,235.52
1721,1,54.51
1721,2,68.89
1721,7,66.77
1721,80,49.00
1721,114,61.87
1722,56,29.65
1722,1,22.85
1722,3,29.57
1723,2,20.66
1723,171,21.78
1724,27,19.05
1724,13,29.04
1725,29,24.57
1726,1,16.90
1726,35,15.40
1726,14,15.21
1727,63,26.24
1727,68,24.69
1727,5,22.05
1727,7,27.06
1728,1,15.87
1728,3,14.06
1729,16,8.40
1729,186,8.30
1730,2,15.18
1731,9,30.00
1731,146,30.95
1732,26,16.14
1732,92,19.17
1733,405,4.41
1734,1,34.07
1735,5,12.30
1736,1,12.80
1736,3,13.23
1737,2,29.84
1737,6,32.86
1738,152,55.61
1738,2,40.77
1739,1,66.08
1740,16,8.42
1740,2,10.12
1741,1,12.83
1742,1,80.92
1742,3,94.47
1743,1,9.01
1744,3,9.85
1745,94,11.28
1745,2,11.10
1745,4,13.71
1745,438,10.83
1746,1,14.03
1746,10,13.12
1747,10,34.78
1748,5,35.00
1748,375,38.77
1749,3,12.32
1750,180,41.06
1750,4,42.48
1751,1,50.49
1751,2,46.08
1751,15,41.20
1752,4,27.01
1753,180,31.52
1754,17,11.00
1754,3,10.11
1754,1,11.29
1754,9,11.51
1755,8,36.87
1755,2,46.59
1755,372,46.70
1755,424,36.89
1756,26,12.34
1756,4,10.80
1757,201,105.94
1758,17,21.04
1758,26,19.95
1758,7,22.04
1759,7,9.15
1760,13,11.89
1760,76,10.72
1760,477,16.18
1761,131,17.32
1761,12,21.91
1762,1,2.80
1762,2,3.58
1762,4,3.44
1762,5,2.55
1762,44,2.85
1763,3,5.91
1763,93,5.60
1764,2,37.54
1765,16,12.43
1765,324,12.01
1765,54,12.18
1766,1,59.33
1766,25,82.33
1767,1,27.35
1767,3,32.40
1767,297,35.24
1767,12,29.00
1767,13,28.78
1768,1,20.22
1769,1,83.44
1769,84,74.93
1769,118,69.94
1770,1,14.10
1770,2,8.54
1771,1,21.39
1771,2,26.37
1772,1,10.77
1772,411,9.13
1773,1,27.52
1774,77,5.75
1774,327,5.60
1775,106,40.17
1775,3,43.56
1776,20,8.74
1776,5,11.94
1777,176,3.67
1778,344,27.56
1778,1,27.12
1778,19,27.66
1779,104,62.64
1779,2,62.82
1779,172,67.55
1779,21,76.34
1780,1,12.33
1780,6,8.92
1781,1,11.66
1781,259,11.85
1781,487,8.99
1782,1,95.41
1782,134,81.11
1783,1,14.90
1783,2,13.72
1783,4,15.53
1783,22,17.57
1784,4,16.19
1784,486,12.68
1785,5,78.70
1786,16,12.61
1786,2,12.90
1786,28,9.10
1786,5,13.24
1787,1,4.53
1787,4,2.99
1787,134,3.51
1788,1,17.39
1789,1,32.40
1790,6,11.21
1791,14,40.05
1792,9,10.44
1792,2,12.91
1792,38,10.64
1792,1,13.72
1793,164,17.11
1793,12,17.06
1794,96,36.31
1794,1,35.40
1795,1,29.52
1795,2,24.53
1796,9,19.26
1797,2,51.70
1797,254,41.73
1798,24,9.69
1798,1,14.69
1798,2,13.89
1799,2,17.25
1799,52,15.46
1800,1,17.47
1801,2,10.74
1801,15,10.14
1802,5,26.00
1803,1,55.02
1803,4,48.69
1803,19,67.19
1803,23,46.97
1803,57,47.70
1804,1,13.29
1804,2,21.81
1805,29,25.05
1805,27,29.64
1805,5,31.90
1806,2,23.08
1806,11,22.44
1806,7,34.63
1807,3,60.23
1807,181,57.73
1808,17,9.66
1809,1,5.07
1810,1,24.69
1811,1,17.05
1811,3,15.34
1811,102,13.30
1811,21,20.66
1811,58,21.12
1812,227,14.21
1813,1,27.56
1813,27,33.33
1814,50,26.76
1815,20,36.58
1815,15,33.69
1816,12,17.30
1817,1,12.74
1817,2,17.09
1818,2,100.11
1819,57,12.14
1819,7,9.46
1820,2,22.24
1820,6,30.82
1821,2,105.70
1821,26,105.32
1822,8,171.54
1823,131,17.33
1823,20,15.77
1824,4,45.74
1824,6,48.58
1825,1,18.81
1825,26,19.42
1826,8,11.14
1826,49,12.46
1826,2,11.52
1827,1,34.50
1827,12,40.75
1828,1,37.88
1828,2,31.81
1829,25,8.85
1829,4,8.22
1830,15,9.07
1831,8,24.08
1831,73,16.49
1831,2,24.88
1831,1,15.23
1832,1,18.62
1833,1,20.35
1833,4,18.05
1833,261,15.45
1833,9,16.78
1833,19,15.75
1834,2,17.39
1834,3,22.52
1834,14,18.51
1835,3,4.94
1835,27,4.29
1836,151,8.71
1837,1,28.00
1838,6,7.28
1839,4,52.29
1840,18,14.15
1840,11,15.12
1841,1,47.02
1841,3,47.77
1841,4,48.61
1841,14,46.52
1842,59,19.98
1843,5,26.22
1844,2,36.06
1845,124,11.58
1846,1,9.64
1846,424,14.64
1846,14,11.18
1846,18,14.65
1846,26,10.90
1847,1,10.28
1847,130,12.61
1847,8,11.96
1847,44,13.84
1847,372,12.81
1848,68,20.33
1848,94,21.12
1849,1,30.01
1850,280,15.26
1851,1,18.53
1852,1,55.90
1853,1,35.05
1854,26,72.87
1854,3,72.66
1854,20,99.40
1855,48,22.24
1855,384,15.28
1855,221,21.25
1856,17,16.89
1856,3,13.96
1856,14,18.26
1857,83,47.71
1858,16,30.23
1858,361,32.04
1859,12,20.41
1859,71,18.73
1860,63,13.74
1861,1,26.87
1862,1,23.78
1862,55,24.05
1863,1,22.42
1864,40,49.41
1864,1,54.02
1864,2,50.23
1865,1,46.60
1866,1,39.75
1867,25,40.54
1867,85,33.79
1867,30,38.93
1868,1,17.77
1869,140,15.08
1869,4,13.82
1870,10,5.26
1870,2,4.87
1870,362,6.21
1871,2,37.62
1872,144,12.81
1872,1,14.22
1872,16,14.36
1873,3,26.95
1873,166,26.35
1873,87,32.08
1874,31,41.22
1875,8,9.13
1875,13,6.94
1876,16,4.77
1876,11,4.58
1876,245,4.82
1877,1,6.40
1877,21,6.20
1878,1,12.28
1878,106,11.84
1879,1,70.17
1879,2,65.64
1880,1,36.75
1881,1,59.06
1881,265,46.29
1882,8,8.40
1882,3,9.86
1882,51,9.17
1883,9,37.50
1884,27,17.81
1884,3,16.30
1884,15,17.20
1885,2,5.94
1885,223,6.86
1886,1,19.31
1886,3,13.19
1886,159,13.99
1887,250,2.63
1888,1,76.61
1888,2,127.06
1888,5,102.12
1888,10,91.32
1888,21,83.94
1889,2,8.63
1889,4,8.16
1889,5,10.50
1889,182,12.40
1889,27,10.88
1890,89,10.53
1890,1,9.49
1890,2,6.82
1890,268,9.27
1891,9,5.59
1892,1,30.45
1892,20,37.02
1893,106,27.90
1894,1,17.74
1894,2,18.83
1895,3,7.05
1895,6,5.83
1896,2,31.83
1896,3,34.80
1896,188,27.53
1896,6,32.72
1897,241,14.55
1897,3,16.09
1897,5,13.78
1898,23,22.03
1899,1,52.95
1900,1,5.99
1900,110,5.08
1901,16,31.68
1901,358,30.88
1901,22,34.35
1902,2,16.10
1902,7,15.56
1902,11,17.60
1902,206,18.83
1902,18,21.12
1903,24,14.60
1903,2,9.17
1904,1,13.44
1905,35,65.12
1905,7,60.71
1906,1,17.86
1906,2,23.07
1906,3,17.23
1907,1,22.64
1907,7,21.52
1908,191,121.99
1909,1,28.47
1909,3,25.29
1909,83,25.06
1909,52,28.14
1909,30,19.37
1910,32,13.02
1910,1,16.95
1910,80,12.07
1910,217,18.04
1911,1,25.42
1912,1,33.18
1912,2,36.52
1913,121,2.92
1914,1,26.97
1914,2,31.98
1914,232,33.35
1914,116,36.89
1914,30,36.42
1915,1,116.58
1915,3,114.18
1916,134,19.88
1917,1,30.49
1918,2,35.51
1918,4,26.44
1918,7,25.80
1918,19,35.56
1918,126,27.18
1919,129,9.05
1919,3,8.38
1919,55,12.23
1920,1,31.01
1920,2,28.37
1920,4,21.28
1920,14,30.91
1920,51,23.14
1921,1,8.46
1921,3,9.89
1922,1,47.86
1922,6,53.72
1923,1,7.56
1924,50,36.09
1924,34,34.04
1924,22,52.88
1924,92,42.57
1925,126,14.54
1926,56,27.25
1926,41,19.33
1927,1,11.87
1927,29,12.71
1928,121,10.70
1928,9,11.83
1929,1,4.23
1929,2,3.52
1929,9,4.98
1929,10,4.36
1929,12,3.58
1930,4,10.18
1931,1,6.97
1931,82,7.72
1931,4,7.26
1932,32,7.50
1932,1,4.92
1932,4,6.05
1933,1,17.62
1933,15,12.06
1934,5,23.79
1935,2,10.14
1936,1,9.49
1936,5,11.22
1936,7,12.93
1936,13,12.52
1936,144,13.95
1937,33,73.45
1937,3,60.79
1937,23,83.27
1938,2,7.24
1938,4,5.76
1939,222,11.41
1940,1,30.41
1940,2,27.11
1941,1,26.82
1941,6,27.51
1941,113,26.42
1941,23,23.49
1941,31,19.91
1942,1,32.66
1943,2,31.81
1944,1,14.08
1945,27,10.04
1946,269,9.58
1946,149,12.24
1947,6,11.36
1948,1,21.45
1949,284,74.54
1950,1,36.96
1951,2,32.34
1951,3,34.41
1952,6,83.50
1953,2,2.35
1954,2,42.65
1954,5,45.04
1955,13,22.04
1956,2,58.13
1956,221,70.85
1957,1,9.34
1957,5,9.73
1958,101,31.62
1958,318,35.08
1959,1,20.17
1960,60,5.82
1960,5,7.04
1961,3,52.05
1962,1,132.50
1962,18,97.43
1963,2,73.95
1964,3,37.11
1965,3,32.48
1966,1,34.48
1966,4,46.24
1966,36,40.96
1966,46,45.26
1966,20,43.27
1967,89,4.94
1967,98,3.66
1967,35,4.28
1967,52,4.18
1968,42,21.66
1969,82,7.97
1970,59,13.82
1971,1,17.86
1972,61,10.57
1972,15,11.73
1973,7,97.50
1974,11,9.53
1974,13,9.33
1975,1,32.05
1976,1,8.66
1977,1,37.71
1977,438,28.81
1977,6,28.05
1977,238,29.04
1978,1,28.79
1979,3,8.12
1980,1,9.05
1980,3,6.67
1980,6,6.93
1980,483,5.64
1981,3,142.80
1981,13,113.10
1982,1,7.67
1982,30,6.36
1983,204,26.76
1984,2,18.78
1984,3,17.86
1984,203,14.48
1985,1,12.40
1985,149,12.61
1985,15,16.63
1986,37,18.05
1986,260,17.03
1986,5,22.36
1987,2,12.85
1987,31,11.33
1988,36,11.19
1989,12,20.97
1989,21,17.67
1990,1,7.80
1991,1,15.96
1992,1,11.95
1992,2,11.56
1993,32,8.88
1993,4,9.66
1994,1,25.66
1994,4,36.09
1994,37,25.58
1994,10,30.24
1994,25,25.36
1995,105,119.74
1995,3,107.30
1996,17,5.63
1996,1,7.48
1997,3,54.73
1997,452,38.48
1998,296,18.99
1999,8,117.00
1999,19,161.08
2000,1,26.07
2000,4,27.49
2000,13,21.16
2000,14,29.15
2000,21,26.78
2001,1,22.73
2002,3,33.93
2003,11,7.86
2003,1,6.33
2003,3,7.80
2003,384,5.99
2004,121,43.45
2004,181,41.50
2005,1,2.49
2005,2,1.99
2005,38,2.57
2005,6,1.62
2005,157,1.64
2006,7,30.98
2007,399,8.79
2008,2,3.76
2009,7,22.14
2010,1,79.97
2010,2,88.47
2011,350,27.36
2012,10,11.79
2013,1,4.08
2014,8,4.99
2014,30,4.53
2015,200,5.43
2015,207,6.17
2016,5,26.00
2017,1,26.61
2017,26,29.59
2017,3,28.56
2018,16,24.62
2018,1,23.47
2018,115,28.09
2019,1,13.72
2019,11,13.91
2019,17,14.14
2020,4,17.22
2020,29,16.32
2021,1,7.89
2022,38,13.36
2023,2,15.10
2023,3,23.07
2024,10,4.83
2024,2,6.23
2025,2,61.43
2025,4,52.51
2026,2,29.50
2026,11,19.28
2026,37,23.03
2027,2,22.03
2027,262,32.56
2028,1,9.02
2028,45,6.66
2028,6,9.30
2029,2,5.97
2030,3,15.20
2030,20,14.84
2031,24,22.25
2032,66,10.17
2033,103,8.98
2034,8,15.61
2034,3,15.87
2035,1,23.45
2036,180,9.53
2037,2,30.28
2037,86,44.52
2038,1,13.37
2038,18,15.63
2039,106,5.99
2040,2,118.14
2041,5,24.50
2042,3,16.01
2042,13,13.79
2043,17,21.26
2043,244,17.75
2043,5,22.07
2043,6,21.73
2044,2,9.21
2044,7,7.14
2045,8,18.35
2045,226,16.48
2045,2,14.77
2045,5,13.47
2046,2,6.36
2046,5,6.73
2047,1,73.56
2047,170,75.75
2048,3,13.47
2049,90,9.27
2049,11,12.86
2049,29,9.87
2049,54,9.67
2050,34,38.17
2050,11,37.99
2050,68,42.41
2051,3,13.68
2052,1,47.20
2052,170,66.56
2053,36,6.17
2053,5,7.17
2054,1,13.57
2054,3,8.79
2054,452,10.29
2055,1,46.45
2055,26,40.98
2055,3,38.77
2055,14,51.22
2056,2,17.78
2057,3,27.35
2058,11,11.48
2058,52,10.59
2059,21,14.14
2059,6,9.57
2060,224,4.78
2060,10,5.10
2061,5,9.55
2062,3,17.69
2062,68,12.40
2062,151,16.02
2063,172,51.24
2063,23,42.89
2064,1,18.78
2064,279,17.39
2065,1,34.74
2065,13,22.80
2065,6,24.94
2066,1,11.61
2066,4,10.69
2066,82,14.47
2066,55,8.97
2066,124,9.59
2067,96,37.30
2067,1,38.47
2067,3,45.87
2067,115,34.14
2068,1,46.33
2068,6,73.88
2069,1,12.82
2070,238,12.92
2071,1,17.79
2072,1,15.22
2072,22,11.98
2073,2,15.84
2074,1,14.94
2074,38,17.74
2075,1,16.27
2076,34,20.91
2076,163,17.73
2077,3,12.38
2077,220,8.09
2078,5,49.99
2079,2,5.60
2080,15,95.23
2081,2,18.54
2081,7,26.70
2082,109,6.16
2083,1,29.47
2083,2,21.50
2083,5,24.85
2083,177,18.91
2083,89,19.65
2084,2,19.87
2084,4,25.81
2085,8,42.07
2085,95,42.63
2086,17,41.45
2086,28,35.40
2087,8,9.74
2087,1,9.42
2088,48,11.75
2088,9,9.05
2089,3,5.99
2089,30,6.18
2090,1,12.99
2090,2,13.86
2091,1,18.10
2092,161,18.66
2092,51,20.51
2092,5,15.21
2092,1,13.47
2093,157,19.63
2094,1,104.22
2094,2,116.49
2094,5,107.23
2094,102,100.54
2095,1,24.76
2095,270,17.03
2096,11,86.78
2096,207,72.37
2097,6,27.04
2098,171,24.26
2098,68,24.83
2099,1,25.31
2099,66,23.53
2100,1,48.47
2101,5,3.62
2102,50,19.76
2103,4,25.95
2103,7,21.65
2104,117,15.50
2105,1,30.52
2105,27,44.19
2105,198,46.08
2105,9,40.24
2106,4,44.61
2106,133,59.38
2107,377,4.73
2107,1,5.34
2108,2,34.73
2108,69,31.57
2108,7,24.48
2109,2,201.79
2109,23,180.42
2110,92,21.59
2110,31,25.31
2111,33,52.29
2111,3,46.98
2111,4,72.20
2111,15,66.57
2111,31,51.56
2112,80,14.43
2112,3,13.37
2113,1,16.01
2113,43,15.71
2113,93,15.68
2114,48,4.10
2115,1,46.59
2115,2,35.63
2116,28,6.30
2117,1,7.26
2117,246,10.96
2118,2,6.74
2119,2,28.27
2119,15,21.15
2120,1,16.82
2120,5,11.85
2120,392,13.69
2120,11,16.73
2120,301,10.80
2121,1,10.20
2121,4,13.77
2121,7,10.13
2122,33,13.19
2122,62,14.89
2122,1,14.32
2123,1,10.81
2123,4,7.85
2123,263,8.89
2124,3,22.01
2124,5,18.72
2124,74,15.44
2124,46,25.69
2124,25,17.54
2125,1,21.78
2125,3,18.63
2126,2,5.50
2126,36,4.51
2126,21,6.37
2127,2,28.73
2127,6,28.57
2128,32,10.73
2128,1,8.65
2128,2,7.91
2128,3,10.49
2128,4,9.79
2129,1,60.60
2129,2,40.59
2129,6,45.75
2129,7,58.58
2129,62,56.72
2130,1,18.45
2130,11,18.87
2130,4,25.16
2131,2,64.09
2131,23,81.24
2132,433,24.87
2132,10,19.00
2132,7,22.04
2133,4,10.62
2134,1,40.61
2134,41,52.85
2134,12,42.84
2134,109,43.17
2134,13,48.60
2135,128,7.14
2135,8,6.46
2135,210,8.38
2135,85,6.26
2135,95,7.39
2136,3,5.89
2137,1,7.08
2137,12,5.21
2137,140,5.02
2138,1,31.70
2138,11,46.31
2138,4,34.14
2139,1,23.53
2139,2,27.47
2139,244,19.67
2139,4,22.72
2140,144,15.46
2140,6,14.74
2141,1,57.10
2141,2,66.18
2141,37,56.48
2141,7,47.42
2141,179,50.94
2142,1,7.42
2142,2,8.13
2142,30,6.09
2143,40,53.96
2143,441,59.10
2143,1,41.52
2144,114,50.14
2145,189,86.26
2146,44,10.60
2146,268,12.92
2147,18,11.90
2148,2,9.30
2149,162,74.38
2149,133,90.66
2149,266,78.59
2149,10,68.21
2149,317,65.87
2150,66,4.38
2150,455,6.02
2150,106,5.16
2150,77,5.91
2150,24,6.05
2151,138,27.57
2151,404,19.76
2152,1,17.31
2152,2,17.61
2153,1,4.98
2153,346,6.42
2154,22,23.84
2155,10,11.72
2155,82,10.97
2155,3,11.72
2156,12,11.71
2157,16,19.23
2157,3,17.05
2158,2,21.32
2158,108,28.03
2159,319,8.83
2159,7,13.55
2160,1,42.52
2160,4,42.54
2160,5,52.30
2161,8,6.07
2161,5,6.09
2162,1,36.79
2162,2,42.27
2163,73,63.82
2163,59,58.61
2163,4,67.82
2163,7,73.23
2164,1,15.25
2165,452,24.53
2166,1,29.96
2166,301,21.33
2167,306,1.66
2168,1,45.11
2168,11,37.47
2168,4,32.34
2168,12,35.82
2169,16,4.07
2170,1,57.03
2170,161,45.85
2171,5,3.31
2172,1,142.29
2173,1,36.10
2173,7,27.88
2174,2,3.84
2174,5,4.14
2175,2,17.02
2175,3,19.85
2175,29,25.34
2176,9,8.49
2176,1,13.21
2177,75,7.42
2177,253,7.13
2178,12,72.33
2179,280,43.70
2179,12,39.73
2180,196,13.28
2181,1,6.92
2181,2,6.47
2181,7,7.97
2181,50,10.64
2181,24,10.72
2182,1,50.43
2183,1,16.11
2183,12,20.27
2184,1,29.22
2184,3,23.50
2184,52,22.30
2185,33,31.25
2185,2,39.22
2185,4,31.35
2186,1,18.64
2186,2,13.96
2186,4,21.49
2186,112,20.49
2186,52,19.22
2187,10,20.91
2188,497,13.41
2189,1,11.22
2189,15,14.30
2190,49,26.15
2190,12,24.85
2191,1,34.05
2191,3,24.36
2191,15,30.64
2191,26,30.17
2191,93,30.01
2192,2,27.45
2192,11,29.55
2193,71,23.13
2194,9,12.53
2195,2,148.98
2196,1,18.97
2197,1,14.04
2197,68,16.21
2198,1,26.45
2198,3,18.26
2199,1,43.92
2199,42,42.08
2199,9,34.15
2200,1,16.68
2201,96,11.58
2201,24,13.22
2201,7,8.13
2202,10,16.04
2202,3,11.37
2203,1,57.09
2203,15,79.55
2204,480,32.55
2205,2,3.84
2205,15,4.74
2206,121,13.24
2206,2,9.71
2207,1,33.69
2207,262,34.22
2208,1,5.73
2208,190,6.08
2209,1,111.82
2210,48,44.86
2210,461,43.81
2211,1,23.80
2211,2,21.50
2211,4,31.99
2211,10,29.60
2211,13,24.99
2212,24,16.37
2212,1,25.56
2212,4,18.32
2213,1,25.78
2213,3,33.56
2213,12,38.23
2214,33,8.44
2214,34,8.01
2215,40,25.24
2216,88,32.64
2216,1,37.92
2217,2,7.04
2217,125,10.33
2218,389,42.22
2218,7,42.81
2219,1,185.64
2219,182,193.46
2220,33,9.51
2221,7,11.91
2222,471,21.91
2223,146,6.21
2224,267,54.32
2224,4,55.03
2225,2,6.10
2225,4,7.75
2226,2,6.81
2227,11,79.05
2227,29,78.43
2228,196,11.49
2229,427,46.35
2230,1,50.86
2230,4,51.12
2231,1,3.75
2232,92,2.72
2232,70,3.65
2233,1,30.31
2234,1,43.10
2234,2,27.66
2234,3,36.58
2234,70,37.50
2234,137,34.62
2235,2,1.88
2236,280,6.01
2236,4,6.32
2237,36,3.44
2237,6,2.11
2238,3,11.86
2238,68,11.76
2238,5,13.70
2238,6,10.43
2238,7,12.42
2239,1,19.65
2239,19,18.83
2240,10,8.82
2241,2,49.63
2241,4,40.55
2242,8,19.43
2242,1,21.17
2243,275,33.07
2244,1,13.30
2244,3,15.41
2244,229,13.55
2244,104,15.50
2244,87,16.81
2245,2,19.71
2245,14,18.69
2246,5,20.56
2247,1,6.26
2247,129,4.64
2247,2,5.26
2247,178,7.34
2247,28,6.88
2248,162,12.20
2248,2,12.28
2248,10,13.37
2248,7,9.16
2249,1,6.24
2250,1,17.85
2250,27,13.14
2250,5,12.05
2251,483,50.33
2252,1,104.38
2252,147,166.02
2253,9,17.36
2253,2,15.96
2254,100,10.88
2255,3,45.37
2255,158,55.35
2255,127,56.93
2256,1,12.04
2256,66,8.12
2256,485,7.93
2256,6,10.10
2256,16,12.83
2257,2,17.58
2257,99,21.03
2257,104,20.89
2257,8,23.13
2257,57,17.29
2258,1,20.76
2258,5,25.14
2259,42,18.55
2260,2,6.94
2260,7,6.24
2260,168,5.06
2260,71,5.17
2260,221,6.30
2261,201,6.64
2262,1,14.82
2262,65,22.01
2262,3,19.22
2262,8,16.95
2262,24,24.08
2263,2,40.88
2263,3,40.47
2263,4,30.23
2263,5,31.29
2263,16,27.81
2264,1,102.94
2264,2,105.99
2265,1,16.80
2265,3,18.10
2266,10,23.83
2267,17,34.56
2267,3,24.45
2268,7,38.79
2269,9,11.76
2269,3,8.74
2270,2,11.77
2271,213,20.21
2272,70,34.10
2272,6,28.42
2273,76,41.36
2274,165,5.52
2275,6,4.00
2276,1,69.19
2276,4,99.64
2277,67,8.30
2278,8,5.97
2278,1,6.97
2278,3,8.42
2279,2,14.67
2279,195,12.41
2280,1,9.32
2280,4,13.51
2281,52,5.62
2282,220,10.02
2283,9,63.99
2283,2,55.28
2283,5,55.32
2284,1,29.12
2284,2,33.78
2285,1,13.64
2285,2,11.03
2285,77,11.81
2285,14,15.73
2285,146,17.18
2286,1,19.94
2287,1,5.65
2287,6,5.10
2288,3,15.56
2289,497,13.50
2289,3,12.17
2290,18,7.00
2290,4,9.88
2290,12,7.95
2291,1,189.30
2292,7,10.81
2293,32,65.79
2294,3,37.39
2294,5,27.97
2295,3,61.45
2296,10,5.08
2296,3,6.09
2297,10,7.02
2297,35,9.56
2298,81,25.52
2298,4,28.90
2299,22,4.13
2300,6,47.94
2301,21,43.71
2302,3,15.49
2302,60,13.25
2302,6,19.90
2302,39,20.83
2303,5,67.33
2304,1,67.69
2304,3,43.08
2304,6,45.97
2305,26,15.63
2305,5,15.92
2306,18,37.42
2307,1,38.26
2308,1,71.27
2308,7,59.03
2309,110,5.88
2309,310,6.42
2310,1,29.92
2311,24,71.14
2311,1,93.98
2311,139,95.76
2312,9,9.93
2312,3,12.07
2313,1,105.77
2313,84,134.36
2313,76,94.06
2314,1,13.95
2314,2,11.78
2315,1,39.62
2315,14,44.71
2316,2,8.07
2317,104,6.35
2318,2,28.68
2318,3,35.08
2319,1,26.33
2319,2,28.17
2319,4,23.75
2319,5,22.65
2320,429,5.95
2321,256,22.55
2321,1,21.04
2321,26,14.89
2322,1,119.08
2322,2,125.52
2322,91,118.56
2323,496,16.86
2324,4,10.81
2325,1,13.44
2325,6,12.65
2326,5,10.95
2327,2,9.12
2328,1,10.14
2328,3,8.03
2328,196,7.56
2329,1,46.02
2329,15,44.77
2329,14,43.01
2329,33,55.68
2330,25,10.21
2330,6,14.14
2331,1,28.17
2331,2,32.73
2331,307,32.42
2331,12,24.34
2332,2,21.36
2333,10,23.68
2333,3,23.71
2334,5,40.40
2334,341,29.73
2335,1,4.86
2335,3,4.67
2336,3,8.85
2337,12,53.20
2337,6,38.22
2338,65,5.91
2339,3,52.00
2340,24,13.23
2340,2,13.99
2341,9,7.87
2341,2,7.43
2342,19,16.57
2342,3,20.60
2342,45,20.15
2342,6,23.01
2343,5,37.85
2344,2,5.26
2344,7,4.74
2345,1,28.20
2345,5,30.17
2345,79,35.12
2346,1,41.41
2347,1,7.44
2348,40,15.55
2348,3,23.12
2348,23,16.38
2349,1,26.43
2349,2,29.80
2349,166,30.23
2349,12,29.08
2349,180,35.47
2350,66,30.18
2350,132,23.05
2351,1,36.72
2351,6,42.26
2352,2,6.51
2352,13,8.08
2353,32,39.56
2353,9,37.02
2353,3,45.20
2353,12,40.49
2354,1,31.22
2355,1,8.46
2355,2,12.41
2355,4,11.15
2355,5,13.21
2355,428,9.46
2356,1,41.22
2356,2,46.79
2356,6,38.07
2356,10,47.74
2356,30,45.53
2357,3,18.38
2358,8,38.21
2359,1,24.60
2359,2,33.18
2359,19,32.97
2360,3,12.48
2361,10,22.31
2362,1,250.30
2362,2,176.18
2363,1,28.40
2363,2,37.59
2363,9,34.58
2363,12,38.05
2363,26,32.67
2364,1,10.41
2364,3,10.26
2365,6,19.98
2366,1,9.16
2366,2,6.28
2367,2,16.98
2367,18,16.93
2367,117,17.02
2367,98,16.50
2368,1,30.28
2369,2,7.56
2369,12,5.90
2369,52,7.70
2369,5,7.65
2370,6,18.29
2371,8,8.38
2371,1,11.01
2372,1,13.53
2373,1,26.18
2373,5,25.63
2374,3,16.53
2375,8,10.37
2375,20,10.73
2376,34,48.91
2377,94,4.42
2378,25,42.65
2379,28,4.01
2379,397,3.82
2379,182,4.35
2380,8,16.03
2380,26,19.57
2381,2,19.45
2382,442,19.51
2382,2,16.14
2383,1,10.15
2383,2,9.01
2384,5,26.01
2385,98,18.88
2386,1,4.92
2386,3,4.02
2387,19,13.85
2387,6,13.46
2388,16,17.27
2388,1,24.62
2388,11,20.85
2388,196,17.35
2389,3,7.31
2390,269,67.90
2391,5,49.75
2392,1,15.58
2393,9,61.67
2393,11,57.25
2393,12,40.06
2393,4,62.72
2394,1,18.30
2394,2,17.81
2394,7,25.42
2394,118,17.72
2394,27,19.51
2395,476,12.39
2395,28,12.29
2396,188,39.56
2397,51,1.83
2397,102,2.15
2398,2,28.39
2399,244,21.12
2399,7,32.20
2400,167,13.38
2401,33,21.90
2402,1,11.20
2402,2,10.02
2402,38,8.86
2403,1,14.07
2403,142,11.35
2404,181,8.29
2405,5,16.17
2406,394,42.41
2406,44,34.92
2407,32,3.12
2407,2,4.41
2407,3,3.35
2407,68,3.86
2407,25,4.40
2408,24,8.30
2409,24,29.01
2409,1,32.57
2409,19,40.57
2410,1,13.57
2411,113,49.56
2411,69,40.03
2411,1,41.20
2412,1,55.95
2412,15,61.12
2413,1,17.20
2413,27,15.67
2413,268,16.56
2414,3,24.06
2415,1,3.03
2415,75,3.07
2415,20,3.48
2416,4,109.00
2416,30,83.54
2417,2,33.67
2417,5,38.86
2418,2,15.47
2419,1,16.57
2420,426,8.27
2421,156,3.84
2421,61,3.78
2422,6,60.13
2423,1,30.60
2423,11,35.70
2424,6,24.41
2425,2,13.83
2426,4,14.30
2427,48,8.13
2427,133,9.74
2428,456,6.69
2428,141,7.79
2428,190,7.84
2429,11,8.89
2429,244,6.58
2430,124,18.45
2431,7,17.68
2432,1,14.28
2433,1,15.20
2434,93,45.36
2435,81,52.59
2436,3,29.21
2436,23,22.71
2437,1,4.55
2438,1,2.91
2438,36,2.05
2438,28,3.10
2439,4,47.09
2439,85,41.17
2440,6,8.35
2441,1,42.95
2441,284,35.01
2441,132,43.36
2442,1,83.66
2443,83,28.65
2444,1,9.84
2444,10,12.94
2444,6,13.44
2445,1,39.20
2445,2,31.86
2445,3,33.18
2446,452,6.13
2446,8,7.61
2446,10,7.54
2446,24,6.55
2446,313,7.58
2447,66,73.74
2447,12,97.65
2448,2,13.42
2448,267,21.26
2449,1,12.01
2450,33,21.11
2450,2,28.21
2450,51,29.79
2450,372,24.22
2451,40,43.72
2451,129,29.28
2452,129,19.31
2452,4,11.56
2453,1,32.97
2454,89,10.35
2454,2,10.44
2455,1,6.51
2456,12,18.60
2456,237,19.87
2457,7,15.99
2458,1,7.19
2459,1,144.94
2459,5,117.63
2460,33,8.05
2460,182,8.08
2461,1,30.72
2461,3,29.07
2461,38,24.19
2461,7,31.14
2461,91,26.79
2462,2,17.76
2462,59,17.37
2463,5,15.21
2464,10,32.74
2464,5,34.84
2465,1,12.49
2466,11,15.06
2467,1,19.15
2468,5,7.47
2469,160,18.66
2469,4,19.55
2470,1,7.55
2471,1,23.14
2471,11,25.23
2472,3,21.60
2473,1,64.23
2473,3,60.25
2474,1,15.05
2474,3,14.42
2474,457,13.92
2474,11,15.42
2474,81,14.79
2475,3,7.09
2475,43,4.63
2476,3,21.97
2476,7,19.23
2477,16,17.67
2477,2,21.75
2477,92,19.46
2478,1,28.18
2478,3,23.23
2479,1,76.62
2479,2,66.70
2480,1,18.13
2480,390,24.60
2481,43,37.63
2481,4,27.94
2482,8,47.21
2483,63,9.48
2484,2,25.54
2484,85,30.46
2485,2,26.87
2486,97,16.71
2486,1,17.49
2486,179,19.39
2486,51,17.50
2486,27,18.24
2487,4,61.90
2488,24,25.42
2488,199,24.89
2489,1,5.91
2489,25,8.61
2489,39,6.48
2490,4,31.84
2491,1,26.62
2491,9,26.23
2492,84,31.33
2493,22,44.51
2494,87,15.02
2495,40,16.80
2496,1,5.71
2497,1,10.17
2497,12,9.23
2497,44,8.77
2497,21,10.01
2497,30,7.97
2498,16,4.38
2498,25,4.76
2499,80,34.16
2499,41,30.26
2499,2,28.92
2500,19,10.72
2500,5,15.13
2501,8,22.03
2501,1,18.82
2501,2,17.97
2502,2,23.53
2502,201,28.74
2502,236,34.45
2502,13,27.71
2502,14,30.99
2503,1,1.74
2504,8,130.54
2504,1,87.99
2505,4,8.43
2505,22,8.62
2506,1,29.93
2506,9,23.70
2507,1,31.81
2507,2,37.48
2507,3,43.49
2507,140,41.89
2508,323,12.23
2508,358,13.18
2508,13,13.29
2508,15,13.04
2508,23,13.34
2509,5,52.25
2510,1,20.26
2510,3,17.15
2510,43,12.74
2510,230,14.22
2511,1,23.73
2511,4,31.68
2512,26,21.32
2513,1,33.46
2514,17,105.13
2515,5,40.54
2515,6,33.29
2516,19,10.28
2516,14,9.56
2517,2,18.07
2518,10,20.50
2518,3,19.42
2519,1,24.52
2519,271,17.29
2520,1,11.17
2521,1,74.99
2521,2,87.49
2521,3,72.53
2521,34,104.71
2521,218,78.52
2522,125,19.02
2522,7,24.14
2523,107,20.97
2524,1,62.13
2524,51,73.70
2524,4,66.96
2525,11,18.19
2526,1,34.72
2526,2,31.91
2527,1,14.31
2527,23,17.40
2528,200,56.73
2528,18,64.62
2529,1,29.29
2529,15,26.32
2530,217,14.03
2530,47,10.19
2531,43,16.72
2532,2,7.43
2532,6,8.00
2533,1,29.74
2533,11,30.56
2533,4,21.39
2534,1,11.51
2534,2,13.29
2534,5,14.28
2534,9,11.63
2534,23,13.79
2535,32,6.12
2535,2,9.18
2536,259,3.44
2537,3,44.41
2537,6,40.60
2537,286,38.13
2538,1,19.60
2538,84,17.51
2538,206,17.04
2539,1,9.51
2539,4,8.71
2540,325,21.74
2540,13,21.36
2540,7,17.18
2541,48,21.10
2541,1,32.97
2541,229,24.15
2542,2,33.88
2543,1,31.07
2543,18,39.85
2543,11,28.37
2543,4,30.61
2544,311,24.71
2545,1,10.83
2545,4,8.68
2546,52,4.52
2547,1,28.22
2547,6,45.45
2548,8,19.35
2548,90,25.10
2548,28,27.79
2549,1,8.85
2549,59,8.22
2550,6,4.99
2551,1,33.75
2551,260,21.96
2552,1,19.44
2553,144,15.44
2553,4,13.63
2554,1,20.66
2554,4,24.60
2555,26,66.44
2556,1,13.73
2557,1,14.45
2557,2,13.69
2557,425,17.64
2557,22,11.11
2557,60,15.26
2558,8,30.38
2558,1,25.87
2558,332,37.18
2558,5,26.55
2559,1,33.15
2559,11,29.48
2559,341,34.79
2559,39,26.48
2560,11,17.58
2561,2,39.85
2561,99,34.70
2562,394,20.24
2563,1,1.57
2563,4,1.53
2564,2,13.06
2565,1,143.29
2565,2,107.37
2566,1,4.17
2566,2,4.22
2566,252,5.79
2567,1,40.85
2567,2,46.97
2568,1,14.28
2568,3,10.18
2568,35,12.32
2568,13,12.63
2568,18,12.07
2569,221,7.24
2569,5,7.43
2569,13,6.37
2570,3,15.02
2571,1,2.51
2571,5,2.92
2572,1,33.78
2573,207,25.04
2574,1,12.61
2575,2,12.23
2576,1,38.58
2576,87,41.25
2577,86,7.21
2577,14,4.82
2578,265,2.01
2579,1,40.46
2579,125,24.99
2579,25,29.68
2579,30,28.55
2580,1,48.91
2580,279,48.48
2581,1,17.70
2581,3,22.68
2581,4,19.27
2582,264,18.85
2583,9,33.09
2584,6,4.36
2585,33,25.33
2585,1,26.43
2585,3,24.92
2585,5,23.48
2585,47,24.61
2586,1,10.84
2587,10,47.49
2588,1,15.36
2588,3,13.30
2589,64,36.93
2589,1,35.54
2589,5,35.39
2590,1,24.32
2591,5,8.40
2592,3,23.42
2592,21,31.01
2593,129,11.12
2593,3,13.78
2594,19,36.14
2595,1,25.29
2595,3,21.67
2596,11,12.17
2596,4,12.27
2597,54,80.50
2597,1,68.83
2597,2,72.75
2597,6,53.92
2598,2,4.37
2598,21,2.95
2599,1,229.94
2599,20,189.97
2600,1,10.86
2601,208,9.04
2601,134,9.13
2602,3,130.70
2603,1,14.56
2603,18,16.20
2603,2,22.27
2604,1,31.78
2604,2,33.03
2604,12,41.38
2605,181,8.00
2606,1,3.38
2607,233,18.48
2608,23,20.63
2609,247,9.16
2610,8,10.73
2610,3,12.68
2611,2,60.71
2611,3,43.10
2612,8,7.08
2612,1,6.39
2612,10,5.51
2612,3,8.61
2613,280,27.36
2613,10,26.61
2614,1,3.59
2614,4,4.43
2614,38,5.44
2614,6,3.50
2614,19,4.98
2615,24,27.46
2615,2,31.79
2616,15,9.66
2617,1,35.02
2617,2,30.80
2618,5,23.31
2619,1,13.10
2619,164,14.77
2620,1,13.33
2621,1,65.87
2621,26,80.72
2621,19,71.55
2622,1,27.17
2623,290,14.92
2623,63,14.17
2624,106,25.59
2624,3,28.17
2625,1,8.72
2625,7,11.80
2626,1,31.11
2626,2,22.85
2626,3,23.42
2626,5,19.26
2626,6,19.25
2627,1,79.62
2627,14,68.92
2628,2,12.60
2629,173,39.92
2630,4,26.52
2631,9,71.94
2632,105,11.72
2632,86,11.39
2632,30,12.14
2632,7,9.78
2633,43,14.06
2633,398,12.94
2634,1,86.03
2635,1,62.50
2635,5,50.83
2636,1,16.58
2636,35,25.21
2636,6,23.92
2636,26,22.61
2636,125,24.15
2637,5,34.20
2637,54,39.84
2638,70,8.78
2639,1,46.25
2639,9,38.58
2640,9,19.46
2641,3,23.42
2641,60,24.11
2641,118,26.65
2642,19,7.02
2642,4,8.22
2643,25,21.42
2644,25,9.29
2644,14,11.40
2645,17,26.61
2646,1,31.39
2646,4,27.48
2646,358,23.56
2647,4,35.72
2648,1,27.30
2648,2,35.90
2648,3,26.52
2648,13,23.35
2648,18,27.52
2649,267,8.72
2650,2,17.52
2651,9,11.00
2651,70,10.91
2652,1,13.99
2652,6,16.63
2652,7,16.54
2653,32,69.23
2653,1,51.99
2654,170,10.40
2655,1,11.38
2655,2,13.02
2655,3,11.31
2656,5,9.06
2657,341,23.71
2657,6,29.56
2658,4,24.96
2659,40,3.30
2659,2,3.45
2659,326,2.91
2659,7,3.76
2660,27,6.27
2660,6,4.26
2661,1,16.77
2661,3,15.44
2661,15,13.50
2662,3,27.25
2662,11,19.06
2663,1,20.92
2663,198,32.82
2664,1,53.15
2664,4,45.93
2664,5,42.90
2664,7,52.77
2665,1,11.61
2665,11,19.05
2665,17,12.90
2666,49,21.64
2666,2,18.79
2667,496,25.58
2667,46,27.17
2668,5,16.73
2668,45,17.18
2669,11,37.03
2669,244,28.58
2670,8,11.46
2670,389,9.50
2671,1,6.84
2671,19,5.92
2672,1,17.94
2672,2,15.38
2672,29,13.72
2673,1,11.78
2673,66,10.09
2674,86,16.25
2674,38,17.39
2675,1,24.80
2675,2,35.07
2676,1,12.62
2676,2,10.28
2677,6,11.44
2678,1,51.14
2678,46,51.15
2679,8,4.40
2679,2,6.05
2680,6,64.86
2681,106,14.00
2681,134,17.42
2682,9,55.86
2683,1,9.26
2684,1,56.25
2684,5,59.00
2684,332,51.57
2684,16,50.55
2684,155,48.44
2685,2,10.38
2686,1,9.09
2686,12,10.36
2686,4,10.17
2687,2,9.35
2688,1,37.09
2688,7,23.80
2689,5,31.37
2689,44,27.52
2689,37,25.32
2690,33,2.39
2690,2,2.03
2690,5,2.60
2690,49,2.11
2690,20,2.46
2691,3,24.54
2691,5,17.95
2692,1,41.51
2693,1,8.85
2693,37,12.67
2694,1,8.05
2695,3,87.66
2696,9,99.20
2696,2,107.19
2697,4,2.21
2698,1,8.74
2699,1,10.05
2699,26,11.01
2700,84,27.40
2700,5,31.76
2701,78,12.18
2701,195,8.06
2701,22,8.28
2702,2,18.55
2702,94,17.38
2703,19,11.74
2703,20,9.68
2703,15,12.30
2704,44,10.71
2705,320,83.11
2706,466,20.15
2706,347,21.45
2707,1,28.08
2708,1,25.98
2708,34,18.65
2708,11,16.56
2709,1,93.02
2709,2,92.04
2709,28,94.83
2709,13,61.83
2710,24,22.40
2710,6,20.10
2711,1,35.15
2711,2,47.41
2711,14,45.90
2712,1,27.00
2712,2,29.90
2713,20,18.96
2714,1,6.95
2714,3,7.02
2714,101,8.12
2714,73,5.84
2714,23,7.97
2715,1,8.70
2715,4,13.75
2715,11,14.15
2715,13,12.77
2715,176,11.55
2716,147,5.91
2716,5,8.06
2717,8,20.25
2717,1,20.57
2718,12,99.17
2718,44,75.02
2719,5,18.45
2719,6,21.34
2720,1,15.40
2720,26,17.72
2720,11,17.07
2720,4,16.77
2721,3,3.86
2721,45,4.97
2722,19,4.58
2723,8,15.67
2723,51,21.50
2724,191,20.18
2725,3,10.35
2726,1,5.14
2727,1,11.73
2728,42,4.29
2728,19,3.97
2728,116,3.59
2729,47,1.77
2730,1,9.83
2730,3,8.36
2731,22,17.42
2732,1,21.11
2732,69,20.11
2733,2,18.06
2733,5,18.66
2734,2,37.32
2734,286,26.93
2735,32,24.22
2735,3,31.96
2736,1,19.09
2736,35,14.06
2736,4,19.94
2736,76,17.62
2736,61,20.56
2737,3,54.55
2738,3,8.15
2738,11,8.14
2738,4,7.79
2739,17,53.18
2739,241,53.05
2740,418,22.69
2740,427,22.66
2741,1,9.75
2741,8,12.38
2741,10,15.13
2741,17,15.13
2741,86,13.77
2742,79,4.18
2743,3,4.60
2744,112,39.64
2745,49,5.03
2745,5,4.55
2746,24,8.81
2746,1,9.87
2746,74,9.81
2747,2,15.70
2748,1,38.34
2748,9,28.69
2749,1,8.15
2749,11,8.85
2750,1,15.14
2750,12,20.20
2751,1,24.67
2752,18,49.27
2752,7,37.38
2753,105,11.65
2753,30,13.15
2753,1,13.37
2754,101,23.92
2754,86,20.17
2754,311,19.31
2754,219,17.20
2754,31,19.63
2755,100,6.52
2756,40,8.25
2757,1,9.28
2757,11,7.93
2758,1,14.44
2758,3,13.15
2759,2,41.19
2759,8,29.72
2759,45,39.49
2759,14,25.43
2759,28,42.04
2760,48,22.18
2760,2,27.80
2760,5,19.63
2761,1,10.82
2762,43,15.53
2763,1,25.76
2763,226,22.52
2764,12,22.86
2764,133,34.36
2764,7,27.08
2765,7,7.15
2765,23,6.42
2766,2,9.64
2766,5,9.66
2767,1,23.70
2767,2,23.38
2767,132,20.57
2768,1,36.29
2768,37,41.13
2769,34,13.04
2769,283,16.30
2770,12,23.41
2770,37,23.60
2771,1,90.27
2772,3,9.50
2773,4,11.44
2774,1,25.78
2775,2,24.76
2775,3,27.54
2775,4,29.03
2775,71,26.07
2775,7,27.09
2776,215,14.89
2777,1,16.07
2778,356,14.81
2778,5,14.02
2779,17,66.54
2779,38,59.94
2780,86,62.76
2781,1,21.34
2781,5,21.83
2781,6,21.48
2781,44,18.55
2781,15,19.89
2782,2,19.59
2783,170,11.85
2783,27,14.33
2784,4,19.80
2785,1,10.87
2785,12,10.29
2786,1,8.66
2786,2,8.96
2787,4,27.31
2788,3,28.20
2789,24,48.72
2789,1,30.55
2789,47,31.59
2790,1,9.71
2791,27,4.71
2792,265,20.17
2793,3,9.70
2794,8,13.42
2794,11,15.19
2795,6,28.16
2796,214,9.10
2796,15,7.56
2797,369,10.73
2797,3,17.45
2797,43,11.26
2797,1,14.69
2798,88,14.43
2798,1,13.90
2799,57,12.87
2799,14,11.80
2800,2,42.30
2801,10,62.38
2802,1,11.80
2802,28,13.87
2803,41,15.80
2803,1,16.65
2804,24,27.59
2805,1,33.04
2806,1,4.11
2807,472,5.46
2807,5,4.84
2808,16,14.91
2809,21,17.07
2810,4,9.78
2810,7,10.11
2811,1,42.12
2811,2,40.88
2811,108,46.56
2811,30,32.55
2812,1,10.34
2813,35,10.97
2813,61,6.73
2814,2,16.70
2815,76,27.35
2815,125,18.26
2816,1,3.90
2817,1,18.94
2817,4,13.17
2817,13,13.81
2818,4,5.88
2819,1,56.56
2819,6,68.23
2820,35,13.23
2820,12,12.71
2820,21,10.00
2821,394,47.15
2822,313,14.24
2822,46,18.35
2823,1,29.22
2824,469,10.66
2825,18,14.47
2826,3,106.55
2827,106,16.16
2828,1,26.12
2829,1,64.47
2829,115,63.16
2829,9,66.20
2830,56,3.74
2830,1,4.71
2830,2,4.33
2831,1,4.20
2831,2,3.84
2831,3,5.21
2831,18,5.72
2831,19,5.51
2832,116,20.42
2832,63,23.87
2833,2,6.13
2833,13,6.76
2834,72,20.54
2834,375,24.50
2835,1,32.48
2836,2,99.77
2836,124,90.44
2837,228,4.07
2837,4,6.36
2838,266,22.18
2838,36,22.44
2839,16,18.53
2839,1,15.09
2840,54,22.30
2841,2,11.63
2842,343,30.57
2843,2,12.97
2844,46,37.30
2845,113,18.20
2845,3,25.65
2845,4,19.16
2846,2,25.12
2846,4,39.62
2846,40,38.77
2846,180,37.00
2846,28,33.63
2847,2,35.34
2847,62,40.33
2848,1,17.05
2848,29,12.17
2848,30,13.22
2849,1,6.82
2849,175,7.99
2850,18,12.28
2850,7,15.15
2851,12,14.83
2852,6,11.08
2853,365,37.92
2854,56,22.51
2855,255,20.48
2856,53,6.34
2857,40,29.39
2858,1,2.47
2858,107,3.19
2859,1,20.16
2859,13,20.95
2859,341,27.46
2859,149,21.24
2860,1,9.75
2861,112,12.22
2862,24,48.55
2862,2,62.52
2862,12,61.62
2863,97,10.19
2863,3,15.54
2863,1,10.84
2864,126,20.57
2864,30,18.25
2865,1,48.58
2865,12,36.81
2866,8,14.68
2866,129,13.20
2867,2,29.64
2867,482,18.54
2867,8,29.16
2867,14,29.70
2867,20,22.02
2868,4,49.21
2869,1,6.41
2869,335,6.26
2870,8,23.13
2870,1,25.85
2871,1,18.77
2871,13,20.00
2871,159,20.33
2872,1,17.39
2873,8,27.90
2873,213,33.82
2874,3,27.03
2874,4,29.32
2874,9,30.36
2874,333,33.70
2874,14,29.84
2875,283,39.23
2875,2,52.69
2875,3,36.60
2875,7,53.34
2876,432,16.88
2876,32,18.27
2876,78,22.30
2877,1,13.41
2878,1,21.71
2878,3,17.20
2878,6,18.61
2878,12,22.86
2878,30,20.90
2879,1,6.74
2879,2,10.89
2879,37,7.43
2879,16,10.92
2879,18,8.15
2880,78,16.35
2881,45,13.05
2882,168,28.08
2883,125,37.18
2883,445,30.65
2884,51,30.46
2885,1,16.30
2885,99,10.99
2886,2,8.83
2887,3,14.45
2888,43,7.59
2889,2,14.61
2890,137,22.88
2890,173,21.43
2891,1,29.09
2891,2,26.17
2891,67,30.79
2891,7,24.03
2891,26,22.48
2892,1,27.52
2892,290,20.15
2892,167,20.62
2892,117,26.71
2892,122,22.44
2893,3,25.87
2894,11,57.27
2895,17,11.49
2895,66,12.74
2895,2,14.61
2896,48,71.07
2896,1,47.88
2897,16,20.18
2897,73,18.48
2897,1,14.70
2897,33,19.00
2898,1,5.17
2898,5,5.10
2899,8,8.04
2899,2,6.47
2900,11,10.01
2900,3,7.95
2901,492,28.80
2902,1,19.32
2902,117,19.60
2903,1,43.43
2904,32,7.08
2904,257,9.60
2904,1,6.59
2905,1,40.95
2905,3,42.65
2906,3,5.49
2907,192,13.81
2907,4,10.16
2907,5,9.53
2908,1,8.86
2908,7,10.42
2909,154,7.39
2909,85,7.02
2909,31,6.72
2910,2,12.28
2911,22,12.48
2911,23,13.40
2912,1,16.83
2913,1,5.29
2914,1,73.28
2914,4,79.24
2914,8,89.77
2914,15,71.40
2914,284,79.84
2915,1,47.71
2915,3,54.89
2915,69,37.86
2916,3,151.91
2916,268,128.21
2917,3,28.45
2917,4,30.91
2917,5,42.65
2918,304,24.79
2918,1,18.48
2918,2,19.17
2918,4,23.62
2919,10,3.95
2919,15,3.82
2920,430,4.09
2921,1,9.36
2921,2,13.37
2921,3,13.00
2921,36,11.59
2921,102,13.35
2922,77,4.51
2923,108,14.65
2924,97,9.63
2925,3,5.69
2926,10,10.34
2926,4,9.42
2927,92,11.05
2928,1,39.01
2929,1,6.95
2929,6,7.52
2929,41,7.96
2929,309,8.13
2929,55,10.72
2930,1,7.13
2931,1,33.84
2932,345,73.40
2932,1,57.11
2932,10,68.10
2932,313,65.41
2933,1,8.88
2933,14,10.81
2934,1,16.10
2934,171,19.81
2935,3,19.81
2935,44,21.56
2935,5,24.17
2936,10,2.77
2937,87,156.95
2938,30,33.81
2939,5,19.99
2940,24,16.85
2940,125,14.17
2940,15,15.96
2941,1,49.89
2941,35,42.12
2941,5,37.45
2941,7,36.34
2941,9,39.35
2942,6,17.54
2943,3,79.08
2943,45,59.19
2944,9,12.87
2944,1,9.57
2945,65,36.91
2945,2,35.35
2946,6,18.46
2947,208,18.36
2947,45,20.36
2947,6,15.83
2948,361,11.72
2949,5,65.87
2950,3,18.93
2950,4,20.99
2950,5,14.78
2951,1,44.65
2952,4,7.13
2953,1,6.14
2953,2,5.02
2953,4,5.44
2954,1,20.03
2954,26,18.03
2955,1,5.31
2955,5,4.82
2956,1,5.37
2957,4,16.90
2958,1,10.55
2958,2,9.82
2958,49,10.73
2958,55,14.50
2958,29,14.22
2959,1,5.26
2959,3,3.73
2960,1,8.40
2960,84,7.30
2961,266,19.40
2961,11,19.25
2962,37,3.41
2963,1,5.16
2964,1,8.63
2964,13,8.91
2965,1,17.12
2965,2,21.91
2966,2,25.88
2966,4,23.04
2967,1,9.62
2967,2,12.87
2967,7,11.08
2968,1,52.29
2968,2,55.83
2968,3,59.34
2968,4,65.58
2968,6,74.28
2969,1,28.75
2970,297,4.66
2970,4,4.93
2970,1,4.72
2971,5,34.52
2972,24,19.23
2972,3,15.70
2972,164,19.11
2973,10,23.70
2974,1,24.72
2975,1,6.01
2976,1,8.91
2976,2,13.37
2976,3,9.18
2977,9,45.64
2977,6,41.03
2978,32,20.15
2979,1,3.10
2980,8,2.37
2980,6,2.39
2981,2,23.06
2982,25,33.58
2982,3,37.03
2982,316,39.26
2983,1,52.36
2984,8,36.95
2984,3,41.33
2985,3,14.51
2985,5,15.23
2985,110,12.40
2985,408,16.90
2985,31,10.76
2986,8,45.98
2986,2,56.73
2986,63,62.04
2987,178,22.56
2988,1,38.65
2989,11,45.12
2990,1,45.16
2990,211,42.08
2991,83,19.81
2992,345,29.99
2992,7,24.57
2993,1,26.75
2993,2,20.54
2993,18,24.61
2993,92,19.16
2994,1,21.92
2994,243,19.73
2994,5,20.99
2995,155,3.26
2995,5,3.29
2996,1,17.56
2996,2,18.78
2997,1,33.40
2997,28,42.20
2998,3,50.20
2999,5,16.41
3000,2,92.87
3000,3,89.95
3000,67,132.97
3000,5,140.60
3000,6,125.77
3001,8,65.02
3001,10,83.47
3002,57,20.98
3002,17,17.53
3003,1,18.58
3003,372,15.60
3004,24,6.63
3004,193,5.89
3004,7,4.58
3005,1,43.33
3005,2,43.04
3006,8,14.81
3006,1,11.90
3007,1,71.55
3007,30,84.69
3008,1,9.87
3008,2,9.67
3008,3,10.79
3009,114,77.43
3009,47,66.56
3010,1,26.13
3010,2,38.81
3011,1,11.03
3012,12,18.10
3012,37,18.39
3012,414,15.92
3013,3,24.93
3014,8,21.90
3014,54,21.18
3015,401,5.16
3016,1,14.03
3016,2,11.62
3016,11,11.32
3016,12,13.65
3016,216,13.26
3017,1,62.21
3017,18,62.32
3017,22,60.50
3018,9,14.48
3018,7,16.00
3019,481,8.63
3019,34,6.01
3019,4,7.57
3020,1,12.70
3020,438,11.52
3021,1,16.81
3021,61,17.56
3021,77,20.35
3022,1,11.87
3022,3,10.24
3022,105,9.85
3022,12,10.40
3022,30,7.86
3023,161,76.63
3023,123,81.91
3024,10,12.72
3024,3,11.96
3025,1,5.74
3025,2,4.59
3026,1,49.94
3026,2,51.32
3026,8,42.51
3026,18,46.36
3026,61,42.59
3027,8,71.23
3028,1,5.86
3029,4,19.11
3030,339,32.22
3030,4,21.69
3031,1,14.54
3031,2,17.35
3031,3,17.89
3031,386,12.01
3031,17,13.43
3032,5,4.41
3033,11,24.51
3034,19,34.48
3035,340,19.04
3036,1,26.10
3036,2,26.33
3036,5,22.99
3037,2,15.97
3038,2,17.00
3038,4,20.30
3038,14,17.70
3038,15,20.48
3039,1,19.71
3039,460,14.75
3040,7,4.54
3041,30,20.15
3042,1,6.88
3043,64,21.24
3043,1,25.35
3043,2,21.28
3043,9,17.90
3043,11,23.47
3044,186,37.10
3045,131,19.58
3046,1,7.68
3046,98,7.39
3046,7,6.82
3047,1,21.38
3047,46,18.70
3048,496,27.98
3048,1,31.36
3048,71,26.39
3049,14,3.04
3050,1,85.48
3051,5,20.29
3052,115,11.53
3052,13,13.94
3053,1,16.71
3053,2,13.49
3053,3,12.49
3053,5,11.82
3053,250,11.31
3054,1,34.49
3054,4,29.08
3055,1,150.02
3056,9,36.36
3056,3,31.94
3056,21,29.03
3057,4,50.37
3057,44,49.99
3058,61,62.06
3058,197,63.32
3058,6,57.59
3059,16,32.08
3059,1,36.02
3060,1,40.74
3060,6,39.25
3061,2,9.39
3061,15,9.34
3062,2,19.46
3063,1,16.76
3063,2,12.83
3063,4,18.37
3064,116,15.87
3065,73,17.19
3066,1,5.91
3066,4,7.16
3067,389,24.13
3068,18,15.51
3068,45,21.77
3068,62,18.85
3069,12,15.33
3070,128,11.16
3070,1,9.30
3070,230,8.35
3070,47,8.10
3070,19,13.03
3071,1,16.69
3071,10,12.70
3072,62,5.38
3073,326,44.23
3073,6,47.65
3074,68,29.94
3074,20,29.96
3075,84,17.54
3075,53,16.21
3076,8,34.20
3077,1,84.86
3077,242,68.93
3078,1,45.55
3078,84,28.10
3079,1,6.99
3079,33,8.73
3080,1,22.98
3080,4,25.79
3080,11,23.60
3080,122,22.59
3080,63,17.94
3081,3,16.47
3081,28,12.96
3081,486,19.22
3081,231,12.14
3082,2,14.46
3083,1,19.33
3083,2,17.02
3084,145,24.99
3084,1,16.06
3085,2,13.23
3085,14,12.03
3086,1,35.60
3086,4,34.45
3087,1,10.21
3088,1,12.97
3088,4,9.24
3088,33,12.73
3089,449,39.81
3089,173,43.49
3090,16,14.69
3091,11,7.30
3091,227,7.96
3092,2,10.79
3093,1,129.67
3094,3,198.67
3095,12,8.15
3095,29,7.09
3095,6,9.52
3096,1,10.12
3096,4,16.04
3096,5,11.07
3097,12,27.32
3097,13,18.92
3098,9,28.80
3098,12,45.42
3099,1,7.11
3100,11,36.92
3101,3,33.98
3101,4,45.48
3102,8,32.38
3102,385,40.94
3102,1,36.89
3103,1,8.20
3103,66,7.68
3104,1,30.82
3104,28,23.72
3104,12,32.66
3105,1,32.12
3105,124,37.38
3106,31,3.85
3107,1,11.67
3107,4,9.61
3107,20,13.15
3107,14,10.09
3108,312,37.91
3108,1,37.62
3108,3,38.35
3109,41,41.36
3109,2,42.22
3110,81,46.33
3111,39,6.25
3112,8,26.50
3112,1,26.23
3112,2,36.15
3112,266,32.25
3113,16,77.10
3113,1,55.58
3114,2,6.25
3114,27,6.31
3115,4,3.87
3115,43,3.47
3115,181,2.95
3115,344,3.48
3115,314,3.13
3116,1,6.97
3116,99,10.39
3116,13,10.30
3117,67,7.86
3118,1,3.09
3118,3,4.04
3119,9,65.07
3119,1,51.91
3120,484,39.83
3121,44,9.67
3122,11,7.49
3122,94,10.22
3123,1,31.30
3123,203,43.23
3124,1,11.09
3124,430,11.33
3125,1,6.14
3125,2,9.76
3126,24,30.37
3127,48,9.50
3127,36,12.83
3127,39,8.35
3128,1,13.41
3128,2,9.62
3128,3,12.59
3128,13,11.05
3128,92,11.00
3129,16,17.23
3129,2,12.83
3130,61,5.76
3131,1,14.61
3132,1,6.06
3132,107,4.93
3132,164,4.75
3133,16,49.09
3133,1,51.16
3134,11,22.62
3134,3,24.67
3135,2,13.82
3135,4,11.72
3136,171,17.53
3137,4,9.34
3138,1,43.72
3139,1,23.40
3139,73,16.00
3139,9,21.16
3139,48,15.78
3139,31,14.09
3140,5,36.22
3141,2,103.17
3141,3,82.78
3142,1,8.57
3143,9,24.08
3143,1,23.38
3144,3,6.38
3144,7,5.04
3145,6,15.08
3146,66,25.03
3147,10,4.00
3147,51,4.41
3148,81,11.00
3148,1,11.72
3149,6,18.18
3149,22,18.96
3150,239,8.11
3151,1,53.50
3151,2,45.37
3151,4,48.81
3151,216,39.09
3151,94,45.37
3152,1,15.84
3153,1,67.65
3153,2,53.82
3153,103,46.38
3154,209,19.56
3154,119,20.01
3155,5,6.25
3156,4,18.33
3156,7,12.54
3157,1,65.40
3157,364,65.07
3158,26,33.76
3159,64,3.46
3159,1,2.26
3159,36,2.23
3159,71,2.88
3159,24,2.13
3160,11,15.57
3161,88,8.65
3162,1,30.06
3162,2,31.10
3163,2,9.08
3163,23,9.53
3164,13,126.95
3165,3,9.37
3165,68,9.12
3165,9,7.88
3165,138,6.45
3165,29,6.86
3166,1,11.26
3166,2,10.69
3166,18,10.56
3167,8,15.38
3167,2,23.50
3167,262,18.41
3168,8,38.10
3168,229,35.09
3169,2,20.51
3169,11,21.45
3169,5,21.72
3170,1,34.76
3170,2,25.25
3170,18,30.97
3170,15,38.93
3171,4,7.45
3172,21,4.12
3173,2,6.18
3173,86,5.14
3174,1,28.02
3174,6,21.37
3174,41,28.06
3174,13,20.92
3174,23,25.56
3175,306,5.95
3176,4,24.76
3177,1,38.63
3178,1,26.60
3179,5,9.47
3180,17,9.64
3180,7,12.46
3181,125,6.91
3182,2,12.16
3182,62,13.78
3183,20,33.51
3184,480,90.20
3185,2,9.72
3185,30,7.83
3185,7,10.34
3186,1,3.84
3186,2,4.39
3186,4,3.27
3186,5,4.47
3186,37,3.67
3187,156,50.73
3187,7,43.23
3188,361,66.19
3188,2,46.21
3188,13,54.26
3189,113,35.16
3190,354,6.16
3190,3,6.27
3191,8,20.48
3191,1,19.52
3192,1,23.02
3192,2,23.42
3192,66,20.06
3192,9,22.43
3192,275,20.38
3193,2,14.29
3193,9,13.08
3193,41,14.27
3193,13,12.85
3193,81,14.38
3194,1,51.53
3194,5,54.48
3195,1,7.32
3195,25,7.75
3195,55,7.09
3196,7,5.66
3197,24,9.82
3198,3,10.38
3199,10,2.81
3199,228,2.81
3200,1,16.99
3200,19,15.07
3200,451,13.88
3201,1,34.85
3201,71,32.24
3202,370,24.44
3202,4,18.60
3203,1,13.77
3203,93,9.43
3204,1,28.97
3204,2,25.49
3204,100,27.52
3205,1,12.90
3205,2,18.83
3205,20,16.20
3206,240,136.59
3207,361,14.53
3207,18,14.88
3207,10,14.45
3207,47,13.43
3208,129,12.68
3208,156,13.90
3209,1,16.87
3209,21,12.21
3210,1,18.05
3210,59,17.21
3211,1,16.83
3212,53,17.06
3213,305,49.59
3214,172,14.10
3215,16,13.94
3215,1,15.16
3215,5,15.37
3216,353,16.95
3217,1,29.08
3217,141,33.05
3217,17,29.04
3217,7,34.16
3218,1,10.61
3218,74,8.01
3218,38,11.83
3219,1,64.77
3219,3,49.88
3219,8,64.18
3219,10,59.39
3219,30,63.25
3220,1,30.78
3221,1,34.26
3222,166,14.56
3223,9,7.40
3223,266,6.13
3223,3,5.81
3223,30,9.55
3224,15,21.74
3225,1,36.53
3225,3,34.28
3225,7,37.67
3225,8,42.59
3225,51,46.25
3226,4,25.65
3226,6,19.72
3226,269,26.39
3226,86,25.17
3226,28,22.05
3227,34,29.51
3228,2,103.01
3229,17,50.04
3229,94,37.45
3230,18,39.21
3230,14,32.11
3231,1,48.01
3231,20,36.46
3232,6,14.92
3233,70,28.59
3234,1,21.01
3234,10,19.83
3234,5,16.72
3234,9,15.55
3235,8,28.08
3235,45,23.10
3235,5,26.36
3236,52,6.41
3236,103,6.06
3237,88,33.12
3237,12,39.19
3238,473,1.64
3238,2,1.52
3238,28,1.72
3239,17,18.29
3239,14,15.02
3240,476,32.93
3241,1,26.30
3242,417,4.77
3242,2,4.67
3242,3,4.89
3242,4,5.74
3242,1,4.54
3243,2,32.69
3243,7,31.27
3244,5,24.92
3245,18,1.63
3245,1,1.71
3245,2,1.86
3245,243,1.49
3246,72,47.48
3246,13,41.48
3247,1,7.36
3247,3,6.83
3247,8,5.67
3247,79,6.74
3247,19,6.04
3248,2,98.17
3249,37,15.40
3250,33,23.49
3250,1,20.34
3251,86,20.98
3252,24,19.09
3252,2,28.23
3253,1,8.47
3253,187,8.56
3254,24,27.25
3254,109,26.01
3255,10,9.68
3255,4,14.64
3256,66,106.26
3256,4,92.40
3257,7,12.03
3258,332,91.01
3258,77,114.89
3259,419,17.76
3260,1,21.09
3260,2,18.20
3261,2,24.08
3262,1,59.11
3262,2,55.07
3262,452,66.20
3262,74,60.34
3262,21,65.82
3263,4,19.82
3263,14,20.62
3264,1,21.02
3264,2,22.70
3264,7,22.98
3264,9,22.20
3264,110,22.56
3265,19,2.88
3265,12,3.00
3266,30,2.61
3267,147,12.90
3267,36,16.53
3268,1,33.01
3268,6,33.02
3269,37,17.38
3270,88,28.92
3270,153,23.79
3270,2,31.07
3271,1,5.30
3271,2,6.88
3272,1,39.90
3272,66,35.28
3272,3,37.34
3272,146,33.41
3272,21,37.67
3273,1,35.35
3274,1,12.73
3274,449,15.60
3274,5,12.65
3274,52,9.84
3274,87,14.25
3275,8,74.89
3275,7,76.78
3275,31,60.07
3276,20,34.09
3276,6,39.49
3277,3,9.25
3277,4,11.56
3277,137,8.52
3277,49,13.06
3277,22,11.68
3278,3,28.56
3278,9,25.17
3278,74,24.01
3278,2,30.68
3279,1,38.13
3279,3,42.48
3280,73,61.74
3280,11,53.02
3281,1,32.35
3282,26,6.19
3283,3,22.89
3283,12,14.20
3283,4,17.49
3284,1,2.46
3284,26,2.09
3285,1,33.22
3286,2,12.81
3286,105,13.49
3286,48,12.31
3286,56,9.88
3286,28,8.88
3287,5,20.43
3287,15,16.82
3288,1,10.74
3288,5,8.48
3288,19,7.82
3288,62,10.64
3288,127,6.95
3289,93,38.59
3290,334,42.49
3291,11,30.63
3291,14,32.10
3292,2,16.79
3292,47,20.63
3292,20,15.19
3292,52,22.14
3292,119,23.66
3293,1,12.89
3293,7,10.12
3293,20,13.00
3293,117,12.02
3293,22,7.98
3294,115,22.94
3295,43,21.12
3296,73,35.00
3297,2,45.25
3298,5,15.43
3299,4,15.92
3300,26,9.29
3301,2,72.26
3301,4,79.31
3301,95,64.14
3302,1,598.97
3303,1,60.40
3303,210,42.51
3303,276,51.77
3304,1,5.75
3304,39,5.57
3305,188,43.27
3306,1,20.52
3306,2,16.01
3306,165,21.02
3307,2,20.50
3308,55,43.81
3309,25,5.34
3309,15,7.13
3310,1,11.85
3310,83,9.46
3311,1,2.51
3311,21,2.41
3312,11,7.62
3313,28,16.39
3313,7,14.93
3314,2,56.09
3314,7,42.95
3314,239,43.39
3315,12,25.45
3316,1,3.29
3316,69,2.73
3316,39,4.25
3316,40,3.53
3316,42,4.00
3317,2,9.13
3318,1,43.88
3319,150,5.44
3320,10,30.38
3321,1,60.26
3321,2,74.53
3321,5,64.76
3321,10,57.79
3321,26,74.42
3322,29,20.40
3323,1,25.35
3323,4,22.72
3323,134,27.82
3323,12,30.14
3323,13,30.04
3324,27,8.52
3324,4,7.37
3325,1,6.27
3325,2,4.84
3325,4,6.51
3325,12,6.52
3325,78,7.04
3326,12,23.23
3327,280,30.96
3328,18,10.06
3328,26,9.59
3328,276,10.34
3329,32,17.70
3329,1,16.64
3329,3,18.67
3330,1,2.20
3330,10,1.51
3330,3,2.10
3330,21,1.98
3331,1,13.16
3332,7,16.14
3333,2,25.24
3334,349,9.70
3335,29,44.83
3336,2,6.98
3336,11,7.84
3336,50,7.69
3337,4,41.75
3337,78,43.83
3338,7,13.19
3338,175,14.19
3339,25,43.11
3339,1,47.01
3340,1,26.50
3340,2,30.85
3340,4,29.11
3340,13,31.05
3340,25,29.20
3341,2,16.90
3341,35,17.34
3342,4,26.96
3343,8,2.52
3343,1,2.31
3344,3,41.08
3345,1,12.30
3345,2,19.04
3345,4,12.41
3345,13,14.04
3345,49,14.68
3346,73,10.87
3346,7,10.36
3347,1,52.24
3347,3,44.90
3348,1,29.22
3348,228,28.08
3349,8,38.05
3349,183,44.89
3350,1,28.71
3351,1,11.64
3352,49,3.83
3352,210,4.19
3352,21,3.21
3352,55,4.05
3352,89,3.02
3353,12,15.72
3354,1,3.13
3355,19,10.30
3355,4,7.98
3356,5,8.39
3356,165,6.84
3357,258,37.22
3357,2,51.56
3357,3,50.76
3357,5,40.89
3357,140,35.50
3358,4,6.65
3358,5,4.45
3359,1,6.53
3359,66,5.66
3360,2,40.02
3361,1,9.42
3361,2,9.38
3361,7,13.15
3361,271,9.17
3361,15,12.07
3362,259,20.59
3363,1,13.28
3363,290,9.45
3364,14,19.97
3365,10,27.83
3366,26,3.84
3366,39,5.97
3367,1,42.61
3367,107,46.29
3367,235,34.71
3367,43,43.83
3367,25,44.55
3368,1,16.44
3368,31,18.95
3369,1,9.24
3369,2,9.38
3370,3,12.02
3371,121,15.45
3372,1,11.73
3373,72,32.46
3374,1,2.30
3375,15,27.18
3375,7,37.29
3376,16,11.96
3376,34,10.09
3377,4,5.63
3377,5,6.16
3378,49,5.82
3378,1,6.72
3378,17,6.62
3379,36,40.55
3380,1,10.80
3380,22,7.80
3381,112,44.26
3382,1,6.11
3382,19,6.14
3382,110,6.24
3383,10,7.49
3383,2,9.26
3384,1,18.25
3384,4,16.82
3384,12,12.05
3384,13,14.48
3384,15,17.07
3385,17,37.67
3385,27,38.02
3385,1,38.70
3385,7,35.16
3386,26,4.70
3387,46,21.68
3388,40,10.05
3388,1,12.94
3389,1,31.98
3389,2,31.97
3390,92,43.57
3391,7,9.62
3392,1,13.77
3393,8,18.17
3393,2,16.49
3393,5,21.59
3394,1,7.25
3394,2,5.12
3394,124,7.02
3395,1,19.95
3395,5,30.95
3395,7,33.53
3395,8,22.08
3395,15,23.40
3396,2,16.11
3397,8,89.81
3398,2,14.79
3399,2,9.47
3399,5,8.51
3400,2,6.54
3400,3,4.14
3400,7,5.90
3401,2,11.91
3402,1,28.53
3402,5,21.07
3403,39,29.46
3404,55,18.14
3405,265,38.35
3406,1,21.81
3406,3,19.86
3406,4,20.71
3406,23,14.98
3406,124,21.64
3407,109,9.04
3408,1,20.75
3408,31,16.41
3409,2,338.21
3409,3,357.73
3410,1,2.66
3410,36,2.74
3411,73,13.89
3412,72,22.98
3412,145,33.43
3413,1,19.78
3413,83,24.40
3414,1,6.29
3415,1,5.22
3415,107,3.40
3416,4,20.11
3416,102,13.97
3417,18,42.11
3418,1,17.74
3418,201,23.03
3419,1,12.45
3419,2,9.81
3419,3,8.83
3419,40,12.12
3419,12,10.04
3420,2,49.41
3420,7,45.74
3421,1,55.16
3421,20,42.04
3421,4,51.62
3422,12,27.32
3423,1,18.27
3424,45,65.42
3424,7,69.96
3425,3,16.98
3426,2,29.19
3426,7,20.74
3427,1,18.41
3428,8,28.19
3429,33,5.93
3429,4,8.77
3429,12,6.24
3430,1,15.13
3430,2,14.47
3430,3,17.69
3430,20,14.10
3430,28,14.56
3431,8,13.84
3431,1,13.85
3431,2,17.33
3431,43,18.16
3432,3,11.65
3433,28,94.37
3433,5,76.78
3434,1,9.65
3435,9,41.84
3436,208,20.50
3436,1,14.30
3437,1,206.79
3437,2,262.55
3438,13,21.14
3438,5,21.54
3439,78,5.46
3440,8,37.61
3441,2,13.43
3441,8,18.27
3441,47,16.80
3441,26,21.14
3441,157,13.37
3442,43,14.46
3443,1,38.97
3443,3,40.32
3444,1,23.89
3444,100,18.47
3444,147,16.97
3444,21,15.87
3444,89,22.90
3445,281,9.74
3445,82,11.48
3446,24,17.11
3446,19,11.24
3447,8,2.26
3447,93,2.93
3448,51,112.37
3449,109,18.77
3450,77,22.58
3451,4,20.83
3451,327,13.57
3452,8,22.67
3452,1,36.22
3452,109,29.84
3452,23,35.78
3453,1,42.12
3454,53,24.90
3455,1,17.21
3455,3,25.81
3456,1,12.01
3456,3,7.39
3456,4,8.76
3456,305,9.04
3456,476,9.90
3457,158,16.72
3458,2,9.05
3459,1,7.08
3459,116,6.36
3460,19,6.94
3460,6,8.87
3461,21,24.44
3462,80,11.22
3462,218,11.36
3462,6,11.03
3463,9,5.46
3464,11,50.22
3464,183,32.27
3465,1,6.73
3466,1,9.85
3467,193,18.20
3467,13,17.65
3468,1,10.36
3468,142,6.98
3468,47,8.07
3469,408,48.30
3469,1,32.75
3470,10,48.30
3471,6,16.27
3472,1,9.18
3472,14,10.05
3472,71,13.19
3473,8,85.45
3474,5,27.68
3475,136,7.36
3476,152,14.26
3476,116,9.98
3477,1,111.15
3477,26,104.60
3477,245,101.58
3478,1,27.51
3478,12,27.38
3479,1,7.71
3480,1,11.38
3480,5,14.81
3480,6,10.54
3480,46,12.34
3480,17,13.55
3481,92,39.12
3482,2,8.33
3482,4,5.93
3482,5,7.41
3483,40,7.31
3483,1,7.50
3483,2,9.54
3484,3,7.85
3485,11,61.43
3485,3,47.74
3485,285,41.36
3485,158,58.62
3486,1,45.82
3487,1,10.75
3487,33,8.48
3487,4,9.41
3487,39,10.76
3487,126,9.62
3488,26,2.89
3489,1,37.95
3489,2,37.20
3489,3,26.31
3489,202,28.48
3489,27,29.70
3490,1,29.10
3491,9,29.73
3491,2,30.64
3491,3,28.65
3492,232,42.20
3493,6,2.99
3494,193,28.17
3495,328,6.88
3496,15,13.12
3497,1,19.94
3497,22,24.48
3497,6,20.05
3498,1,61.38
3498,42,78.21
3498,4,84.12
3499,32,77.87
3499,416,63.46
3500,4,24.57
3501,144,23.86
3501,2,20.93
3501,92,32.84
3502,26,38.49
3503,381,25.33
3504,1,12.58
3505,40,21.04
3505,1,16.74
3505,3,18.10
3506,1,9.32
3506,6,10.26
3506,7,10.34
3506,14,12.06
3506,373,11.48
3507,1,41.98
3507,22,56.73
3507,23,51.55
3507,25,41.10
3507,347,46.37
3508,1,6.27
3509,2,13.86
3510,8,20.50
3510,2,13.72
3510,259,17.08
3510,148,13.50
3511,1,2.08
3511,378,2.16
3512,97,11.28
3512,2,7.13
3513,1,71.26
3513,4,77.52
3514,4,40.45
3514,39,60.67
3515,1,16.52
3516,5,10.07
3516,31,6.69
3517,1,8.77
3517,211,11.88
3518,1,32.78
3518,93,26.49
3519,3,14.16
3519,277,11.71
3520,1,48.95
3520,50,48.53
3520,10,52.70
3520,71,51.51
3521,3,4.98
3521,167,5.35
3522,4,9.76
3522,104,8.85
3522,26,9.96
3522,379,11.41
3522,31,11.89
3523,37,31.67
3524,10,66.93
3525,1,13.86
3525,14,9.93
3526,81,13.39
3526,3,17.36
3527,24,59.71
3527,166,56.50
3527,22,41.68
3528,1,16.26
3529,1,29.68
3529,25,30.61
3529,39,31.02
3530,136,35.75
3530,1,25.89
3530,3,30.22
3530,6,35.53
3531,1,49.37
3531,91,55.16
3532,6,92.58
3533,1,12.11
3533,12,11.09
3533,20,16.64
3534,6,5.32
3534,70,4.95
3534,9,5.42
3534,143,5.52
3534,95,6.31
3535,1,36.83
3535,2,26.90
3536,3,11.79
3537,1,24.98
3537,2,29.14
3537,4,29.53
3537,11,22.00
3537,27,25.33
3538,1,38.50
3539,50,20.94
3539,428,23.40
3539,37,16.38
3540,8,10.67
3541,3,18.60
3541,6,17.00
3542,1,38.02
3542,2,27.91
3542,12,39.62
3543,1,18.05
3543,22,17.59
3544,130,41.42
3545,1,68.96
3545,22,71.37
3546,9,3.49
3547,1,7.66
3547,15,6.75
3548,2,41.62
3549,3,22.59
3550,32,21.44
3550,1,18.09
3551,17,8.50
3551,3,9.30
3552,2,25.83
3553,2,2.96
3553,6,3.12
3554,1,18.01
3554,3,12.37
3555,1,31.38
3555,2,28.75
3555,43,27.64
3555,7,26.99
3556,1,8.73
3556,28,9.62
3557,1,21.62
3557,2,28.47
3557,4,21.59
3557,327,25.44
3557,21,33.22
3558,89,57.82
3558,33,43.11
3559,273,15.95
3559,21,24.85
3559,1,23.84
3560,129,11.02
3560,2,11.87
3560,1,11.25
3560,8,12.39
3560,29,12.74
3561,2,34.46
3561,270,49.08
3562,167,13.44
3563,123,48.16
3564,2,6.24
3565,152,5.72
3565,1,5.23
3565,6,6.17
3566,2,29.63
3566,13,32.87
3567,295,26.02
3568,33,54.84
3568,4,51.93
3569,2,33.33
3570,1,8.86
3570,11,8.73
3571,2,33.45
3572,10,60.68
3573,1,2.00
3573,2,1.49
3573,19,1.72
3573,20,2.19
3573,23,1.59
3574,1,14.02
3574,10,13.96
3574,2,18.78
3575,1,47.43
3575,5,50.02
3576,373,10.57
3577,4,18.46
3578,22,24.79
3579,10,3.11
3579,2,3.69
3579,171,3.78
3580,2,19.53
3581,128,8.59
3581,1,10.36
3582,1,25.93
3583,2,112.44
3583,3,106.84
3584,1,22.02
3584,18,19.27
3584,15,19.63
3585,2,8.52
3586,11,5.96
3586,4,4.00
3586,7,4.68
3587,21,14.14
3588,2,2.97
3588,11,3.17
3589,2,14.55
3590,9,24.79
3591,1,9.63
3592,2,16.77
3592,3,13.20
3593,52,23.35
3593,5,22.49
3594,1,39.11
3594,3,60.24
3595,1,57.84
3595,6,69.20
3596,17,36.44
3597,1,77.29
3597,3,64.68
3598,1,30.16
3598,2,34.14
3598,258,27.62
3599,2,81.99
3600,4,16.36
3601,2,6.59
3601,4,5.12
3602,1,30.41
3602,6,29.95
3603,82,7.02
3603,18,5.75
3604,1,68.12
3604,4,54.37
3605,2,12.85
3606,3,94.69
3606,227,119.45
3607,439,25.65
3608,5,11.39
3609,2,12.07
3609,6,11.77
3610,93,47.93
3610,22,52.64
3610,7,40.85
3611,1,20.46
3611,37,23.50
3612,17,4.29
3612,10,4.59
3612,407,3.67
3613,1,10.46
3614,1,40.17
3615,2,39.55
3616,6,23.83
3617,9,7.91
3617,4,8.37
3617,6,9.07
3618,8,14.40
3618,56,12.31
3619,1,14.61
3619,34,14.66
3620,6,39.64
3620,103,44.42
3621,3,13.35
3621,364,13.48
3622,12,10.39
3623,1,5.41
3623,2,5.48
3623,12,4.86
3623,213,4.48
3624,1,33.90
3624,2,25.11
3624,41,30.67
3624,49,29.04
3625,201,31.70
3625,6,28.25
3626,1,120.66
3627,7,5.96
3628,17,105.55
3629,25,12.18
3629,91,12.82
3629,3,18.67
3630,1,64.28
3631,74,8.53
3632,3,36.68
3632,19,37.79
3633,1,15.67
3634,6,30.68
3635,2,11.44
3635,215,9.62
3635,39,9.12
3636,113,9.81
3637,1,18.13
3637,202,19.41
3637,163,13.97
3638,1,9.14
3638,6,8.78
3639,73,11.62
3639,2,14.79
3640,83,8.65
3640,3,11.60
3641,1,20.07
3641,3,20.21
3642,1,52.63
3642,28,49.94
3643,1,17.97
3643,10,16.13
3644,4,37.78
3644,127,38.48
3645,2,3.37
3645,43,4.78
3646,3,19.52
3647,1,6.87
3647,63,9.02
3648,4,33.90
3649,2,51.47
3649,13,38.20
3650,1,34.39
3650,2,31.71
3650,3,37.54
3650,283,31.53
3650,284,31.73
3651,3,46.98
3652,1,15.04
3652,10,15.41
3652,93,11.40
3653,118,8.96
3654,8,114.70
3655,1,11.64
3655,14,10.30
3655,6,8.61
3655,7,10.22
3656,2,9.82
3656,4,13.16
3656,214,13.01
3657,1,14.27
3658,1,4.32
3658,9,6.10
3659,1,5.92
3659,132,8.37
3659,45,5.85
3660,1,38.82
3660,2,45.26
3660,6,28.91
3661,2,12.74
3661,3,14.13
3662,2,22.24
3663,1,64.89
3663,5,49.49
3664,1,10.93
3664,35,12.50
3665,16,7.80
3665,1,6.39
3666,134,11.41
3667,4,56.19
3668,59,25.24
3669,1,14.84
3669,2,11.80
3669,6,12.66
3670,20,17.45
3671,5,11.12
3672,41,115.84
3672,35,101.64
3672,4,88.01
3672,6,103.31
3673,3,45.81
3673,5,44.63
3674,1,14.81
3674,5,12.64
3675,150,6.74
3675,7,5.25
3676,29,24.43
3677,1,26.94
3677,4,27.96
3677,6,38.17
3677,7,38.06
3677,31,27.28
3678,1,5.16
3678,27,4.93
3679,1,10.98
3680,3,9.75
3681,9,42.20
3681,2,38.54
3681,17,45.54
3682,29,6.86
3683,56,25.28
3683,1,33.74
3684,1,26.71
3685,16,22.26
3686,37,26.45
3686,14,30.60
3687,8,6.02
3687,301,9.19
3688,3,24.64
3689,2,9.51
3689,7,12.38
3690,100,5.79
3691,1,9.11
3691,2,11.62
3691,3,9.63
3691,197,10.07
3691,56,12.39
3692,5,17.64
3692,15,18.75
3693,265,23.40
3694,4,28.54
3695,160,13.43
3695,1,16.32
3695,2,12.54
3695,76,12.29
3695,51,16.49
3696,1,30.46
3696,27,28.29
3696,57,34.32
3697,96,11.73
3697,1,10.27
3698,2,18.32
3699,3,21.00
3699,119,18.77
3700,1,59.27
3700,2,53.00
3700,3,48.31
3700,36,50.15
3700,21,44.82
3701,8,3.61
3702,1,3.65
3703,49,21.74
3704,44,49.92
3705,228,6.14
3706,233,20.82
3706,26,22.62
3707,77,48.29
3708,7,57.24
3709,9,19.36
3710,32,4.77
3710,7,5.08
3711,1,32.64
3712,1,16.42
3712,51,22.49
3713,1,117.90
3713,14,89.93
3714,8,7.85
3715,16,23.97
3715,7,20.50
3716,16,12.62
3716,121,16.62
3716,146,10.77
3716,1,15.20
3717,1,60.77
3717,23,49.60
3718,1,14.64
3719,1,20.82
3719,146,12.91
3720,2,30.36
3720,29,37.81
3721,33,10.53
3721,14,14.93
3722,1,17.37
3722,2,19.30
3722,3,16.47
3722,101,15.64
3722,428,14.57
3723,1,7.98
3723,45,8.64
3723,93,9.15
3724,3,6.24
3725,1,18.38
3725,2,17.63
3725,116,24.27
3725,25,20.47
3725,27,27.06
3726,1,72.72
3727,3,48.10
3727,6,46.61
3728,1,2.44
3728,18,3.72
3729,3,7.03
3729,11,8.75
3730,90,4.75
3730,2,4.35
3731,4,85.86
3731,71,87.00
3732,3,11.97
3732,117,10.70
3733,30,16.05
3734,2,4.67
3734,205,5.09
3735,1,24.33
3736,2,21.08
3736,37,13.90
3737,1,16.59
3738,1,7.74
3739,192,13.86
3739,2,15.00
3739,93,15.88
3739,47,10.17
3740,25,6.02
3741,1,28.08
3742,1,22.12
3742,2,20.56
3742,5,16.07
3743,1,45.07
3744,1,61.90
3744,12,102.19
3745,12,17.75
3745,5,21.23
3746,1,54.90
3746,162,58.05
3746,43,60.66
3746,33,74.94
3747,32,5.11
3748,32,44.38
3748,42,38.67
3749,3,8.07
3750,19,51.21
3751,1,28.20
3752,6,8.76
3752,71,7.88
3753,314,5.42
3753,23,6.29
3754,11,12.34
3754,6,14.19
3755,65,7.37
3756,1,34.30
3757,14,15.09
3758,1,11.32
3758,51,10.36
3759,3,4.12
3759,7,5.78
3760,14,19.56
3760,111,15.61
3761,1,106.07
3761,20,89.42
3762,40,17.65
3762,166,14.87
3763,1,18.89
3763,3,21.85
3763,4,21.99
3763,116,18.99
3763,21,16.24
3764,2,12.84
3764,311,11.88
3765,1,9.80
3765,7,11.36
3766,1,6.19
3766,27,6.39
3766,5,5.50
3767,290,2.57
3768,58,12.80
3769,5,33.13
3769,479,23.09
3770,1,2.14
3771,8,33.27
3771,3,37.77
3771,23,35.51
3772,1,16.96
3772,3,12.24
3772,4,13.03
3773,120,20.17
3773,1,19.37
3774,2,14.89
3775,260,148.04
3776,1,63.13
3777,1,58.07
3777,99,49.02
3777,52,46.78
3777,9,56.63
3778,1,53.03
3778,7,40.66
3779,4,63.81
3779,12,60.15
3780,15,70.65
3780,55,47.51
3781,3,25.94
3781,9,28.37
3781,11,29.96
3782,1,30.19
3783,234,81.39
3783,3,62.80
3784,11,11.93
3785,5,24.96
3786,58,28.75
3786,13,39.53
3787,1,29.73
3787,7,33.73
3788,385,20.99
3788,21,18.92
3789,1,20.86
3789,34,18.09
3789,4,18.13
3790,1,19.54
3790,38,19.34
3791,1,5.87
3791,2,6.14
3792,1,30.96
3792,2,41.92
3792,3,45.23
3792,6,39.38
3792,11,36.69
3793,2,23.84
3794,353,21.84
3794,3,25.26
3794,1,21.21
3795,1,11.78
3795,2,12.75
3795,44,13.33
3795,447,10.66
3796,7,3.09
3797,2,25.92
3797,23,31.26
3798,5,24.17
3799,36,29.26
3799,7,35.66
3800,1,4.60
3800,146,5.58
3801,8,59.05
3802,2,12.07
3802,28,12.12
3803,5,24.95
3804,14,13.42
3805,2,11.83
3805,271,13.30
3806,13,2.02
3806,14,1.85
3807,147,14.52
3808,10,106.13
3808,3,112.46
3808,4,101.12
3809,72,32.01
3809,2,26.61
3810,64,9.27
3810,3,10.24
3811,4,4.93
3812,25,6.58
3812,75,5.11
3813,351,7.75
3814,8,9.16
3815,2,21.76
3815,4,17.34
3815,74,15.61
3815,7,19.51
3816,2,37.59
3816,23,43.11
3817,1,16.33
3817,36,14.83
3818,1,6.41
3818,2,8.59
3818,5,8.93
3818,6,7.14
3818,31,8.35
3819,17,9.52
3819,2,6.26
3820,30,1.77
3820,7,1.80
3821,2,6.83
3822,405,5.07
3823,1,22.31
3823,2,23.79
3823,11,17.13
3823,51,17.39
3823,27,21.69
3824,56,10.84
3824,20,7.82
3824,47,9.40
3825,1,18.44
3825,2,14.31
3826,2,18.14
3826,259,15.68
3827,3,5.15
3827,15,4.56
3828,20,8.55
3828,22,7.79
3829,17,7.38
3829,25,7.85
3830,1,46.54
3831,1,13.74
3832,1,19.35
3832,38,18.67
3832,83,24.13
3832,26,24.47
3832,222,15.76
3833,3,9.44
3834,1,27.65
3835,10,30.35
3836,13,6.49
3837,1,20.95
3837,18,20.72
3838,2,2.67
3838,13,2.52
3839,451,18.46
3840,1,19.33
3840,23,16.82
3841,3,11.00
3842,1,37.36
3842,6,45.66
3843,1,6.83
3844,3,10.58
3845,284,20.92
3846,1,7.30
3846,12,5.37
3846,7,6.39
3847,1,15.97
3847,2,14.75
3847,5,16.16
3848,121,8.52
3848,117,11.36
3849,1,27.04
3849,3,20.16
3849,68,27.29
3849,17,18.69
3849,22,26.11
3850,73,11.13
3850,133,10.69
3851,3,61.41
3852,65,65.49
3852,3,64.32
3853,1,63.44
3853,122,68.88
3853,307,44.82
3854,3,50.35
3855,3,21.14
3856,1,4.40
3856,4,2.90
3856,13,3.59
3857,1,28.83
3857,7,28.16
3857,104,26.01
3857,19,18.97
3857,91,18.82
3858,1,13.82
3858,431,15.42
3859,10,59.98
3859,6,52.19
3860,29,27.26
3861,24,18.77
3861,2,13.67
3861,3,19.23
3861,109,18.47
3862,76,16.76
3862,5,26.02
3863,1,149.24
3863,2,139.00
3863,171,105.88
3863,4,126.25
3864,73,26.69
3864,26,23.64
3864,1,28.95
3865,1,71.59
3865,446,52.55
3866,3,17.81
3867,297,8.55
3868,1,6.55
3868,5,6.93
3868,12,6.65
3868,14,7.17
3868,15,8.23
3869,288,24.76
3869,3,16.12
3869,4,18.45
3870,1,21.76
3870,36,27.47
3871,8,6.74
3871,1,4.93
3871,80,5.93
3872,2,6.33
3872,75,7.04
3873,1,9.19
3874,427,15.99
3875,1,23.23
3875,4,24.19
3875,5,19.31
3875,6,20.99
3875,149,21.73
3876,3,4.17
3876,60,4.84
3877,360,13.29
3877,2,13.18
3878,32,20.16
3878,5,14.56
3879,2,16.22
3879,3,21.83
3880,336,31.44
3880,53,27.69
3881,1,20.65
3881,3,17.58
3881,9,16.04
3881,119,18.39
3882,2,2.20
3883,2,70.59
3883,5,54.93
3883,14,65.46
3883,6,81.95
3884,1,70.38
3885,1,40.09
3885,2,48.85
3885,13,30.30
3886,1,16.05
3887,138,19.32
3887,3,13.64
3887,229,16.32
3888,1,3.11
3889,5,17.27
3890,68,8.65
3890,78,5.95
3891,409,10.36
3892,3,32.22
3892,9,26.34
3892,82,24.52
3892,476,20.12
3892,188,27.60
3893,1,126.47
3893,2,85.27
3894,40,14.52
3894,1,10.40
3894,3,14.10
3895,290,33.62
3895,2,21.40
3895,9,25.69
3895,29,22.52
3895,63,32.74
3896,10,5.63
3897,1,100.87
3897,14,76.92
3898,112,12.44
3898,1,13.17
3898,202,14.01
3899,1,7.98
3900,1,116.54
3900,10,112.49
3900,6,108.59
3901,1,5.65
3902,206,32.08
3903,2,41.91
3903,334,35.68
3904,48,43.34
3904,11,30.88
3905,1,15.54
3905,6,13.39
3906,1,113.05
3906,18,109.32
3907,1,10.09
3907,66,10.58
3907,2,9.69
3907,5,11.84
3907,23,10.25
3908,21,12.35
3909,2,38.11
3909,4,35.40
3910,8,20.10
3910,132,22.77
3910,21,24.14
3911,1,19.55
3911,31,20.84
3912,466,59.05
3913,1,10.90
3913,11,11.79
3914,1,6.10
3914,34,5.73
3915,1,22.62
3915,2,34.51
3915,3,24.40
3915,201,35.56
3915,149,25.35
3916,22,39.86
3916,30,45.74
3917,2,19.04
3917,12,22.92
3918,349,17.32
3918,7,16.17
3919,1,28.01
3919,2,28.29
3920,4,34.21
3920,37,24.59
3920,319,31.72
3921,377,9.75
3922,48,5.73
3923,128,6.22
3923,1,8.21
3923,25,5.99
3923,26,8.39
3923,29,6.65
3924,3,19.81
3924,4,19.44
3925,1,13.01
3925,5,12.42
3926,441,13.07
3927,1,38.16
3927,306,38.35
3927,366,44.49
3928,13,8.57
3928,53,13.57
3929,1,13.27
3929,2,16.43
3929,206,16.24
3930,1,5.82
3930,20,5.29
3931,1,17.27
3931,5,20.81
3932,182,30.21
3933,1,14.55
3933,2,10.53
3933,5,15.63
3934,19,10.05
3934,37,9.65
3935,1,9.29
3935,127,9.11
3936,13,24.66
3937,3,89.69
3938,176,33.38
3938,346,43.20
3938,53,30.30
3939,2,19.56
3939,28,19.79
3940,8,16.92
3940,10,18.31
3941,43,23.49
3942,3,13.68
3943,1,6.41
3943,2,5.60
3943,8,6.35
3943,41,6.51
3943,306,6.82
3944,1,112.43
3945,1,14.66
3945,11,13.81
3945,76,16.05
3945,13,16.29
3945,178,13.23
3946,2,28.01
3946,67,20.59
3946,6,24.28
3946,47,23.73
3946,25,23.74
3947,4,27.84
3948,8,21.04
3948,39,17.02
3949,1,56.12
3950,38,23.14
3951,13,103.10
3952,297,144.05
3952,201,90.29
3953,1,12.21
3953,2,9.74
3953,3,9.74
3954,46,98.30
3955,66,10.04
3956,1,19.01
3956,6,16.95
3957,1,12.60
3957,3,14.87
3957,6,15.17
3957,12,15.23
3957,303,13.37
3958,412,16.93
3959,3,46.33
3959,4,40.06
3959,44,50.04
3959,342,43.50
3959,25,52.17
3960,1,4.66
3960,4,4.70
3961,1,15.37
3961,15,11.48
3962,2,49.65
3962,3,63.35
3963,1,60.21
3963,22,73.05
3963,6,48.97
3964,194,36.11
3965,1,60.39
3965,2,53.86
3965,13,66.32
3965,6,68.16
3966,32,15.65
3966,86,19.16
3966,14,20.13
3967,315,122.60
3968,3,30.43
3968,69,30.86
3968,6,33.30
3969,1,31.62
3969,2,38.54
3970,21,21.47
3971,216,17.24
3971,2,21.69
3972,1,48.34
3972,74,42.72
3972,11,33.03
3972,158,49.78
3973,1,2.06
3973,2,1.64
3973,4,2.06
3973,7,1.56
3973,14,1.80
3974,80,10.77
3974,1,8.95
3975,284,34.23
3976,2,14.23
3977,1,11.66
3978,16,39.00
3978,1,38.76
3978,3,43.04
3979,1,38.03
3979,226,38.81
3979,2,39.28
3979,183,41.99
3980,18,7.92
3980,4,11.24
3981,10,4.77
3981,4,4.50
3982,5,137.59
3983,1,11.61
3983,2,14.72
3983,5,13.59
3984,43,12.98
3985,1,61.29
3985,3,66.44
3986,13,18.40
3987,411,7.86
3988,4,10.50
3988,5,10.29
3989,9,10.43
3989,29,11.49
3990,1,17.83
3991,108,13.08
3991,46,13.80
3992,138,25.24
3993,86,16.69
3994,4,8.64
3994,14,9.07
3995,1,8.83
3995,125,8.51
3996,17,17.35
3997,409,36.41
3997,4,39.42
3997,7,34.53
3998,116,7.86
3998,101,5.62
3999,1,36.36
3999,165,33.34
4000,125,4.09
4001,1,10.64
4001,44,8.33
4001,4,8.61
4002,3,23.02
4002,38,32.40
4003,19,183.15
4004,2,9.99
4005,108,18.59
4006,416,83.72
4006,83,81.10
4006,4,95.14
4007,93,14.85
4008,169,7.93
4008,3,8.42
4009,65,36.49
4009,1,37.96
4010,48,8.72
4010,137,8.90
4011,2,32.93
4011,3,27.06
4011,151,23.19
4012,1,17.45
4012,279,20.59
4013,1,3.60
4013,68,4.16
4013,9,4.60
4013,203,4.41
4013,22,3.48
4014,238,9.12
4014,7,8.27
4015,2,21.89
4015,3,27.55
4015,12,22.76
4016,497,42.03
4016,271,41.59
4017,142,6.84
4018,3,18.56
4018,31,22.03
4019,489,29.73
4019,2,20.88
4020,1,67.33
4020,2,59.83
4021,1,6.33
4021,2,9.92
4022,2,3.72
4023,7,58.96
4024,2,14.51
4024,133,16.96
4025,24,4.34
4025,73,3.52
4026,129,22.74
4026,2,18.43
4027,63,19.30
4028,1,6.52
4028,27,6.87
4029,20,26.11
4030,32,15.97
4031,17,22.38
4031,2,20.86
4032,1,5.41
4033,1,8.73
4033,2,11.43
4034,1,68.55
4035,17,10.04
4035,3,9.10
4036,1,46.72
4036,79,44.23
4037,1,9.50
4037,58,9.54
4038,26,10.97
4038,12,10.62
4039,1,21.69
4039,2,20.96
4040,311,30.49
4041,366,5.18
4042,8,6.09
4042,2,9.32
4043,1,27.82
4044,19,24.39
4044,3,26.11
4044,285,16.87
4044,6,25.62
4045,3,10.38
4045,6,16.48
4046,148,27.41
4047,1,17.23
4047,2,13.91
4048,4,31.02
4049,1,68.09
4049,419,64.48
4049,6,85.31
4050,28,28.33
4050,29,40.95
4051,137,8.37
4051,2,8.22
4051,1,7.50
4051,7,8.62
4052,1,17.78
4052,170,20.48
4053,8,7.64
4053,1,6.80
4053,2,6.47
4054,1,7.97
4054,17,11.15
4055,78,5.52
4056,2,22.60
4056,60,27.46
4057,3,19.98
4057,12,18.21
4057,349,15.37
4057,38,17.15
4058,3,14.36
4059,1,69.89
4059,2,76.30
4060,2,21.05
4061,9,32.16
4061,14,21.38
4062,19,202.65
4062,253,181.39
4063,2,15.67
4063,35,14.02
4063,13,22.91
4063,60,14.06
4063,61,16.89
4064,1,11.54
4064,3,11.02
4065,7,48.80
4065,81,38.84
4065,209,30.05
4065,25,46.15
4065,317,37.11
4066,2,4.28
4066,3,4.70
4067,1,5.02
4068,29,9.46
4068,7,8.03
4069,256,4.46
4069,4,5.55
4070,3,19.03
4070,1,17.57
4070,19,17.79
4071,9,15.61
4071,27,16.17
4072,1,32.05
4072,7,41.09
4073,1,48.83
4074,33,18.75
4074,12,14.96
4075,16,47.49
4075,1,35.95
4075,4,37.12
4076,2,21.20
4076,3,27.08
4076,5,19.43
4076,498,19.27
4076,61,19.73
4077,40,11.01
4078,5,13.91
4078,78,14.31
4078,16,16.19
4078,147,14.46
4078,118,15.08
4079,40,13.89
4079,1,16.90
4079,13,14.03
4079,7,12.66
4080,437,9.46
4080,15,10.03
4081,153,5.34
4081,10,5.23
4081,79,6.05
4082,16,15.31
4082,1,15.77
4082,2,15.59
4082,35,20.88
4083,1,42.65
4083,212,46.56
4083,6,34.57
4084,58,8.08
4084,11,7.74
4085,3,7.21
4085,68,7.05
4086,22,20.33
4087,2,14.36
4088,9,41.45
4088,2,44.38
4089,1,21.21
4089,125,16.03
4090,1,14.15
4090,58,16.73
4090,172,13.67
4090,15,14.73
4091,13,2.20
4091,139,2.60
4091,29,3.45
4092,48,6.99
4092,1,6.58
4092,4,5.79
4093,17,9.03
4093,1,7.11
4094,238,1.78
4095,1,33.14
4095,2,27.17
4096,1,31.95
4096,2,30.69
4096,3,26.54
4096,429,40.12
4096,117,34.12
4097,1,9.30
4097,3,8.97
4098,265,7.47
4098,66,6.48
4098,119,8.51
4098,31,7.58
4099,1,5.24
4099,2,4.67
4100,33,14.97
4100,1,19.67
4100,427,18.08
4100,210,17.36
4100,122,16.56
4101,84,25.38
4102,12,3.52
4103,2,16.93
4103,86,21.73
4104,1,25.89
4105,1,13.90
4105,3,18.59
4105,4,14.80
4105,6,17.26
4105,308,16.26
4106,234,62.41
4107,53,31.78
4108,8,11.42
4108,1,15.99
4108,19,10.56
4109,20,66.00
4110,6,5.64
4111,8,23.04
4111,20,19.97
4112,1,71.18
4112,6,76.79
4113,67,24.58
4113,19,21.04
4114,1,15.68
4114,74,14.27
4114,2,21.40
4115,6,7.40
4116,1,54.04
4116,3,37.22
4116,202,44.13
4116,15,49.44
4116,93,32.76
4117,114,55.32
4118,8,44.43
4118,1,28.41
4118,10,44.10
4118,6,40.87
4119,19,24.31
4119,3,27.04
4120,5,17.89
4120,183,14.28
4121,1,10.76
4122,51,73.92
4123,131,7.61
4123,7,7.95
4123,6,5.59
4123,23,8.52
4124,1,8.42
4124,12,10.89
4125,1,38.66
4125,3,28.10
4125,40,34.32
4125,141,45.22
4125,147,38.33
4126,42,58.82
4127,3,60.72
4128,8,2.14
4128,1,2.53
4128,107,2.45
4129,337,49.27
4129,1,32.24
4130,9,143.32
4131,4,29.14
4131,21,38.41
4132,17,8.52
4133,5,51.05
4134,1,50.65
4134,2,51.89
4134,5,56.37
4134,333,57.81
4134,91,37.72
4135,2,21.97
4136,2,31.36
4137,368,18.35
4137,88,14.69
4138,1,40.65
4138,3,35.55
4138,4,32.67
4138,6,32.12
4138,283,29.95
4139,9,32.33
4139,1,32.55
4140,9,14.07
4140,5,17.97
4141,32,8.27
4141,33,12.58
4141,1,7.72
4141,5,7.59
4141,496,10.04
4142,3,21.23
4142,7,22.58
4142,4,19.33
4142,15,20.24
4143,2,26.76
4143,4,29.23
4144,124,25.18
4144,5,18.39
4145,16,8.68
4145,1,8.24
4146,17,3.89
4146,2,4.81
4146,25,6.38
4147,1,18.64
4147,82,23.29
4147,306,26.19
4148,1,25.76
4148,2,26.89
4149,216,18.18
4150,1,217.76
4151,11,83.03
4151,46,76.87
4152,1,30.12
4152,2,29.82
4153,3,14.12
4153,94,13.85
4154,38,37.01
4154,31,22.25
4155,13,59.87
4156,1,26.20
4156,2,20.14
4157,32,129.99
4157,14,94.92
4158,1,8.34
4158,2,13.44
4158,11,9.93
4159,1,39.84
4159,7,29.98
4160,2,13.99
4161,1,27.60
4161,2,30.57
4161,48,26.11
4161,243,24.69
4161,84,22.54
4162,32,15.13
4162,1,13.43
4162,379,15.58
4163,2,18.79
4163,108,23.71
4163,29,21.25
4164,2,11.69
4164,4,11.11
4165,1,262.69
4165,91,198.75
4165,29,189.74
4165,49,229.96
4166,58,4.26
4166,15,6.21
4167,1,11.36
4168,475,27.47
4169,59,15.60
4169,107,11.69
4170,2,22.80
4170,12,23.02
4171,13,10.42
4171,119,9.88
4172,1,171.93
4172,3,137.06
4173,1,20.51
4173,3,14.61
4174,1,108.44
4174,225,103.86
4175,1,33.46
4176,1,34.59
4176,21,27.37
4177,1,12.76
4178,8,10.05
4178,13,11.66
4178,5,6.95
4179,184,3.67
4179,50,4.29
4179,301,4.72
4179,342,4.34
4180,1,32.91
4180,252,20.88
4180,85,22.33
4180,47,22.00
4181,1,24.53
4181,30,16.39
4182,1,42.16
4183,8,40.25
4183,4,30.95
4183,76,36.19
4184,9,16.34
4184,19,14.72
4185,1,67.97
4185,37,58.80
4186,1,12.90
4186,4,11.89
4187,1,20.23
4187,5,23.37
4187,14,22.34
4188,2,37.37
4188,29,31.29
4189,18,4.82
4190,1,83.29
4191,1,19.92
4191,2,14.70
4191,14,22.44
4191,313,15.48
4192,7,25.55
4193,1,5.34
4194,168,18.71
4194,18,17.52
4195,37,15.92
4196,16,30.39
4196,172,32.81
4197,8,23.90
4197,3,20.20
4198,9,15.31
4198,122,16.27
4198,23,17.24
4198,327,21.79
4199,12,35.95
4200,358,21.26
4200,71,20.32
4200,7,16.74
4200,13,20.01
4200,49,18.05
4201,1,4.07
4201,2,2.87
4202,73,14.14
4202,67,22.05
4203,17,12.79
4204,1,14.13
4204,3,15.62
4205,9,59.74
4205,10,93.61
4206,1,25.69
4206,2,31.70
4206,329,26.59
4206,44,33.93
4206,57,39.64
4207,4,18.46
4208,2,18.12
4208,284,14.41
4209,108,42.64
4210,1,44.51
4210,2,42.13
4210,4,36.11
4210,7,45.08
4211,448,13.79
4211,2,8.56
4211,70,13.02
4211,47,13.64
4211,145,9.21
4212,3,80.41
4212,4,73.39
4213,382,2.02
4214,1,41.81
4214,117,26.46
4215,1,25.01
4215,175,28.44
4216,1,10.84
4217,1,19.37
4217,2,26.93
4217,3,24.11
4217,422,28.84
4218,1,85.15
4218,3,110.56
4219,2,14.72
4219,1,9.61
4219,450,12.40
4219,3,14.65
4220,127,35.41
4220,47,23.60
4221,64,29.77
4221,1,27.91
4221,3,22.70
4221,160,24.28
4222,2,33.18
4222,66,39.12
4222,14,47.48
4222,7,41.54
4223,1,14.43
4223,3,14.97
4224,1,26.87
4224,12,38.07
4224,7,37.88
4225,10,33.36
4226,1,11.55
4226,2,12.50
4226,31,10.17
4227,4,9.07
4228,17,8.37
4229,8,11.10
4230,6,26.01
4231,1,9.51
4231,102,6.98
4231,203,8.75
4231,19,8.26
4231,147,10.75
4232,2,6.04
4232,3,5.78
4232,422,4.36
4233,1,134.02
4234,1,21.72
4234,418,21.97
4234,5,20.17
4234,16,21.49
4234,23,24.83
4235,96,2.79
4235,1,1.98
4235,2,2.26
4235,46,2.13
4235,25,2.05
4236,1,5.49
4236,5,4.99
4237,1,12.61
4237,12,11.56
4238,3,26.00
4239,3,29.99
4239,389,24.80
4240,1,6.18
4240,12,5.02
4240,9,5.89
4241,113,18.05
4242,3,22.91
4242,350,23.82
4243,106,36.66
4243,147,41.36
4244,2,45.84
4245,1,30.69
4245,11,22.39
4245,60,26.44
4245,13,23.81
4246,1,6.38
4246,4,4.86
4246,9,5.97
4247,1,12.09
4247,99,9.52
4248,1,10.29
4248,19,14.44
4249,41,14.25
4249,10,11.31
4249,1,16.47
4250,1,34.32
4250,5,41.83
4251,1,17.13
4252,1,20.77
4252,19,19.07
4252,4,13.50
4252,135,17.82
4253,73,17.41
4254,9,19.52
4254,156,19.20
4254,5,19.91
4255,1,76.67
4256,1,26.39
4256,135,29.09
4257,128,45.04
4257,1,47.21
4257,7,51.03
4258,5,24.57
4259,5,36.29
4260,1,12.65
4260,6,11.66
4261,2,11.53
4261,4,10.00
4261,15,11.00
4262,1,2.51
4262,2,2.14
4262,14,1.68
4262,15,2.02
4262,20,1.99
4263,110,19.75
4264,4,3.69
4264,6,5.85
4265,1,5.84
4266,2,34.28
4266,6,37.19
4267,59,21.87
4267,103,20.09
4268,1,8.71
4268,61,9.12
4269,17,11.31
4269,2,13.43
4270,334,8.92
4271,1,23.23
4271,7,20.07
4272,2,7.80
4272,4,9.37
4273,1,51.37
4273,2,62.89
4273,4,53.52
4274,1,41.96
4274,2,27.05
4274,166,33.66
4275,1,8.72
4275,373,7.33
4275,9,11.99
4275,23,11.45
4276,1,15.27
4277,1,3.28
4277,69,4.84
4277,74,3.71
4277,45,5.11
4277,156,5.03
4278,3,24.75
4279,64,32.20
4280,113,2.55
4280,30,3.01
4281,1,13.26
4281,66,14.10
4281,44,14.67
4282,1,35.40
4282,2,31.58
4282,6,21.82
4282,14,32.92
4282,15,24.85
4283,1,18.54
4283,6,23.06
4283,111,25.22
4284,1,145.38
4284,12,162.12
4285,1,21.61
4285,44,16.98
4286,1,13.04
4286,4,10.80
4287,6,34.38
4288,19,99.15
4288,4,96.49
4288,78,100.53
4289,4,50.31
4289,101,49.27
4290,10,4.30
4290,61,6.56
4291,1,9.39
4291,12,11.02
4292,65,3.85
4292,4,3.73
4293,1,10.09
4293,2,10.30
4293,30,14.96
4293,25,10.74
4294,120,7.26
4294,62,7.58
4295,19,40.43
4295,4,47.43
4295,14,36.15
4296,1,17.77
4296,2,17.77
4296,425,14.37
4296,5,17.87
4297,48,9.86
4297,1,7.31
4297,4,9.82
4297,383,10.65
4298,47,13.98
4299,6,20.72
4300,148,18.74
4301,150,24.88
4302,1,30.47
4303,11,2.23
4303,3,2.83
4304,364,34.47
4305,31,12.71
4306,1,37.35
4307,154,15.38
4308,1,4.72
4308,6,5.15
4309,25,76.28
4310,1,19.16
4310,2,17.56
4310,9,13.17
4311,1,3.90
4311,6,4.44
4311,111,5.90
4312,3,15.32
4313,17,13.05
4314,26,56.61
4314,4,44.37
4315,19,20.62
4316,1,3.01
4317,97,8.45
4317,1,6.48
4318,1,15.88
4319,162,76.81
4319,229,55.72
4319,39,55.00
4319,15,62.39
4319,16,57.66
4320,34,18.90
4320,3,19.76
4320,4,20.28
4320,5,15.95
4320,27,20.77
4321,1,131.93
4322,34,22.83
4322,211,21.78
4323,34,25.61
4323,51,36.33
4324,1,5.18
4324,2,4.98
4324,38,5.30
4324,20,5.22
4324,252,7.13
4325,8,22.58
4326,1,9.13
4326,250,7.21
4327,1,5.70
4327,71,4.57
4327,105,3.84
4327,15,5.24
4327,57,4.40
4328,78,35.85
4329,3,10.10
4330,3,36.23
4331,12,65.19
4331,111,53.21
4331,53,77.10
4331,439,57.00
4331,155,73.90
4332,185,1.75
4332,7,2.67
4332,143,2.25
4333,1,17.24
4333,2,19.08
4334,194,10.41
4334,3,9.01
4334,105,7.40
4334,26,9.13
4334,29,6.69
4335,5,14.99
4336,1,11.12
4337,7,24.47
4338,2,14.33
4338,13,13.10
4339,8,72.88
4340,1,24.26
4341,1,3.04
4341,2,2.91
4342,20,10.74
4343,1,9.23
4343,2,10.27
4343,35,11.57
4343,7,11.34
4343,234,11.47
4344,4,33.79
4345,1,17.56
4345,3,20.70
4345,13,13.84
4345,15,13.99
4346,171,18.12
4347,1,13.88
4347,294,19.53
4348,1,9.64
4348,35,11.22
4349,1,18.80
4350,144,4.16
4350,2,3.48
4351,1,9.10
4351,295,13.34
4351,7,12.34
4352,2,46.45
4352,3,38.07
4353,2,2.74
4354,1,54.09
4354,7,53.22
4355,1,22.97
4355,2,15.12
4356,1,9.36
4357,9,20.56
4357,6,22.72
4358,1,33.28
4359,1,54.52
4360,1,31.36
4361,236,23.63
4361,5,30.50
4362,2,54.32
4362,4,46.38
4363,2,39.88
4363,6,44.22
4364,1,14.84
4364,10,12.91
4365,188,7.99
4366,1,55.54
4366,15,52.82
4367,4,20.55
4367,5,14.04
4367,55,19.27
4367,184,16.01
4367,95,14.19
4368,1,20.25
4369,1,23.71
4370,300,36.76
4370,342,32.54
4371,4,6.41
4372,1,11.89
4373,1,5.64
4373,17,4.12
4374,2,13.87
4374,19,16.94
4375,49,5.08
4375,2,7.07
4375,42,5.60
4376,49,105.16
4376,1,95.32
4377,1,6.75
4377,2,5.71
4378,5,15.86
4378,6,17.62
4379,48,25.51
4379,66,26.88
4379,63,33.81
4380,80,88.35
4380,3,74.85
4381,449,17.27
4382,3,4.50
4383,11,19.30
4384,124,4.49
4385,1,53.21
4385,199,36.53
4386,3,7.33
4386,228,7.30
4386,12,10.85
4386,82,10.31
4386,57,8.27
4387,1,29.49
4387,2,33.71
4387,351,28.80
4388,169,26.48
4389,2,28.41
4389,175,44.89
4390,8,12.81
4390,3,15.75
4390,5,14.97
4391,2,48.96
4391,5,35.19
4391,6,43.12
4391,15,31.76
4391,154,38.22
4392,215,18.79
4393,140,32.02
4394,27,16.19
4394,4,10.70
4395,1,76.53
4396,117,33.59
4397,5,27.89
4397,471,36.01
4398,15,10.21
4399,49,104.73
4399,6,115.31
4400,322,13.32
4400,3,14.62
4400,172,14.25
4401,6,9.12
4402,87,24.10
4403,74,3.22
4403,7,4.07
4404,16,3.35
4404,1,3.85
4404,354,3.72
4404,408,4.42
4405,1,35.77
4405,3,36.17
4405,4,43.42
4406,182,31.88
4407,1,24.12
4407,27,22.64
4408,8,13.42
4408,1,12.93
4408,12,14.11
4409,286,29.18
4410,8,29.65
4411,57,7.87
4411,470,9.37
4412,2,9.37
4413,50,5.97
4413,4,7.65
4414,1,16.25
4414,36,16.92
4414,15,15.50
4415,384,12.48
4415,94,9.53
4416,8,5.20
4416,1,8.06
4416,19,5.11
4416,4,6.50
4417,1,56.29
4418,1,13.43
4418,6,9.85
4419,1,78.96
4419,115,79.49
4419,28,59.77
4419,15,69.51
4420,36,2.20
4421,1,17.19
4421,132,19.33
4421,14,22.47
4422,4,11.83
4423,1,19.29
4423,12,27.95
4423,6,21.11
4424,1,47.72
4424,405,72.91
4425,16,17.29
4425,1,20.78
4426,1,11.03
4426,5,12.31
4427,1,26.61
4427,2,24.89
4427,133,19.54
4427,70,23.83
4427,59,27.38
4428,20,34.72
4429,18,20.69
4429,6,28.41
4430,12,5.62
4431,1,87.03
4432,1,24.78
4432,2,28.62
4432,218,17.91
4432,20,21.69
4432,282,25.59
4433,201,3.02
4433,6,3.18
4433,1,2.72
4434,1,92.05
4434,3,142.37
4435,1,36.29
4435,4,33.65
4436,1,17.96
4437,2,30.58
4438,1,24.03
4438,4,22.34
4438,38,18.86
4439,5,32.11
4440,1,8.00
4441,11,52.59
4442,1,65.15
4443,1,6.90
4443,28,6.73
4443,25,9.34
4443,7,7.19
4444,9,8.39
4444,2,8.98
4445,1,69.69
4445,5,72.29
4445,9,72.07
4446,1,10.89
4446,20,11.09
4446,28,9.53
4447,1,85.44
4448,16,17.35
4448,7,20.57
4449,32,13.49
4450,1,20.41
4450,3,25.03
4450,9,23.12
4450,22,22.21
4450,122,20.83
4451,1,52.62
4451,2,58.42
4451,476,51.13
4452,250,31.33
4453,200,14.87
4453,58,19.31
4453,19,23.40
4453,34,18.39
4454,1,8.48
4454,2,8.94
4454,60,10.40
4455,1,10.74
4455,6,11.75
4456,10,5.21
4456,2,5.65
4457,1,24.46
4457,2,31.63
4457,5,22.03
4457,17,24.70
4457,22,31.45
4458,9,35.02
4458,258,41.02
4459,383,33.52
4460,10,11.06
4461,1,5.29
4461,50,7.59
4461,2,7.51
4461,4,6.97
4462,33,21.19
4462,4,21.85
4463,446,2.85
4463,14,2.29
4464,25,31.46
4465,3,27.15
4466,83,8.10
4467,19,5.08
4467,5,4.99
4468,8,34.53
4468,1,28.20
4468,2,35.50
4469,1,19.80
4469,3,28.90
4469,5,19.84
4469,139,29.28
4469,17,20.27
4470,58,64.58
4470,2,83.37
4471,61,14.18
4471,21,11.91
4472,64,49.17
4472,1,52.78
4472,19,46.91
4472,54,49.93
4473,3,16.72
4473,132,20.07
4474,74,30.61
4474,2,25.82
4475,1,17.12
4476,3,10.29
4477,1,64.00
4478,6,40.62
4479,22,10.37
4480,1,4.46
4480,11,4.05
4481,12,9.97
4481,5,9.98
4482,172,4.67
4482,36,6.39
4482,101,4.03
4483,1,7.90
4483,3,12.65
4483,4,12.48
4483,5,10.50
4483,6,9.91
4484,1,27.63
4484,45,20.18
4485,425,35.36
4485,11,55.63
4486,15,12.94
4487,19,31.45
4488,2,22.54
4489,84,41.66
4490,2,26.74
4490,14,22.12
4491,1,138.68
4491,3,129.74
4491,10,114.91
4491,14,140.23
4491,90,144.11
4492,1,5.67
4493,17,122.68
4493,273,111.15
4494,1,23.01
4494,23,18.34
4495,1,4.20
4495,2,5.92
4495,12,6.41
4496,34,7.13
4497,75,24.69
4498,1,19.20
4499,164,262.32
4500,1,35.13
4500,2,22.97
4500,67,33.15
4500,3,24.76
4500,37,31.85
4501,1,38.84
4502,1,20.42
4502,2,24.52
4502,3,22.29
4502,13,21.36
4502,146,20.55
4503,275,9.40
4504,1,30.15
4504,6,25.28
4504,39,29.65
4504,11,20.33
4504,29,26.05
4505,19,5.68
4505,5,6.70
4506,10,110.97
4506,5,164.81
4507,120,7.76
4507,1,8.12
4507,359,5.30
4508,36,27.29
4509,8,14.02
4509,89,14.95
4510,1,6.56
4511,1,13.42
4511,142,13.68
4511,22,9.34
4512,2,5.73
4512,3,6.47
4513,17,13.77
4513,1,13.02
4514,1,30.68
4514,339,31.10
4514,4,39.74
4515,1,16.40
4515,83,10.27
4515,5,11.25
4516,1,26.16
4516,165,33.91
4517,26,46.25
4518,1,15.55
4519,1,9.25
4520,24,9.58
4520,85,10.17
4521,2,21.32
4521,5,19.00
4522,1,76.88
4522,3,93.75
4523,3,46.20
4523,11,39.05
4523,6,35.46
4524,5,54.97
4525,338,23.64
4525,2,29.71
4526,32,6.77
4527,4,13.77
4527,28,17.43
4528,2,32.37
4528,21,31.96
4529,27,5.85
4529,69,5.40
4530,104,64.63
4530,1,64.97
4530,24,73.17
4531,138,59.77
4531,2,69.31
4532,147,64.22
4532,4,39.83
4533,1,11.91
4533,5,8.03
4534,1,35.25
4534,5,28.49
4535,1,7.75
4536,1,27.77
4536,5,40.35
4537,2,22.05
4538,1,12.70
4538,2,17.10
4539,21,21.03
4540,476,12.35
4540,4,12.26
4541,40,44.39
4541,112,46.82
4542,23,21.08
4543,1,6.59
4543,46,4.39
4544,146,67.87
4545,25,76.27
4545,1,99.16
4546,1,10.48
4547,1,33.97
4547,2,30.86
4547,7,50.91
4548,50,32.52
4548,18,33.80
4549,2,12.07
4550,5,16.25
4551,8,31.17
4551,201,26.69
4551,13,24.23
4551,22,20.59
4551,127,27.71
4552,464,20.46
4552,1,13.85
4553,8,37.81
4553,1,29.23
4554,1,13.47
4554,414,14.90
4555,1,34.92
4555,2,30.30
4555,4,29.40
4555,18,26.76
4555,19,38.88
4556,1,15.50
4556,2,20.49
4556,3,22.10
4556,236,21.95
4556,343,20.09
4557,1,4.69
4557,3,3.46
4557,74,3.79
4557,78,3.38
4557,183,4.71
4558,9,169.25
4558,7,174.66
4559,9,17.88
4560,8,117.76
4561,16,14.77
4561,3,12.46
4562,52,46.16
4563,5,14.82
4564,21,23.53
4565,2,110.65
4566,33,8.06
4566,10,6.91
4567,9,40.74
4567,14,54.39
4568,1,41.64
4568,20,40.65
4569,2,63.92
4569,5,68.38
4570,1,18.36
4571,1,41.50
4571,27,28.02
4572,1,13.20
4572,2,11.60
4573,20,7.64
4573,6,9.76
4574,17,4.57
4574,179,5.59
4574,353,6.92
4575,103,13.19
4576,4,9.10
4577,1,13.09
4577,2,13.23
4577,127,12.28
4577,87,11.54
4578,7,33.31
4579,17,77.48
4580,2,25.42
4581,2,60.29
4582,136,2.80
4582,1,2.31
4582,2,2.77
4582,164,2.07
4583,33,24.57
4583,418,20.46
4583,243,32.74
4584,12,3.24
4584,23,4.54
4585,107,9.42
4585,4,9.94
4586,491,33.43
4586,37,29.54
4587,5,19.59
4588,1,13.54
4588,13,15.33
4589,1,15.41
4589,58,15.92
4589,4,19.54
4590,8,7.65
4591,65,128.96
4591,1,131.07
4591,4,142.72
4591,7,170.99
4591,43,194.26
4592,1,10.19
4593,3,16.27
4594,25,15.99
4595,1,48.49
4595,66,48.99
4595,2,44.32
4595,6,53.07
4596,4,158.66
4596,165,132.75
4597,64,33.01
4597,6,23.87
4597,12,26.16
4597,80,23.76
4597,49,28.93
4598,5,46.86
4599,89,11.53
4599,1,9.65
4599,40,12.26
4599,6,11.37
4600,1,16.88
4600,4,18.15
4601,1,90.99
4601,62,66.93
4602,5,38.41
4603,3,12.55
4603,70,13.28
4604,168,71.49
4605,270,18.43
4606,12,45.32
4606,5,30.74
4607,15,15.75
4608,2,13.97
4608,4,22.21
4608,58,20.69
4609,418,5.95
4609,76,3.95
4610,25,23.76
4611,1,11.80
4612,1,16.79
4613,1,12.73
4613,2,14.88
4613,6,12.95
4613,7,11.15
4613,12,14.49
4614,3,33.60
4615,16,37.01
4615,43,37.20
4615,3,34.60
4615,4,32.72
4616,338,75.33
4617,81,16.32
4618,3,40.38
4618,12,36.28
4618,54,37.85
4618,7,32.91
4619,88,6.06
4619,5,8.06
4620,2,22.74
4620,61,26.32
4621,5,26.98
4621,6,25.33
4622,107,10.56
4623,1,14.99
4623,2,14.86
4623,14,9.28
4624,8,44.60
4625,11,18.03
4625,252,12.90
4626,1,11.92
4626,6,12.56
4627,1,14.87
4628,1,8.96
4628,28,11.34
4629,1,3.94
4630,3,9.34
4630,308,13.30
4630,6,10.51
4631,360,52.22
4632,3,73.59
4632,6,112.14
4633,1,18.46
4633,78,25.98
4634,56,18.18
4634,1,17.98
4635,472,17.19
4636,2,6.69
4636,38,7.67
4637,55,36.47
4638,2,22.62
4638,306,22.51
4639,3,19.31
4639,6,18.47
4640,275,4.19
4641,5,10.11
4642,1,15.68
4642,18,18.59
4643,33,22.40
4643,3,27.75
4644,3,19.54
4645,1,68.14
4645,21,67.49
4646,5,23.94
4646,141,21.56
4647,1,27.88
4647,4,20.30
4648,2,26.63
4648,3,24.54
4649,2,42.41
4649,5,37.01
4649,43,34.53
4649,175,31.77
4649,18,38.04
4650,144,16.59
4651,143,12.49
4651,30,10.38
4651,14,10.10
4652,1,21.41
4652,20,22.87
4653,125,6.25
4654,8,18.12
4654,1,21.25
4655,195,45.93
4655,6,41.14
4656,439,10.06
4657,4,11.91
4657,6,10.30
4658,70,19.82
4659,33,19.73
4659,148,20.32
4659,1,15.72
4659,367,22.16
4660,4,43.55
4661,1,40.49
4662,1,3.57
4662,460,3.45
4663,63,15.61
4663,7,10.25
4664,2,15.45
4664,4,17.71
4664,49,22.21
4664,24,21.63
4664,26,21.34
4665,72,16.17
4665,1,11.56
4666,59,18.34
4666,12,12.16
4666,94,17.10
4666,111,12.56
4667,10,7.86
4667,3,5.45
4668,63,20.47
4669,17,66.50
4670,11,10.62
4670,1,11.78
4670,2,12.67
4670,3,12.97
4671,263,27.40
4671,63,29.83
4672,1,63.76
4673,11,22.85
4673,158,17.68
4674,209,4.97
4675,125,14.34
4676,1,38.27
4677,376,59.39
4678,4,69.97
4679,2,7.88
4679,45,7.68
4680,1,21.42
4681,147,59.27
4682,1,15.66
4682,34,14.41
4682,6,19.90
4682,10,13.37
4682,25,14.05
4683,1,13.60
4683,12,13.88
4684,1,24.93
4684,185,22.89
4684,15,19.79
4685,24,6.39
4685,11,8.19
4686,16,30.12
4686,1,20.26
4687,1,17.37
4687,22,16.95
4688,3,19.73
4688,5,19.01
4688,6,15.38
4689,33,36.59
4689,68,30.05
4690,90,7.32
4691,433,18.43
4691,31,19.74
4692,499,8.59
4693,1,144.49
4693,18,94.83
4694,2,10.49
4694,3,15.75
4695,93,13.88
4695,54,13.12
4695,14,18.68
4696,1,15.96
4696,2,14.71
4696,13,16.53
4697,24,20.66
4697,18,18.29
4698,1,9.45
4698,2,9.21
4698,20,7.06
4698,478,6.99
4699,1,10.62
4699,3,14.68
4699,4,10.61
4699,7,10.99
4699,15,14.54
4700,2,23.48
4700,5,26.94
4700,73,24.24
4700,11,31.89
4700,12,29.08
4701,3,37.01
4702,5,2.87
4702,7,2.36
4702,11,2.71
4702,13,2.79
4702,47,2.96
4703,1,34.79
4703,3,34.62
4704,7,24.72
4705,1,8.80
4706,1,20.95
4706,43,15.64
4707,40,97.11
4707,242,134.06
4707,3,129.46
4708,20,9.01
4708,4,8.52
4709,6,85.25
4710,9,165.25
4710,2,191.18
4711,1,29.58
4711,14,39.70
4712,1,5.33
4712,2,4.59
4712,5,3.92
4712,139,3.68
4712,20,4.09
4713,2,35.66
4713,62,28.36
4714,24,86.20
4715,320,46.89
4715,2,44.52
4716,81,26.83
4716,2,29.23
4717,1,15.93
4717,445,19.74
4718,1,50.73
4718,2,36.63
4718,11,36.88
4718,142,52.54
4718,238,39.95
4719,8,56.76
4720,1,7.96
4720,7,7.89
4721,1,18.30
4721,2,15.25
4721,3,17.47
4722,25,11.74
4722,100,11.27
4723,4,17.75
4724,1,5.56
4724,107,5.37
4725,136,13.43
4725,7,17.03
4726,43,12.04
4727,2,8.58
4728,21,24.52
4728,14,19.78
4729,4,17.49
4729,7,21.07
4730,5,23.17
4731,1,9.35
4732,1,13.65
4732,6,17.49
4733,1,17.87
4733,2,19.87
4734,24,20.31
4734,1,22.43
4734,2,22.22
4735,93,21.00
4736,9,14.69
4736,2,20.75
4737,1,34.00
4737,3,31.71
4738,38,21.99
4739,2,32.09
4739,11,26.34
4739,45,26.62
4739,14,31.75
4739,57,26.34
4740,1,7.97
4740,6,8.55
4741,2,8.19
4741,3,8.29
4742,40,27.00
4743,8,52.72
4744,35,8.51
4745,44,22.35
4746,104,38.50
4746,1,39.31
4746,45,47.17
4746,87,58.33
4747,3,17.93
4748,1,147.49
4749,2,9.73
4749,3,7.98
4749,34,8.09
4749,232,10.51
4749,150,10.20
4750,24,12.68
4750,1,11.08
4750,3,15.63
4750,14,10.73
4751,39,6.32
4752,3,23.77
4753,444,22.15
4754,1,6.47
4755,1,13.75
4756,39,120.63
4757,312,13.09
4757,1,13.50
4757,10,14.61
4758,8,45.37
4758,1,63.00
4759,1,19.00
4759,140,16.85
4759,7,19.16
4760,2,23.43
4761,307,12.56
4761,19,15.94
4761,141,14.88
4762,20,10.86
4763,10,7.11
4763,332,6.14
4764,1,39.23
4764,26,58.32
4765,1,68.76
4765,2,45.00
4765,4,46.91
4765,9,55.80
4765,59,56.78
4766,1,77.83
4766,2,80.33
4766,226,105.89
4766,3,96.51
4766,9,114.57
4767,89,14.78
4767,21,13.49
4768,1,13.31
4768,2,10.89
4768,29,10.90
4768,133,11.04
4769,19,56.38
4770,5,22.50
4771,1,17.85
4771,2,19.11
4771,4,15.92
4771,13,22.74
4772,1,6.64
4772,5,5.90
4772,11,4.35
4772,13,4.90
4772,184,6.09
4773,17,10.61
4774,2,9.17
4775,24,12.57
4775,4,13.28
4776,180,9.84
4777,1,49.31
4777,471,52.09
4777,15,50.78
4778,9,4.82
4778,1,5.76
4779,1,5.02
4779,6,5.10
4779,17,4.46
4780,1,2.30
4780,2,3.43
4781,370,26.78
4781,4,24.35
4782,1,13.05
4783,94,15.71
4784,8,37.62
4784,159,30.27
4785,3,27.64
4785,125,27.95
4786,77,20.08
4786,45,32.86
4787,1,35.55
4788,244,64.14
4789,1,45.35
4790,2,4.33
4791,2,5.86
4792,113,12.77
4792,2,13.37
4793,21,5.78
4794,1,5.91
4794,2,4.20
4795,66,44.56
4795,4,39.21
4796,1,51.25
4796,60,51.68
4796,6,56.43
4797,6,3.14
4798,88,5.05
4798,6,5.87
4799,1,17.58
4799,242,22.53
4799,31,15.67
4800,13,12.09
4801,1,67.89
4801,3,78.27
4801,5,69.98
4801,6,88.77
4801,15,69.01
4802,17,5.83
4803,291,40.56
4803,124,55.66
4803,13,56.28
4804,1,6.89
4804,3,6.96
4804,4,5.58
4804,14,4.62
4804,63,4.90
4805,4,13.10
4805,6,15.11
4805,143,19.38
4806,241,18.33
4806,371,20.34
4807,4,104.06
4807,5,66.73
4807,11,78.87
4807,17,96.61
4807,31,83.98
4808,85,26.15
4808,5,32.54
4809,62,18.69
4810,1,2.78
4810,26,2.21
4811,4,14.26
4812,72,7.49
4812,63,5.61
4813,2,24.76
4813,3,22.63
4814,2,52.85
4814,75,71.62
4815,5,53.55
4816,91,11.79
4817,1,21.28
4817,2,24.44
4817,4,25.42
4817,8,21.60
4817,23,25.76
4818,1,2.78
4818,2,4.47
4819,9,4.41
4820,129,13.37
4820,77,11.69
4820,1,11.59
4821,59,25.08
4822,132,16.20
4822,28,25.04
4823,276,20.06
4824,1,27.05
4825,1,26.65
4825,253,33.69
4826,1,78.03
4826,2,97.58
4826,48,94.52
4826,17,65.43
4826,152,96.70
4827,17,7.58
4828,1,15.29
4829,1,3.34
4829,10,5.08
4830,16,86.68
4830,3,90.82
4831,9,43.86
4831,102,38.51
4832,1,28.80
4832,411,22.66
4833,38,79.45
4834,9,16.78
4834,2,16.12
4834,11,13.61
4834,1,16.36
4835,2,17.95
4835,19,24.29
4835,13,21.72
4836,2,36.76
4836,4,32.95
4836,5,32.85
4837,11,24.73
4837,7,18.87
4838,4,27.62
4839,2,9.20
4839,4,6.53
4840,90,11.46
4841,73,27.22
4841,2,29.15
4841,1,41.66
4842,3,43.98
4842,4,36.69
4842,37,35.84
4843,7,5.43
4844,30,93.51
4845,32,35.98
4845,1,46.75
4845,4,31.98
4845,70,37.42
4845,8,44.05
4846,3,28.59
4847,1,7.44
4848,322,64.42
4849,64,7.93
4849,56,11.07
4849,2,6.61
4849,14,10.37
4850,24,20.82
4850,12,17.25
4851,1,47.41
4851,6,31.04
4852,1,12.74
4852,2,12.93
4852,4,10.94
4852,6,10.21
4853,1,13.90
4853,20,13.53
4854,1,38.46
4855,11,4.65
4855,61,3.45
4856,41,3.78
4856,4,4.92
4857,13,3.45
4858,12,74.10
4858,62,71.80
4859,3,36.51
4859,5,37.96
4860,216,8.11
4860,1,7.43
4861,1,29.64
4861,10,40.64
4861,27,40.80
4861,14,30.70
4862,4,25.68
4863,26,7.64
4864,8,6.16
4864,100,7.42
4865,128,28.76
4866,8,17.83
4866,4,18.77
4866,5,19.73
4867,12,25.92
4868,15,8.95
4869,1,157.09
4869,35,123.16
4869,164,161.57
4870,97,47.97
4870,162,55.26
4871,1,4.04
4871,110,3.94
4872,46,4.25
4872,1,3.82
4872,9,3.52
4873,1,24.84
4873,29,21.65
4873,13,22.20
4874,11,9.12
4874,476,8.44
4875,8,14.70
4875,1,11.68
4875,2,13.18
4876,1,16.91
4877,1,7.64
4877,2,8.49
4877,135,10.65
4878,176,16.97
4879,51,33.04
4880,1,31.35
4880,4,35.98
4880,45,33.61
4881,1,12.37
4881,5,12.08
4882,2,10.90
4882,63,9.11
4883,63,12.09
4884,1,21.89
4885,264,3.16
4885,8,4.16
4885,6,3.96
4886,168,5.30
4887,4,23.51
4888,158,3.03
4889,3,4.73
4889,4,5.23
4890,6,14.06
4891,1,61.41
4891,46,36.51
4892,2,36.28
4893,1,69.09
4893,289,69.90
4894,1,28.19
4894,2,24.57
4895,3,38.36
4895,31,44.18
4896,25,73.31
4896,327,57.55
4897,10,37.14
4897,11,56.15
4898,1,33.27
4899,1,25.52
4899,35,18.60
4900,17,11.28
4901,34,49.02
4902,1,73.80
4902,2,81.04
4902,6,85.18
4902,8,71.97
4902,13,94.21
4903,1,26.88
4903,4,29.08
4904,42,18.61
4905,1,43.59
4905,2,32.26
4905,137,39.41
4905,15,35.22
4905,24,43.89
4906,32,20.05
4907,1,81.03
4908,4,24.48
4909,1,25.55
4909,35,20.25
4910,1,22.38
4910,93,23.92
4911,1,17.46
4912,24,9.53
4912,1,12.17
4912,3,8.52
4912,85,10.25
4913,1,16.88
4913,2,18.68
4914,3,67.86
4915,8,12.68
4916,1,18.81
4916,334,16.33
4917,181,8.93
4917,135,7.95
4918,11,19.50
4919,17,12.35
4919,4,13.14
4920,14,22.41
4921,2,17.65
4921,52,20.03
4922,1,37.50
4923,2,8.41
4923,91,9.80
4923,13,10.76
4923,7,8.93
4924,5,37.94
4925,43,6.31
4926,1,17.20
4927,89,14.75
4927,33,16.03
4928,4,111.65
4929,2,6.11
4929,19,5.27
4930,1,30.79
4930,51,21.86
4930,9,33.20
4930,31,30.42
4931,4,37.45
4932,65,50.85
4932,3,60.01
4933,1,70.08
4934,8,26.33
4934,17,23.14
4934,4,17.61
4935,24,20.61
4935,1,28.16
4936,1,32.49
4936,28,33.95
4937,126,18.31
4938,1,16.39
4938,28,18.86
4939,8,24.08
4939,14,25.49
4940,1,11.27
4941,1,13.45
4941,30,18.41
4941,151,15.38
4942,1,44.48
4942,43,35.48
4943,3,15.11
4943,15,13.25
4944,3,12.48
4945,3,13.21
4946,8,26.99
4946,1,26.89
4947,1,10.81
4947,2,11.15
4948,1,7.87
4948,6,9.19
4949,1,36.46
4949,3,40.14
4949,12,34.55
4950,113,15.67
4950,1,16.79
4951,89,19.78
4951,29,27.03
4952,2,16.59
4952,12,12.67
4953,1,19.57
4953,5,24.42
4954,1,17.02
4955,2,11.45
4955,4,12.57
4955,15,16.42
4956,5,16.83
4956,39,16.53
4957,2,175.33
4957,3,264.98
4957,4,279.53
4958,66,6.02
4959,9,17.54
4959,3,13.80
4960,2,21.91
4961,1,13.66
4962,55,138.51
4963,30,19.48
4964,11,12.90
4964,175,10.78
4965,32,24.05
4966,1,24.56
4967,83,38.38
4967,158,33.84
4968,1,8.68
4968,10,9.17
4968,7,7.86
4969,9,17.71
4969,36,14.21
4970,1,48.49
4971,56,6.44
4971,2,4.68
4972,1,28.64
4973,1,9.90
4974,1,84.13
4975,1,9.21
4975,22,9.79
4976,1,7.95
4976,2,7.77
4976,37,5.43
4976,9,6.99
4976,31,8.40
4977,1,12.24
4977,145,14.31
4977,5,16.98
4978,6,11.32
4979,8,9.99
4980,2,7.12
4980,4,8.81
4981,6,8.79
4982,41,10.36
4983,9,19.29
4984,1,20.62
4984,2,26.56
4984,3,18.34
4984,9,29.58
4984,85,18.70
4985,1,22.67
4985,2,25.48
4986,2,11.16
4986,5,9.80
4986,23,7.56
4987,3,64.27
4987,28,56.45
4988,1,9.44
4988,2,8.88
4988,5,9.90
4988,7,10.76
4988,103,9.64
4989,1,16.74
4989,14,16.45
4990,45,70.11
4991,168,7.65
4991,54,5.92
4992,3,46.36
4993,1,31.47
4993,44,35.12
4994,1,10.98
4994,2,12.10
4994,3,12.42
4995,139,21.75
4996,1,5.50
4996,4,7.87
4996,5,8.54
4996,6,5.32
4996,23,8.79
4997,64,108.04
4997,341,136.85
4998,138,34.16
4998,181,28.20
4999,8,3.12
4999,1,4.14
4999,2,3.61
4999,10,2.94
5000,2,2.83
5000,7,2.45
5001,31,15.86
5002,361,43.91
5002,5,59.65
5003,2,101.63
5003,35,103.10
5003,4,113.28
5004,1,61.96
5004,12,55.39
5004,255,69.01
5005,1,33.28
5006,1,9.72
5006,11,10.32
5007,194,33.26
5007,2,28.09
5008,1,6.10
5008,82,5.02
5009,195,10.94
5009,23,11.04
5010,42,14.00
5010,3,19.04
5010,29,11.74
5011,4,33.64
5011,6,53.51
5011,70,48.84
5011,39,35.54
5011,19,33.84
5012,3,17.72
5013,52,6.23
5013,22,4.87
5014,7,63.62
5015,67,11.25
5015,4,14.45
5015,7,11.06
5015,13,15.65
5015,26,15.18
5016,1,18.74
5016,4,15.19
5016,7,16.71
5016,45,12.72
5016,112,12.91
5017,1,17.01
5017,5,18.22
5018,1,109.08
5018,6,104.97
5019,1,20.21
5019,2,14.93
5019,203,13.79
5019,82,17.95
5019,20,21.17
5020,11,33.80
5020,7,21.48
5021,3,25.81
5021,4,28.38
5022,56,75.79
5023,4,73.44
5023,236,98.63
5024,1,35.63
5025,1,11.93
5025,2,12.96
5025,3,12.61
5025,130,10.07
5025,5,9.39
5026,54,10.30
5027,9,11.21
5027,2,13.86
5028,1,8.89
5028,5,9.46
5029,1,41.27
5029,2,38.63
5030,9,8.46
5030,17,8.86
5031,1,10.78
5031,2,9.68
5031,34,8.66
5031,25,8.27
5032,1,6.51
5032,2,5.64
5032,7,6.60
5032,18,5.61
5032,26,5.64
5033,184,21.08
5033,73,19.61
5033,234,16.01
5033,1,15.44
5034,1,142.76
5034,386,99.06
5034,3,131.14
5034,4,119.07
5034,21,139.37
5035,1,7.90
5035,2,9.40
5035,204,10.60
5035,115,10.38
5035,24,10.66
5036,19,10.46
5037,1,4.83
5037,2,3.61
5037,3,4.12
5037,290,4.04
5037,12,4.03
5038,2,72.70
5038,262,58.80
5039,2,25.71
5039,13,28.88
5040,2,9.88
5040,12,7.79
5040,14,10.33
5041,11,24.20
5041,46,30.01
5042,6,14.95
5043,3,3.43
5044,29,28.53
5045,7,64.59
5046,16,14.64
5046,2,12.03
5047,1,7.88
5047,59,7.24
5048,1,22.26
5048,18,27.81
5049,6,10.76
5049,55,6.68
5050,58,27.76
5050,4,25.17
5050,70,33.81
5050,7,29.59
5051,106,23.13
5052,20,12.99
5053,14,9.36
5054,1,12.51
5054,170,11.36
5055,8,46.48
5055,24,50.41
5056,339,80.21
5056,3,62.07
5057,64,22.92
5057,123,27.99
5058,1,17.97
5058,13,16.20
5059,76,4.42
5060,13,131.15
5061,3,5.58
5062,1,32.81
5063,18,24.09
5063,13,27.88
5063,54,19.77
5064,450,12.39
5064,290,13.68
5065,8,25.34
5065,203,35.18
5065,12,26.52
5065,16,36.16
5065,122,36.71
5066,34,5.49
5066,3,4.44
5066,6,4.70
5066,121,6.67
5066,28,6.33
5067,2,21.10
5067,22,16.16
5068,1,29.93
5068,356,30.20
5068,21,37.08
5069,46,9.46
5070,15,20.92
5071,24,56.40
5071,1,76.06
5071,14,84.89
5071,9,79.64
5072,29,39.79
5073,19,42.61
5074,1,23.85
5074,27,30.64
5074,100,29.92
5074,7,31.09
5075,1,49.64
5075,4,43.25
5076,6,17.64
5076,87,22.79
5077,3,41.94
5077,13,47.48
5078,14,4.56
5079,1,29.19
5079,4,28.94
5080,1,12.63
5080,7,12.60
5080,12,16.86
5080,48,15.91
5080,127,14.46
5081,22,18.73
5082,3,16.87
5082,12,13.95
5083,14,5.48
5084,32,13.93
5084,3,13.37
5084,35,10.52
5084,4,12.69
5085,8,6.14
5085,18,9.36
5085,69,6.10
5086,1,9.36
5087,1,21.92
5087,2,21.58
5087,10,22.83
5087,13,18.63
5087,14,16.61
5088,82,29.03
5088,7,26.92
5089,156,6.68
5089,71,6.38
5090,57,8.90
5090,47,6.48
5091,1,20.91
5091,2,17.71
5092,1,19.96
5092,2,27.41
5092,3,29.00
5092,8,25.93
5092,56,29.07
5093,1,40.72
5093,71,37.58
5094,450,5.91
5094,3,3.59
5094,60,3.63
5095,1,24.06
5095,2,21.67
5095,74,25.94
5096,2,17.42
5096,14,19.47
5097,74,9.44
5098,1,13.69
5098,2,13.27
5099,52,15.00
5099,191,11.87
5100,1,55.82
5100,5,75.69
5101,1,14.14
5102,1,66.52
5103,1,33.46
5103,2,29.77
5103,4,25.33
5103,144,26.10
5103,114,35.56
5104,1,6.06
5104,61,5.83
5105,1,2.55
5105,5,2.86
5106,17,4.47
5107,2,2.79
5108,1,21.47
5108,3,20.96
5108,6,16.67
5109,12,11.95
5109,15,8.37
5110,14,10.55
5111,11,13.30
5112,2,20.24
5112,3,24.69
5112,23,18.95
5113,1,4.25
5113,12,5.64
5114,27,22.22
5115,369,71.09
5116,9,16.43
5116,2,14.46
5117,16,37.94
5117,2,29.19
5118,56,16.83
5119,1,18.44
5119,44,25.92
5120,81,60.40
5120,3,58.71
5120,332,41.52
5120,15,60.43
5121,2,34.88
5121,135,35.33
5122,177,3.70
5122,31,3.28
5122,113,4.96
5122,14,4.48
5123,7,23.41
5124,1,12.52
5124,3,10.86
5124,23,12.00
5125,5,9.09
5125,94,10.49
5125,14,11.20
5126,1,17.18
5126,45,20.13
5126,113,15.65
5126,26,16.51
5126,59,14.47
5127,1,5.63
5127,5,5.36
5128,1,2.66
5128,107,4.28
5128,4,3.48
5128,45,3.29
5129,16,20.81
5129,1,22.61
5130,251,10.67
5130,54,15.39
5131,13,19.54
5132,1,9.43
5132,3,11.17
5132,5,10.59
5133,4,47.87
5134,1,26.47
5134,33,23.57
5134,6,32.82
5134,41,22.79
5134,14,21.11
5135,1,11.79
5135,317,13.10
5135,13,12.28
5136,3,12.43
5137,168,12.46
5137,1,9.64
5137,2,9.92
5137,4,8.50
5138,249,6.35
5138,4,8.41
5139,48,26.54
5139,9,24.73
5139,1,23.33
5140,168,66.44
5140,10,87.22
5140,20,75.62
5141,1,12.38
5142,1,12.57
5142,262,11.59
5143,248,7.00
5144,1,15.22
5144,2,13.19
5144,45,13.23
5145,1,39.21
5145,3,34.79
5145,6,38.53
5145,20,40.89
5145,88,33.42
5146,17,20.50
5146,20,14.88
5147,15,35.46
5148,16,122.72
5148,1,201.79
5149,8,17.34
5149,1,11.84
5149,2,18.90
5150,5,9.43
5151,48,9.91
5151,4,9.93
5152,5,19.24
5152,390,21.34
5152,46,26.02
5152,22,17.61
5152,24,27.52
5153,173,29.07
5154,16,7.10
5154,1,7.36
5154,2,5.01
5155,89,19.14
5155,153,23.97
5155,22,22.72
5156,3,10.87
5157,28,45.78
5157,119,70.06
5158,1,25.97
5158,11,27.99
5159,2,17.02
5159,13,20.19
5160,2,4.43
5160,411,4.44
5161,29,13.45
5161,2,10.39
5161,61,13.32
5161,14,14.03
5162,52,11.16
5162,62,14.36
5163,362,40.57
5163,27,58.71
5164,1,3.82
5164,20,5.41
5164,407,3.58
5165,3,3.44
5166,1,93.79
5167,1,18.56
5168,1,25.52
5168,36,21.77
5168,5,27.11
5169,3,45.87
5169,15,49.92
5170,5,19.95
5171,30,10.11
5172,33,19.88
5172,3,26.35
5172,6,29.23
5173,4,4.96
5173,5,4.92
5173,20,4.54
5173,55,4.27
5173,23,4.58
5174,4,6.81
5175,164,51.77
5176,49,6.67
5177,2,48.19
5178,96,9.69
5178,2,9.66
5178,112,10.46
5178,5,9.53
5179,113,6.39
5179,2,8.74
5179,3,6.84
5180,1,29.27
5181,7,16.79
5182,1,48.05
5183,1,6.29
5183,7,6.53
5184,1,31.81
5184,7,25.67
5184,8,31.41
5184,9,28.21
5184,45,18.91
5185,2,7.57
5185,3,7.52
5185,5,10.75
5186,7,6.10
5187,2,9.53
5187,102,5.89
5188,1,29.30
5189,129,11.24
5189,1,9.08
5189,2,10.36
5189,5,9.47
5189,13,9.36
5190,158,2.89
5191,19,113.91
5192,16,30.78
5192,3,34.23
5193,200,4.43
5193,1,4.80
5193,58,5.48
5193,27,5.26
5194,1,15.73
5194,2,10.24
5194,168,13.91
5194,12,17.08
5194,409,15.91
5195,2,34.51
5196,1,5.41
5196,2,3.99
5196,7,5.25
5197,1,6.46
5197,28,5.42
5198,18,33.79
5198,36,31.46
5199,1,22.34
5199,2,27.77
5200,11,50.79
5200,102,60.92
5201,1,2.62
5201,2,1.97
5202,215,15.74
5203,9,14.81
5203,219,17.13
5203,5,16.96
5203,133,20.28
5204,25,78.33
5204,2,85.23
5204,1,96.93
5205,79,72.08
5206,3,39.83
5206,7,35.58
5206,360,52.02
5206,173,32.85
5206,23,44.98
5207,1,17.19
5207,4,26.95
5207,238,17.16
5207,435,21.10
5207,23,26.10
5208,358,8.86
5209,2,7.95
5209,23,8.41
5210,9,38.87
5210,1,38.05
5211,9,14.93
5212,1,31.13
5212,2,27.49
5213,2,13.06
5213,7,17.13
5213,6,17.87
5213,319,18.75
5214,15,46.96
5215,3,12.44
5216,5,12.84
5217,17,50.80
5217,39,81.03
5218,1,9.50
5218,2,13.99
5218,484,12.71
5219,337,30.09
5219,12,28.33
5220,1,24.29
5220,19,25.37
5220,94,33.63
5221,251,3.85
5221,5,4.51
5221,6,3.43
5222,34,38.78
5222,5,30.54
5222,6,38.21
5222,73,41.13
5222,280,30.16
5223,1,6.16
5224,37,9.75
5225,5,35.35
5226,2,82.01
5226,3,59.55
5227,16,21.43
5227,1,21.68
5227,7,18.28
5228,10,13.44
5229,26,8.35
5230,71,41.14
5231,38,9.16
5232,1,7.65
5233,1,8.65
5233,5,7.31
5233,16,6.56
5233,57,8.28
5233,30,8.71
5234,1,6.29
5235,8,24.13
5235,1,18.32
5235,116,18.01
5236,1,78.82
5236,3,52.67
5236,29,60.32
5237,5,7.62
5237,47,8.47
5238,13,6.22
5239,284,15.02
5239,14,12.90
5240,1,7.67
5240,3,9.42
5241,1,89.12
5242,2,23.01
5242,8,24.83
5242,42,19.51
5242,18,19.36
5242,24,19.98
5243,1,81.97
5244,25,7.01
5244,2,6.76
5244,67,7.39
5245,25,29.30
5245,2,26.71
5245,228,22.57
5245,46,24.84
5246,1,8.01
5247,2,25.01
5247,422,29.40
5247,7,18.53
5248,10,9.08
5248,4,10.55
5249,10,3.80
5249,29,3.57
5250,17,10.12
5250,146,11.93
5251,49,20.49
5251,51,13.29
5251,1,16.98
5252,2,16.35
5253,1,83.21
5253,2,80.74
5253,35,61.14
5253,27,74.11
5253,62,69.70
5254,57,27.72
5254,109,26.59
5254,13,24.05
5255,1,33.09
5255,3,28.17
5255,36,42.97
5255,15,46.39
5256,8,25.61
5256,18,24.13
5257,43,8.00
5258,15,14.91
5259,1,6.23
5259,3,6.32
5260,1,22.76
5261,1,23.25
5261,2,22.86
5261,3,23.81
5261,12,28.51
5261,29,28.35
5262,339,33.51
5262,3,23.47
5263,61,9.25
5263,78,7.54
5264,1,87.97
5264,3,80.81
5265,81,4.78
5265,50,3.30
5266,1,17.43
5266,29,19.37
5266,6,13.45
5266,70,16.76
5267,2,5.21
5267,3,5.74
5268,1,49.34
5268,10,43.02
5268,4,51.02
5269,6,55.73
5270,44,183.03
5271,4,22.00
5271,7,14.84
5272,33,29.27
5273,1,12.08
5274,1,23.22
5274,3,18.65
5274,37,17.22
5274,166,21.01
5274,209,18.52
5275,41,3.02
5275,3,2.26
5275,13,2.50
5275,71,2.19
5276,10,11.01
5276,123,10.28
5276,15,7.57
5277,2,16.99
5278,23,17.85
5279,139,49.49
5279,23,59.34
5280,125,72.45
5281,3,33.19
5282,5,5.83
5282,6,4.91
5283,1,46.19
5283,2,34.61
5284,59,6.57
5284,4,6.36
5285,1,29.22
5285,11,26.77
5285,366,29.77
5285,121,21.67
5285,90,26.97
5286,59,17.70
5286,2,16.46
5286,3,13.50
5286,4,12.28
5287,249,6.74
5288,1,48.99
5288,2,47.00
5288,13,36.82
5289,1,40.21
5289,2,26.37
5290,1,11.28
5290,2,13.80
5291,1,20.87
5291,12,14.36
5292,25,9.57
5292,1,8.46
5293,273,12.39
5294,1,23.10
5294,2,27.12
5294,3,33.18
5294,5,32.65
5294,485,20.65
5295,50,16.25
5296,1,45.58
5297,251,22.91
5298,92,13.79
5299,9,41.86
5300,1,104.58
5300,2,101.67
5300,13,105.46
5300,53,97.01
5300,30,105.14
5301,12,19.11
5302,16,7.53
5302,11,7.33
5302,4,5.53
5303,16,6.68
5303,11,4.88
5304,79,11.32
5305,1,5.48
5306,9,62.75
5306,18,56.98
5307,1,8.27
5307,26,7.23
5308,1,51.39
5308,2,68.78
5308,103,56.18
5308,11,50.90
5308,46,63.44
5309,2,13.71
5309,12,12.34
5310,1,41.77
5311,11,14.52
5312,39,133.04
5313,2,9.22
5313,13,9.14
5314,1,8.72
5315,3,19.55
5315,4,21.04
5315,7,23.11
5315,17,21.83
5315,51,24.02
5316,17,20.57
5316,2,24.20
5317,1,13.52
5317,4,10.55
5317,36,11.35
5317,5,11.93
5318,34,30.37
5318,14,35.71
5319,102,15.41
5320,96,7.47
5321,1,19.44
5322,5,4.14
5323,1,17.33
5323,138,19.12
5323,44,19.40
5323,98,12.67
5324,1,7.26
5324,13,6.89
5325,1,53.73
5326,238,23.21
5326,15,23.99
5327,18,29.17
5327,100,26.12
5327,22,25.94
5328,3,36.41
5329,2,3.85
5329,37,3.31
5329,14,5.47
5329,24,4.62
5329,27,5.38
5330,435,25.70
5330,4,28.57
5330,103,39.31
5331,1,2.48
5331,4,1.67
5331,37,2.10
5331,9,1.56
5331,91,1.71
5332,8,8.57
5332,3,12.54
5333,1,9.70
5333,2,9.59
5333,11,8.98
5334,1,13.82
5335,1,26.50
5335,4,19.67
5336,1,12.49
5336,34,12.10
5336,127,10.01
5337,199,1.74
5338,2,7.86
5338,35,9.74
5339,104,11.51
5339,1,14.25
5340,32,18.34
5340,89,15.13
5340,3,15.53
5340,25,18.04
5341,16,14.90
5342,1,7.50
5342,2,10.34
5343,7,11.23
5344,2,17.67
5345,183,61.61
5346,3,22.29
5347,35,30.88
5348,17,20.19
5349,1,8.59
5350,2,11.55
5350,5,13.95
5351,3,14.86
5351,71,14.87
5352,48,44.61
5352,1,50.00
5352,61,44.81
5352,497,51.12
5353,1,14.84
5353,11,22.99
5354,1,6.59
5354,2,6.07
5355,99,14.17
5356,1,13.98
5356,5,14.45
5356,47,18.10
5357,3,31.79
5357,5,25.68
5358,9,5.17
5358,95,5.33
5359,43,8.61
5360,63,7.59
5361,4,157.88
5361,8,142.93
5361,12,232.25
5361,109,230.98
5361,27,217.72
5362,2,19.20
5363,1,11.43
5363,2,14.51
5363,11,13.47
5363,4,11.62
5364,1,26.38
5364,2,26.36
5364,36,23.31
5364,6,18.70
5364,30,19.42
5365,1,49.74
5366,1,67.44
5367,154,92.14
5368,9,20.00
5368,26,20.32
5369,32,20.35
5369,1,17.31
5370,8,105.49
5370,1,116.77
5370,2,156.43
5370,177,165.56
5371,16,14.00
5371,4,14.89
5371,30,14.32
5372,99,19.87
5373,1,19.39
5374,8,27.61
5374,15,28.42
5375,1,48.88
5375,45,44.40
5376,136,53.67
5376,2,51.83
5377,1,16.88
5377,2,15.38
5377,3,11.81
5377,4,15.30
5377,5,16.15
5378,48,36.73
5379,1,3.55
5379,3,5.32
5380,1,73.37
5380,26,77.02
5380,3,82.18
5381,1,18.21
5382,1,22.48
5382,10,21.35
5383,1,8.18
5384,5,29.07
5384,4,36.98
5384,53,29.08
5385,60,30.70
5386,1,18.76
5386,34,15.38
5386,15,17.16
5387,2,18.44
5388,3,32.34
5388,14,29.77
5389,2,3.53
5390,2,57.94
5390,18,68.24
5391,11,18.67
5392,2,28.05
5393,15,47.47
5394,58,2.69
5394,292,2.73
5395,28,72.07
5395,7,94.48
5396,3,18.18
5397,33,8.81
5397,379,7.24
5398,1,40.00
5398,2,51.50
5398,451,50.54
5398,39,35.67
5398,154,53.91
5399,1,33.53
5399,4,40.35
5399,15,46.52
5400,322,30.27
5401,35,13.91
5401,2,10.75
5401,43,10.07
5401,7,13.80
5402,1,16.94
5402,2,26.96
5403,8,26.52
5403,1,19.36
5403,6,18.77
5404,9,16.18
5405,3,17.31
5405,30,13.25
5406,1,15.28
5406,33,14.61
5406,4,13.34
5406,10,14.72
5406,20,11.18
5407,1,34.59
5408,1,10.09
5409,8,17.04
5409,9,17.16
5409,18,12.86
5410,32,41.82
5410,170,30.80
5410,42,44.02
5410,80,38.75
5410,20,39.52
5411,17,12.59
5412,1,6.08
5412,9,6.14
5413,3,14.45
5413,6,14.38
5414,41,13.70
5414,391,11.24
5415,19,122.31
5416,5,59.59
5417,1,40.59
5417,44,48.35
5418,3,10.37
5419,4,8.88
5419,7,8.29
5419,231,7.58
5420,174,10.84
5420,63,9.10
5421,1,12.90
5421,2,15.26
5421,5,15.24
5422,1,28.90
5422,45,28.39
5422,53,27.11
5422,79,32.66
5423,4,34.30
5424,1,6.48
5425,1,18.40
5425,19,17.46
5426,3,14.39
5426,28,12.08
5426,255,10.99
5427,73,2.80
5428,216,16.99
5428,4,14.53
5428,39,12.07
5428,71,11.68
5429,47,10.71
5430,18,12.92
5431,77,12.32
5431,23,12.47
5432,9,4.80
5433,104,23.85
5433,1,21.10
5433,5,18.18
5434,19,5.69
5434,7,4.52
5435,2,5.59
5436,42,23.08
5437,1,5.10
5437,4,5.96
5437,13,6.60
5437,51,6.42
5437,28,4.72
5438,1,23.16
5438,228,22.03
5439,1,26.54
5439,3,24.32
5440,8,41.04
5440,1,44.64
5441,4,13.49
5442,160,133.58
5442,1,134.01
5442,201,133.89
5442,17,120.16
5442,152,115.36
5443,3,14.11
5444,1,16.32
5444,34,24.06
5444,12,20.83
5444,127,20.27
5445,256,25.09
5446,80,26.78
5446,81,24.00
5447,341,4.79
5448,305,11.21
5448,19,8.36
5448,6,8.82
5448,289,10.94
5449,3,18.13
5450,1,43.03
5450,4,64.32
5450,5,40.33
5450,6,41.96
5450,12,59.74
5451,408,31.37
5451,3,20.96
5452,1,57.37
5452,4,51.33
5452,10,70.63
5452,15,73.46
5452,150,68.39
5453,13,4.59
5454,2,12.36
5455,394,20.78
5455,283,17.03
5455,28,23.52
5455,50,23.91
5456,2,18.98
5456,78,21.33
5457,237,12.39
5458,77,19.24
5459,1,29.99
5460,24,57.98
5460,15,71.81
5461,235,24.86
5462,1,4.14
5463,8,10.68
5464,230,17.05
5465,1,29.12
5466,17,9.74
5466,3,10.74
5467,6,9.56
5468,1,54.79
5468,4,53.10
5469,109,21.01
5470,322,6.93
5471,208,10.24
5471,115,11.25
5471,35,11.15
5472,3,17.06
5473,1,44.88
5473,74,37.33
5474,2,36.66
5475,42,23.38
5475,27,22.07
5475,180,33.64
5476,116,19.14
5476,7,28.19
5477,1,10.74
5477,165,13.97
5478,185,7.15
5478,422,8.36
5479,7,21.13
5479,10,23.21
5479,12,17.28
5479,14,19.64
5479,18,16.12
5480,9,27.49
5481,16,8.86
5482,32,17.41
5482,2,18.95
5483,15,7.60
5483,47,8.86
5484,3,32.15
5484,38,20.81
5485,64,29.41
5485,1,42.79
5485,391,31.20
5485,12,42.94
5485,15,34.11
5486,25,32.85
5486,2,22.75
5486,5,34.65
5486,1,26.10
5487,51,70.08
5487,2,84.02
5487,307,69.57
5488,1,46.97
5488,428,69.08
5488,13,47.48
5489,9,10.52
5489,4,10.43
5490,1,6.22
5490,44,4.85
5491,3,16.21
5491,127,19.81
5492,1,35.71
5493,1,10.70
5493,6,11.78
5493,7,9.37
5493,8,11.85
5493,10,7.73
5494,73,2.76
5495,1,20.89
5496,36,78.23
5497,14,43.42
5497,23,27.37
5498,1,15.76
5498,3,16.12
5499,109,18.29
5500,56,57.11
5501,18,47.85
5501,3,59.96
5502,18,21.49
5502,99,20.16
5503,2,54.87
5504,1,8.89
5504,2,13.35
5504,20,9.70
5504,4,8.98
5505,3,18.11
5506,1,15.68
5506,46,15.45
5506,50,20.24
5506,21,23.07
5506,152,17.60
5507,1,11.51
5507,38,9.60
5507,6,11.98
5507,26,9.73
5507,31,8.96
5508,1,37.48
5508,3,28.41
5509,1,13.59
5509,115,12.06
5510,64,10.44
5510,3,9.23
5511,2,53.06
5511,3,52.40
5512,1,11.10
5512,2,11.93
5512,21,7.51
5513,2,24.94
5513,115,28.82
5514,1,24.21
5514,2,17.21
5514,3,16.79
5514,5,15.43
5514,314,19.94
5515,34,24.17
5516,17,20.92
5516,4,22.15
5517,82,57.86
5517,84,75.96
5518,46,25.60
5519,1,27.77
5520,2,7.57
5521,93,13.27
5522,1,32.56
5522,7,40.84
5523,2,39.82
5523,3,24.19
5523,94,36.91
5524,288,10.35
5524,35,11.71
5524,5,7.88
5525,1,12.29
5526,63,63.51
5527,12,28.70
5528,113,45.82
5528,5,46.57
5529,38,45.90
5530,301,17.03
5531,1,21.87
5532,32,30.37
5533,213,22.69
5533,1,19.42
5533,28,19.08
5533,4,18.96
5534,2,7.59
5534,15,6.28
5535,16,54.10
5536,91,45.42
5537,153,7.95
5538,68,14.89
5539,1,29.18
5539,3,25.27
5539,76,31.87
5539,369,25.60
5539,25,27.49
5540,1,8.04
5540,2,9.49
5541,192,5.19
5541,1,3.58
5541,11,5.74
5541,4,4.70
5542,56,48.84
5542,1,77.94
5542,5,47.74
5543,3,26.11
5544,1,22.19
5545,1,15.65
5545,122,14.76
5546,1,143.24
5546,103,148.10
5547,18,7.42
5547,28,8.27
5548,38,20.60
5549,433,29.26
5549,18,29.29
5549,5,22.02
5550,72,14.22
5550,1,14.43
5550,26,12.90
5551,1,47.90
5551,3,33.21
5552,1,10.68
5553,58,14.00
5553,4,10.79
5553,158,9.50
5554,8,7.20
5555,16,7.15
5555,1,8.15
5555,3,6.06
5556,2,16.72
5557,96,31.76
5557,2,41.71
5558,1,41.17
5558,27,38.90
5559,220,9.60
5559,15,13.83
5559,7,12.03
5560,235,18.75
5561,1,58.90
5561,6,78.18
5562,1,96.51
5562,239,108.72
5563,59,40.18
5564,1,6.79
5564,7,8.38
5565,2,46.20
5566,160,21.02
5566,1,20.91
5567,2,7.43
5568,9,24.95
5569,1,3.74
5569,483,4.78
5570,1,11.40
5570,4,15.63
5570,15,14.56
5570,118,15.26
5570,27,13.65
5571,1,21.25
5571,4,23.23
5572,2,16.06
5573,1,61.28
5573,3,41.43
5573,35,51.61
5573,9,51.52
5573,13,40.12
5574,73,22.21
5575,104,55.64
5575,168,46.75
5576,1,6.67
5576,36,10.49
5576,25,6.67
5576,124,10.75
5576,29,7.94
5577,59,32.36
5577,7,30.96
5578,8,42.18
5578,44,37.86
5578,7,39.40
5579,23,2.82
5580,1,43.33
5581,1,31.78
5581,2,24.99
5582,44,17.30
5583,8,5.94
5583,1,3.99
5583,375,5.01
5584,1,61.34
5584,21,64.56
5585,2,20.20
5585,4,19.88
5586,9,10.26
5586,131,7.78
5587,1,4.40
5588,2,79.85
5588,6,114.96
5589,25,2.23
5590,1,12.68
5591,24,22.44
5591,1,19.23
5592,1,49.67
5592,3,53.76
5593,98,62.32
5594,2,32.51
5595,7,18.95
5596,1,66.88
5596,2,82.92
5596,33,91.96
5597,81,65.42
5597,17,77.90
5598,150,35.80
5598,5,33.92
5598,382,46.48
5599,64,47.96
5599,1,31.74
5599,12,35.45
5600,5,32.03
5601,1,13.27
5601,3,20.61
5602,9,57.98
5603,3,37.04
5604,1,41.45
5604,59,30.09
5605,1,38.88
5606,13,4.72
5607,1,65.14
5607,2,57.93
5607,6,69.74
5607,15,61.26
5607,272,79.07
5608,141,61.06
5609,4,2.81
5610,1,4.00
5610,2,3.27
5610,6,3.80
5611,15,29.03
5612,112,32.26
5612,1,41.26
5612,25,34.41
5613,7,74.34
5614,3,30.20
5614,27,36.62
5614,400,40.35
5615,5,7.85
5616,1,16.98
5616,4,19.02
5617,5,44.22
5617,70,53.64
5618,1,32.55
5618,2,21.79
5618,3,29.69
5618,6,27.82
5618,330,26.00
5619,1,38.36
5619,4,41.62
5620,321,31.65
5620,139,32.14
5620,29,40.19
5621,75,12.50
5621,4,11.35
5622,11,32.26
5623,108,9.88
5623,1,13.16
5623,4,8.68
5623,485,10.49
5624,2,73.72
5624,1,84.73
5624,10,84.02
5624,3,109.25
5625,7,22.39
5626,1,25.90
5627,2,55.23
5628,129,22.30
5629,1,13.57
5629,11,10.95
5629,14,16.05
5630,12,2.95
5631,5,38.59
5632,1,31.04
5632,2,28.69
5633,3,3.55
5634,33,32.20
5635,1,19.15
5635,255,11.90
5636,108,30.22
5637,9,117.27
5638,1,19.07
5638,3,19.17
5638,7,26.03
5638,46,29.40
5638,21,22.55
5639,8,3.50
5640,21,62.87
5641,1,36.48
5641,3,37.28
5641,31,30.25
5642,1,15.16
5642,3,21.90
5643,9,30.47
5643,2,32.53
5643,7,32.67
5644,16,35.84
5644,24,40.39
5645,100,2.17
5646,8,1.70
5647,3,53.72
5647,258,59.83
5647,2,41.96
5647,85,47.64
5648,3,16.18
5648,39,16.56
5649,113,6.27
5650,288,12.09
5650,1,13.79
5651,1,15.27
5652,1,10.50
5652,2,15.06
5652,5,10.94
5652,461,13.80
5652,58,12.80
5653,1,13.52
5653,2,11.18
5653,4,14.43
5654,10,4.10
5655,3,27.60
5656,84,20.19
5657,120,23.97
5657,12,21.68
5657,14,20.90
5657,15,23.91
5658,6,12.77
5659,17,15.46
5659,228,15.39
5660,1,96.35
5660,2,95.31
5661,1,19.37
5662,8,2.47
5662,54,3.14
5663,1,24.26
5663,2,35.68
5664,3,7.55
5665,4,14.17
5666,9,29.39
5667,197,11.78
5667,2,11.62
5667,117,10.47
5668,36,32.55
5669,17,13.15
5669,2,15.33
5670,1,9.11
5670,18,12.40
5670,29,9.13
5670,9,13.30
5671,3,79.87
5672,1,20.93
5672,2,20.60
5673,1,31.54
5673,2,30.11
5673,4,22.57
5673,7,31.67
5674,1,16.43
5675,3,4.71
5676,1,17.19
5676,3,14.78
5676,108,17.07
5676,15,15.16
5676,20,15.20
5677,7,8.73
5678,1,59.99
5678,3,40.08
5678,159,49.31
5679,232,17.96
5679,75,17.71
5679,238,23.82
5680,1,7.56
5680,59,10.70
5681,40,28.21
5681,1,20.95
5681,11,30.21
5681,485,20.51
5682,11,20.78
5683,30,15.93
5683,23,16.12
5684,1,24.21
5684,41,17.76
5684,10,20.94
5684,16,22.78
5684,93,22.92
5685,1,16.88
5685,2,22.11
5685,3,16.02
5686,16,23.67
5687,5,24.29
5688,3,27.64
5689,3,28.22
5689,4,27.34
5690,1,14.32
5691,13,27.44
5692,1,50.37
5692,2,47.39
5692,5,50.07
5692,74,52.02
5692,125,50.93
5693,1,42.80
5693,35,29.53
5693,102,39.71
5693,6,48.62
5694,455,6.64
5695,1,30.30
5695,11,22.36
5695,4,22.31
5695,7,28.88
5696,117,17.69
5696,397,16.52
5697,1,14.83
5697,2,14.00
5698,49,28.28
5699,12,39.01
5700,1,31.09
5700,452,49.10
5701,57,7.91
5701,327,8.64
5702,3,50.53
5703,3,21.57
5703,4,23.76
5704,1,6.11
5705,1,37.05
5705,10,40.91
5705,3,47.14
5705,9,53.96
5706,3,29.84
5706,83,26.11
5706,4,27.28
5706,29,20.66
5707,10,6.12
5708,12,10.52
5708,55,11.27
5709,126,45.06
5710,38,47.24
5711,280,28.40
5711,8,33.59
5711,2,39.49
5712,64,70.00
5713,1,23.34
5714,289,10.92
5714,7,8.34
5715,457,8.85
5716,58,122.00
5717,412,37.28
5718,291,15.40
5718,5,21.41
5719,267,25.60
5719,236,22.92
5720,1,30.54
5720,3,20.82
5721,44,9.73
5721,5,11.69
5721,30,8.69
5721,55,11.96
5722,34,20.14
5722,11,25.63
5722,13,33.63
5723,99,10.60
5723,9,13.83
5723,3,14.94
5724,35,17.71
5724,18,13.13
5724,11,14.78
5724,1,16.44
5725,2,8.40
5726,18,13.22
5727,58,11.39
5727,15,12.26
5728,1,9.97
5728,7,13.21
5729,232,32.58
5730,202,19.01
5730,2,15.33
5730,63,24.62
5731,8,9.77
5731,1,7.37
5731,43,8.66
5732,2,19.06
5733,1,10.77
5733,2,10.72
5734,1,13.46
5734,2,11.27
5734,3,13.26
5734,4,15.70
5734,5,11.77
5735,52,15.59
5735,4,17.56
5736,85,89.78
5737,1,4.06
5738,1,23.48
5738,19,28.32
5739,1,51.18
5739,317,47.88
5739,17,62.39
5740,1,3.13
5741,19,9.15
5741,55,11.35
5742,23,27.17
5743,4,24.45
5744,1,5.90
5745,28,143.98
5746,2,21.49
5746,94,24.85
5747,422,18.60
5747,31,24.35
5748,1,16.29
5748,4,14.96
5749,1,6.52
5749,19,7.37
5750,1,11.90
5751,2,18.52
5751,3,15.87
5751,8,20.98
5751,10,17.41
5751,20,24.97
5752,49,10.34
5752,1,10.12
5753,4,24.60
5754,172,40.35
5755,1,9.75
5755,2,8.36
5755,11,8.43
5756,1,46.39
5757,3,12.82
5757,6,9.56
5758,1,35.32
5758,5,34.01
5759,31,136.30
5760,409,39.82
5761,69,5.79
5762,5,19.18
5762,119,18.38
5763,73,1.96
5763,1,2.35
5764,24,48.41
5764,14,53.16
5765,5,45.84
5766,2,6.64
5766,11,7.23
5766,85,7.45
5767,232,20.56
5768,4,9.84
5768,13,7.88
5769,4,8.56
5770,27,52.80
5770,1,46.50
5770,259,55.74
5771,3,29.52
5772,1,61.31
5773,8,13.26
5773,295,10.00
5774,8,3.38
5774,1,4.01
5774,6,4.57
5775,321,17.98
5776,10,44.12
5776,2,43.97
5777,32,22.80
5777,1,18.98
5777,2,23.47
5777,5,15.56
5777,59,22.38
5778,2,7.91
5778,283,6.03
5779,8,3.75
5779,1,4.92
5779,15,5.23
5780,2,20.08
5780,34,22.78
5781,38,34.12
5782,35,36.51
5782,187,23.21
5783,1,51.46
5783,54,60.37
5784,1,41.99
5784,4,28.62
5784,13,43.55
5784,39,32.16
5785,323,7.68
5785,46,6.92
5786,11,12.64
5787,5,14.18
5788,9,8.29
5788,2,8.18
5788,121,7.54
5789,1,105.85
5789,2,88.90
5789,6,88.57
5789,9,104.16
5789,26,119.61
5790,1,11.12
5790,60,7.95
5791,40,14.54
5791,171,20.31
5791,15,15.56
5792,10,4.48
5792,119,4.24
5793,3,111.23
5793,4,99.58
5794,9,12.74
5795,5,97.68
5796,1,22.07
5796,10,18.68
5797,1,5.26
5798,3,12.96
5798,55,8.92
5799,3,35.99
5799,4,23.42
5799,12,36.10
5800,27,7.24
5801,3,152.54
5801,13,100.33
5802,6,30.12
5803,1,27.40
5804,1,13.39
5804,4,10.41
5804,17,9.24
5804,20,13.75
5804,26,13.36
5805,88,16.59
5805,18,13.91
5806,5,12.05
5807,1,8.33
5808,1,7.87
5809,1,92.52
5809,2,94.63
5810,8,5.33
5810,5,6.38
5811,1,8.88
5812,1,82.72
5812,6,68.04
5813,2,40.99
5813,3,44.56
5814,96,3.75
5814,3,3.81
5814,6,3.23
5815,35,38.47
5816,354,60.94
5816,3,51.60
5816,39,51.66
5816,14,72.59
5816,404,53.72
5817,33,12.72
5817,6,12.99
5817,361,12.38
5817,18,8.58
5817,27,8.57
5818,84,2.58
5818,190,2.69
5819,53,23.33
5820,1,19.93
5821,64,26.56
5821,1,24.66
5822,1,14.41
5822,5,14.96
5822,15,10.27
5823,336,8.32
5824,218,66.97
5825,19,27.50
5826,2,22.23
5826,15,16.93
5827,1,29.36
5828,3,129.66
5829,13,8.74
5830,2,66.55
5831,244,10.48
5832,1,94.57
5832,2,69.55
5832,3,83.72
5832,230,89.65
5832,145,95.55
5833,20,8.91
5834,57,20.99
5834,1,15.86
5835,2,21.40
5836,11,21.97
5836,3,17.82
5837,3,4.33
5838,65,24.80
5838,59,27.83
5839,1,26.54
5839,27,21.32
5839,22,25.72
5840,14,5.00
5841,3,7.45
5842,1,30.51
5842,23,27.01
5843,1,46.87
5843,2,44.83
5843,97,37.27
5843,8,37.24
5843,137,38.74
5844,8,32.38
5844,141,35.80
5845,1,28.54
5846,6,49.21
5847,1,40.91
5847,46,49.00
5847,432,51.31
5847,49,51.64
5847,84,54.59
5848,17,6.47
5848,226,9.60
5848,20,8.04
5849,5,29.11
5849,3,23.56
5849,53,31.72
5850,1,6.33
5851,1,51.17
5851,9,66.09
5852,8,8.43
5852,3,10.45
5853,73,17.54
5854,3,15.24
5854,231,16.41
5854,8,12.83
5854,10,13.15
5854,11,16.15
5855,2,11.84
5856,1,22.06
5856,7,23.89
5857,6,30.80
5858,1,47.96
5859,2,11.48
5859,20,10.85
5860,1,96.82
5860,28,87.02
5861,91,10.87
5861,15,9.29
5862,1,101.53
5862,143,84.76
5863,1,13.37
5863,68,12.07
5863,4,13.64
5863,75,12.77
5863,214,9.77
5864,11,4.07
5864,21,6.70
5865,17,25.78
5865,2,20.29
5866,49,23.87
5867,1,6.52
5867,51,6.38
5867,93,4.81
5868,1,9.56
5869,1,7.60
5869,11,9.41
5870,1,30.86
5870,69,26.42
5870,238,37.32
5871,4,103.06
5871,45,115.12
5871,95,88.80
5872,1,32.98
5873,2,1.99
5874,52,15.83
5874,31,13.80
5875,8,20.65
5876,138,14.92
5877,1,16.88
5878,105,47.75
5878,2,51.82
5879,1,51.36
5879,149,39.73
5880,123,10.35
5880,1,9.88
5880,91,11.20
5880,52,9.30
5881,1,6.47
5881,34,4.67
5881,62,4.11
5882,3,20.07
5883,2,8.17
5884,10,22.71
5885,10,37.65
5885,11,35.15
5886,105,24.83
5887,7,13.72
5887,8,13.44
5887,10,12.26
5887,235,10.13
5887,19,8.68
5888,1,8.34
5888,2,7.76
5888,7,5.45
5888,18,7.03
5888,314,7.54
5889,2,18.01
5889,135,25.84
5890,1,56.48
5890,23,48.87
5891,1,38.52
5891,3,55.60
5891,7,42.53
5891,22,41.82
5891,155,45.13
5892,140,11.93
5893,98,12.92
5893,3,8.78
5893,133,10.93
5894,3,26.02
5895,8,7.64
5896,8,11.42
5897,6,9.37
5898,1,2.80
5898,37,3.05
5898,15,2.49
5898,113,2.48
5898,30,2.63
5899,35,37.10
5900,25,31.22
5900,3,27.37
5901,174,49.17
5902,4,74.01
5903,17,18.14
5904,1,42.98
5904,2,35.97
5904,3,32.88
5905,24,54.97
5905,4,50.28
5905,94,55.94
5906,6,48.83
5907,8,5.97
5907,1,3.91
5907,2,5.73
5908,1,37.23
5908,90,36.41
5908,44,31.30
5909,4,70.79
5909,37,83.37
5909,6,89.24
5909,8,98.84
5909,25,90.65
5910,2,24.06
5911,1,44.18
5911,5,36.07
5911,7,40.28
5911,204,35.63
5911,273,44.04
5912,129,108.49
5913,3,15.64
5914,1,49.57
5914,2,47.69
5914,132,50.41
5914,5,53.83
5914,10,50.74
5915,1,13.34
5915,347,14.06
5915,11,17.63
5916,11,6.86
5916,5,8.39
5917,29,78.23
5917,69,66.46
5918,112,14.38
5918,10,11.78
5918,88,11.93
5919,4,44.31
5920,3,32.66
5920,427,39.76
5921,1,36.91
5921,3,56.34
5921,18,48.86
5921,19,54.58
5921,85,47.41
5922,146,11.68
5922,46,13.50
5923,7,3.95
5924,352,42.14
5924,33,41.38
5924,10,46.76
5924,476,38.62
5925,12,12.71
5926,192,12.11
5926,1,12.18
5926,2,9.90
5927,3,11.29
5928,27,12.06
5929,1,33.58
5929,7,27.30
5930,1,15.50
5931,3,18.34
5931,6,28.10
5931,30,22.02
5932,108,33.33
5932,13,24.32
5933,1,68.43
5933,27,43.74
5934,32,44.90
5934,1,60.04
5934,33,47.68
5934,245,47.30
5934,24,64.44
5935,4,31.75
5936,1,4.10
5937,1,37.38
5937,6,40.58
5937,14,40.48
5938,11,9.98
5938,198,6.79
5939,1,12.33
5940,51,7.51
5941,1,32.87
5941,18,29.99
5941,36,37.58
5942,465,6.51
5943,1,22.50
5943,19,23.84
5943,9,18.87
5943,6,23.72
5944,2,13.98
5945,8,10.68
5945,243,11.12
5945,21,7.79
5946,96,3.50
5946,2,3.63
5947,28,20.70
5948,8,73.83
5948,2,82.22
5948,3,94.21
5949,75,29.76
5950,2,6.72
5950,3,6.30
5951,1,13.90
5952,40,10.65
5952,34,7.19
5953,15,6.11
5954,1,46.25
5954,100,33.50
5955,3,60.88
5956,1,11.90
5956,2,16.79
5957,96,11.07
5957,3,10.06
5957,181,10.29
5958,19,9.66
5958,5,10.26
5958,6,6.82
5959,30,47.97
5960,1,23.10
5960,76,22.51
5961,12,11.96
5962,1,4.61
5962,3,4.32
5963,1,17.78
5963,14,16.48
5963,18,21.23
5963,407,14.38
5963,28,17.69
5964,9,16.93
5964,2,17.46
5964,4,16.94
5965,4,126.05
5965,6,136.29
5966,8,29.69
5967,1,39.03
5967,6,27.34
5968,3,8.10
5969,122,14.21
5969,3,13.13
5970,1,12.97
5970,167,14.98
5971,25,47.53
5972,32,20.32
5973,5,36.57
5974,18,10.53
5975,2,4.22
5975,410,4.12
5976,3,18.21
5976,172,18.63
5977,72,24.17
5977,3,22.83
5978,32,27.54
5978,1,29.03
5978,59,25.93
5979,30,17.22
5980,3,26.05
5980,27,31.55
5980,13,22.57
5981,1,30.19
5981,2,25.22
5982,231,32.47
5982,51,45.41
5982,19,35.89
5982,7,44.27
5983,146,94.05
5983,13,75.80
5984,12,138.93
5985,1,44.87
5985,2,53.02
5986,18,12.10
5986,4,8.44
5987,5,47.03
5988,63,3.10
5989,4,23.34
5990,8,4.25
5990,1,5.45
5990,2,5.78
5991,1,13.72
5991,4,13.77
5991,5,12.72
5991,12,18.64
5991,110,18.32
5992,24,20.82
5992,1,17.73
5993,41,21.72
5994,26,20.75
5994,30,22.78
5995,8,10.53
5995,16,12.98
5996,1,8.52
5996,19,7.43
5997,121,2.90
5997,17,3.55
5998,25,13.86
5999,145,12.59
5999,450,10.54
5999,11,14.03
5999,446,12.48
6000,8,18.38
6000,1,16.04
6000,139,17.97
6000,6,16.16
6001,76,18.15
6002,312,21.85
6002,3,18.26
6002,118,22.42
6003,20,7.58
6003,270,11.55
6004,1,9.70
6004,19,11.47
6004,311,14.31
6005,1,10.33
6006,4,5.93
6007,97,56.38
6007,3,58.95
6008,101,32.04
6009,2,308.81
6009,30,304.12
6010,2,94.24
6010,3,71.96
6011,8,4.89
6012,3,118.31
6013,5,11.49
6014,1,44.46
6014,7,49.06
6015,1,14.07
6015,22,14.46
6016,4,5.12
6017,1,13.96
6018,1,4.33
6018,2,6.11
6018,171,4.65
6019,4,13.16
6019,5,9.97
6020,1,14.17
6020,7,13.84
6020,171,9.59
6020,14,10.40
6020,115,11.17
6021,96,17.61
6021,1,14.46
6021,3,14.32
6021,8,13.41
6021,52,20.69
6022,1,13.90
6022,3,10.80
6022,5,10.97
6023,3,6.55
6024,252,4.56
6024,4,5.37
6025,13,14.62
6025,117,16.31
6026,1,31.33
6027,1,53.27
6028,1,20.68
6028,255,27.74
6029,41,7.89
6030,1,12.12
6031,1,11.65
6031,3,15.26
6031,31,16.08
6032,204,6.89
6032,406,7.49
6033,9,10.66
6033,43,10.16
6034,1,29.51
6034,3,32.55
6034,95,33.67
6035,1,22.88
6035,2,16.99
6035,231,17.34
6035,15,18.74
6035,20,18.88
6036,1,4.78
6036,3,5.50
6036,8,5.07
6036,16,3.98
6036,31,5.00
6037,72,7.66
6037,15,7.43
6038,1,23.12
6038,33,14.32
6038,6,21.33
6038,10,22.40
6038,80,22.65
6039,3,41.63
6039,308,56.40
6040,11,10.79
6040,13,12.08
6041,217,13.14
6041,23,17.29
6042,3,10.34
6042,13,13.50
6043,56,21.57
6043,1,20.24
6044,9,20.91
6044,387,15.35
6045,7,5.91
6046,74,7.46
6046,3,8.82
6047,1,23.03
6048,34,130.87
6049,1,16.04
6049,6,16.45
6049,21,15.80
6049,56,22.94
6049,31,19.61
6050,105,3.70
6050,10,4.02
6050,118,5.51
6051,4,10.78
6051,7,10.32
6052,1,22.36
6053,10,23.49
6054,1,18.25
6054,14,17.74
6055,236,80.61
6056,59,21.55
6056,5,17.63
6057,2,22.28
6057,8,15.76
6057,9,16.72
6057,109,20.21
6057,85,21.21
6058,24,15.02
6058,1,14.45
6059,53,33.64
6060,55,5.83
6061,57,18.18
6062,11,16.14
6062,19,18.81
6062,6,17.70
6063,130,9.95
6063,3,9.13
6063,4,7.37
6063,7,10.52
6063,20,7.57
6064,6,23.62
6064,95,28.67
6065,2,9.39
6066,1,28.68
6067,30,5.30
6067,15,3.97
6068,2,8.61
6069,303,5.88
6070,5,14.89
6071,1,12.89
6071,3,12.55
6071,4,16.02
6071,5,12.87
6072,1,24.63
6073,1,51.54
6073,55,38.81
6074,24,32.60
6074,1,35.95
6075,1,29.78
6076,21,13.84
6077,1,6.23
6078,1,129.06
6078,434,114.67
6078,12,151.50
6078,6,134.79
6079,1,9.88
6079,44,12.36
6079,246,9.98
6079,207,11.02
6080,28,12.31
6080,429,10.83
6080,23,14.45
6081,116,17.23
6082,10,28.68
6083,1,10.54
6084,1,32.73
6084,10,38.38
6085,68,23.21
6085,46,32.16
6085,30,27.71
6086,1,55.46
6087,16,17.91
6087,6,13.41
6088,19,2.33
6088,77,2.91
6089,1,60.84
6090,1,8.87
6090,5,9.00
6090,14,6.40
6091,7,43.41
6091,5,30.12
6091,38,38.63
6091,6,36.84
6092,1,26.55
6092,4,22.15
6093,1,10.64
6093,28,9.58
6094,2,32.30
6094,12,34.11
6094,165,36.42
6095,1,32.63
6095,6,39.03
6096,1,34.15
6096,4,34.60
6097,29,30.92
6098,30,7.21
6099,1,11.05
6100,1,6.33
6100,6,6.50
6101,37,55.11
6102,1,19.62
6102,171,13.95
6103,2,10.89
6103,419,15.27
6103,4,15.46
6103,390,10.75
6103,145,9.84
6104,6,10.59
6104,119,11.92
6105,19,4.63
6105,47,4.86
6106,25,67.11
6106,21,59.57
6106,1,64.15
6106,49,48.27
6107,1,14.57
6107,3,14.80
6107,9,21.72
6108,15,5.52
6109,1,10.98
6109,4,11.17
6109,78,7.26
6110,88,12.92
6110,1,17.44
6111,30,8.90
6111,15,12.97
6112,1,27.93
6112,10,40.82
6112,13,42.03
6112,14,42.03
6112,15,35.92
6113,91,164.09
6113,6,160.75
6114,34,8.02
6115,8,38.12
6116,1,41.33
6116,420,41.62
6117,1,4.35
6117,31,4.05
6118,1,38.19
6118,7,36.65
6119,1,29.32
6119,11,22.34
6119,7,25.79
6120,1,20.07
6120,14,20.04
6120,55,19.50
6121,375,5.91
6122,2,5.86
6123,15,11.30
6124,283,18.76
6125,114,24.81
6126,2,13.91
6126,4,10.94
6127,1,14.41
6128,1,64.34
6128,2,45.17
6128,4,62.34
6128,5,70.91
6129,309,21.46
6130,1,4.03
6130,5,5.91
6131,5,14.16
6131,15,14.65
6132,11,46.93
6132,212,74.34
6133,1,17.20
6133,44,23.32
6133,17,19.52
6134,1,8.44
6134,3,8.09
6135,70,7.39
6136,12,53.66
6137,148,32.24
6138,1,63.34
6138,3,45.73
6138,4,64.70
6139,3,6.67
6139,4,8.06
6140,3,9.30
6141,1,120.83
6142,15,9.82
6142,39,12.02
6143,73,11.36
6144,8,11.03
6144,1,11.18
6144,5,12.27
6145,1,17.91
6145,15,19.27
6146,84,12.83
6146,31,9.99
6147,1,8.10
6148,9,10.11
6149,3,46.11
6150,1,32.31
6150,2,38.49
6150,3,36.20
6150,6,39.09
6151,105,6.58
6151,50,5.25
6151,28,5.79
6152,3,36.39
6152,478,41.00
6153,19,16.30
6154,170,134.62
6154,269,151.06
6155,9,45.56
6155,5,36.50
6156,5,31.05
6157,1,9.62
6157,15,11.58
6158,9,6.05
6158,2,9.13
6158,118,5.77
6159,2,11.71
6159,36,10.00
6159,15,9.21
6159,249,8.02
6159,253,10.69
6160,2,33.03
6160,5,32.18
6160,296,42.79
6160,363,39.57
6160,27,36.85
6161,240,4.73
6161,66,4.58
6161,4,3.47
6162,1,62.56
6162,13,42.07
6163,2,5.10
6163,6,4.16
6164,1,8.77
6165,3,34.39
6166,1,65.95
6167,2,39.84
6168,1,7.55
6168,31,7.77
6169,1,5.64
6169,4,5.08
6169,231,6.39
6169,7,4.93
6169,10,4.72
6170,1,14.63
6170,5,19.21
6171,2,13.50
6171,3,12.08
6171,55,17.35
6171,111,12.02
6172,24,26.21
6172,1,26.08
6172,7,22.22
6173,17,33.23
6174,2,81.01
6174,5,78.26
6175,5,14.37
6176,18,20.88
6176,4,25.39
6177,124,46.82
6177,13,51.78
6178,79,10.02
6179,4,10.23
6180,7,9.39
6181,1,5.83
6182,1,18.98
6182,4,19.62
6182,15,19.95
6182,54,13.83
6182,282,12.23
6183,1,40.48
6183,5,51.61
6183,7,50.22
6184,1,19.51
6184,116,18.30
6184,33,19.28
6185,1,9.17
6186,1,9.51
6186,2,15.07
6186,8,9.27
6186,45,13.10
6186,29,11.32
6187,11,3.80
6188,3,15.94
6189,1,12.57
6189,2,11.84
6190,1,7.47
6190,7,6.35
6190,16,6.86
6190,28,7.72
6190,30,9.90
6191,2,25.25
6191,5,27.20
6192,1,27.81
6192,115,34.54
6192,7,27.25
6193,1,41.07
6194,1,7.27
6195,3,16.14
6195,6,18.93
6195,23,18.69
6196,3,11.70
6197,2,24.66
6197,23,19.68
6198,1,22.24
6198,95,17.50
6199,1,44.42
6199,2,62.57
6199,9,55.54
6199,21,56.06
6199,252,49.11
6200,8,9.97
6200,1,8.67
6200,210,13.41
6200,3,9.79
6201,262,1.56
6202,2,145.31
6202,90,102.06
6203,14,27.65
6203,7,35.44
6204,66,61.83
6204,47,41.24
6205,2,19.63
6205,3,22.22
6205,5,27.37
6205,22,20.75
6206,18,10.92
6206,3,10.21
6207,74,12.69
6207,5,10.12
6208,16,19.77
6208,1,19.27
6208,3,12.33
6209,3,13.52
6209,183,12.35
6210,11,9.12
6211,1,19.10
6211,2,15.03
6211,155,24.13
6211,105,20.67
6212,1,10.57
6213,2,12.58
6214,2,68.25
6214,21,61.84
6215,6,62.38
6216,16,36.01
6216,3,34.36
6217,35,11.92
6217,7,11.16
6218,2,20.96
6219,245,9.24
6220,1,41.46
6220,2,35.18
6220,9,32.13
6220,11,36.06
6220,181,37.16
6221,73,22.39
6221,15,28.14
6222,1,38.24
6222,123,41.82
6223,328,10.91
6223,1,8.39
6223,490,9.79
6223,35,12.20
6224,16,5.54
6224,1,4.51
6225,412,189.02
6225,37,176.75
6225,7,142.56
6226,3,12.74
6226,28,12.86
6227,2,34.52
6227,83,37.84
6227,13,25.34
6228,9,32.06
6228,2,37.86
6229,1,30.09
6229,6,28.66
6230,1,19.29
6230,10,14.56
6230,2,15.06
6230,6,16.06
6231,192,18.52
6231,1,14.70
6231,3,21.01
6231,8,13.89
6231,9,15.60
6232,236,27.06
6233,159,35.11
6234,430,14.71
6234,302,21.20
6234,7,22.13
6235,2,25.49
6235,4,20.06
6235,12,24.29
6236,53,24.96
6237,52,4.30
6238,9,10.31
6238,202,7.75
6239,57,11.38
6239,10,13.80
6239,6,11.47
6240,73,35.00
6241,1,6.76
6241,3,9.36
6242,8,37.79
6242,35,27.39
6243,1,16.81
6243,2,20.28
6244,1,15.28
6245,1,22.30
6245,44,19.22
6246,3,14.16
6246,13,13.79
6247,80,20.25
6247,1,24.13
6248,97,36.39
6248,455,42.83
6249,8,15.51
6249,256,15.91
6249,46,19.45
6249,1,19.48
6250,1,33.81
6250,35,33.22
6251,168,23.04
6251,57,23.84
6251,21,20.96
6251,23,19.24
6252,3,15.33
6253,9,14.33
6253,1,13.92
6254,3,11.61
6255,1,23.19
6255,3,20.92
6255,7,22.31
6256,27,53.10
6257,1,8.48
6257,114,7.38
6257,367,8.20
6258,372,40.18
6258,1,51.90
6258,4,39.56
6258,181,48.88
6259,1,11.75
6259,22,10.48
6259,343,9.44
6260,217,5.96
6260,2,8.78
6260,100,8.25
6260,1,5.93
6261,1,59.23
6262,345,11.89
6263,5,2.87
6263,15,3.25
6264,193,34.89
6265,3,11.72
6266,1,1.81
6266,3,2.33
6267,16,43.51
6267,1,34.58
6267,2,41.35
6267,31,41.49
6268,25,4.60
6268,1,4.07
6269,8,17.56
6269,10,18.65
6270,17,16.85
6270,7,13.30
6271,1,2.87
6271,10,3.63
6271,3,3.39
6272,320,80.89
6273,402,36.34
6273,2,33.56
6273,174,25.40
6274,14,3.52
6275,10,21.13
6275,3,25.97
6276,1,53.95
6276,245,56.95
6277,29,14.71
6278,32,9.93
6278,13,11.06
6279,81,3.60
6279,1,4.12
6280,32,50.80
6280,409,56.87
6280,67,44.92
6280,14,47.96
6281,6,15.49
6282,1,2.35
6283,6,23.44
6284,1,6.67
6284,102,8.00
6284,22,9.04
6285,161,15.15
6285,1,12.58
6286,44,8.01
6287,25,41.60
6287,2,40.20
6287,21,33.27
6287,6,32.58
6288,1,34.60
6289,3,14.55
6289,12,10.63
6289,381,14.08
6290,18,5.07
6290,21,7.12
6291,43,28.06
6292,11,19.51
6292,3,22.62
6293,3,23.00
6294,8,59.48
6294,33,64.25
6295,3,27.96
6295,11,27.31
6296,1,5.40
6297,1,4.86
6297,3,4.49
6298,352,7.87
6298,3,7.01
6299,3,21.98
6299,5,19.04
6299,54,19.30
6300,1,15.21
6300,2,12.25
6300,6,15.20
6300,12,14.45
6300,17,12.37
6301,2,34.78
6301,10,45.23
6302,1,17.44
6302,10,12.01
6302,2,17.41
6303,1,35.72
6303,25,41.54
6304,260,11.35
6305,26,19.42
6305,343,17.10
6306,345,22.94
6306,93,33.49
6306,7,25.81
6307,1,27.27
6307,418,35.89
6308,2,8.96
6308,270,7.82
6309,1,8.57
6310,240,40.09
6310,4,49.34
6311,8,32.17
6311,1,50.94
6311,88,40.69
6312,2,11.40
6312,274,14.51
6313,6,19.73
6314,1,30.45
6314,2,26.62
6314,4,28.01
6314,199,27.19
6314,44,22.81
6315,10,27.50
6316,258,13.60
6316,22,13.94
6317,1,12.45
6318,29,8.66
6318,141,8.39
6319,49,4.38
6319,21,4.01
6320,1,32.45
6321,17,31.73
6322,1,19.97
6322,14,14.86
6323,2,15.24
6323,3,13.51
6323,45,11.58
6323,21,15.62
6323,150,13.99
6324,4,119.55
6325,1,27.72
6325,68,30.76
6326,1,66.31
6327,1,6.28
6328,14,11.96
6329,1,4.22
6329,20,4.31
6329,30,4.67
6330,1,10.68
6331,72,4.37
6331,13,3.90
6332,21,15.05
6333,1,9.47
6333,3,13.26
6334,56,5.84
6334,116,7.51
6335,122,11.52
6336,1,44.48
6336,2,52.26
6337,1,27.14
6338,6,17.81
6339,1,17.53
6339,2,18.28
6340,1,36.31
6341,13,6.46
6342,9,78.97
6342,10,107.13
6343,33,15.81
6343,2,17.40
6343,381,14.50
6343,13,14.10
6344,1,9.80
6344,3,13.72
6344,6,10.83
6344,8,10.65
6344,13,15.49
6345,6,27.75
6346,58,28.61
6346,477,23.18
6347,24,12.83
6347,97,20.10
6348,8,67.32
6349,36,24.17
6350,164,44.44
6350,4,36.49
6351,1,47.49
6351,4,39.92
6352,1,52.60
6352,29,56.92
6353,496,14.70
6353,1,18.62
6353,3,13.30
6354,1,15.29
6355,4,15.07
6355,278,22.12
6355,47,17.11
6356,1,18.86
6356,4,14.90
6356,5,14.81
6356,15,14.59
6356,342,17.35
6357,1,14.24
6357,2,12.25
6357,7,11.09
6357,108,11.62
6357,13,15.67
6358,27,11.66
6358,20,16.68
6359,88,196.79
6359,1,270.23
6359,12,255.08
6359,257,190.81
6360,16,14.79
6360,1,12.37
6360,8,12.44
6361,2,16.99
6361,79,19.59
6362,1,25.27
6362,4,31.81
6363,1,44.30
6364,1,76.59
6365,64,20.08
6366,1,25.98
6366,13,23.03
6367,1,14.65
6368,18,17.91
6369,61,38.37
6370,7,13.30
6371,1,95.29
6371,3,107.10
6371,72,80.21
6371,246,91.49
6371,473,110.68
6372,1,29.65
6372,3,23.98
6372,4,28.56
6372,6,20.83
6372,395,20.74
6373,3,26.04
6373,13,23.32
6374,2,22.12
6374,11,20.59
6375,10,5.95
6375,3,6.80
6375,5,7.66
6376,1,20.10
6376,19,16.32
6377,1,11.54
6377,2,11.70
6378,8,90.63
6379,3,7.77
6380,3,43.29
6381,124,5.15
6382,12,7.36
6382,7,6.25
6383,16,10.47
6383,9,11.14
6384,19,27.02
6384,3,24.03
6384,30,21.79
6385,119,10.55
6386,2,7.54
6386,4,9.66
6386,14,8.36
6387,3,48.88
6388,25,26.86
6388,4,28.54
6388,1,33.49
6389,10,4.81
6390,1,15.49
6391,1,33.79
6391,6,34.63
6392,1,33.73
6392,15,32.84
6393,1,26.94
6393,10,34.69
6394,114,52.79
6395,2,7.21
6395,269,8.06
6395,14,7.20
6396,4,12.63
6396,5,12.25
6397,1,14.96
6398,76,30.98
6399,1,8.03
6399,55,10.61
6400,1,47.03
6400,137,30.25
6401,1,16.66
6401,5,16.36
6401,199,16.52
6402,483,3.22
6402,252,3.24
6402,21,4.88
6403,1,8.95
6404,1,34.26
6404,6,48.23
6405,1,5.26
6405,70,3.44
6406,1,29.04
6406,2,28.05
6406,100,32.99
6407,1,6.28
6408,1,34.36
6409,1,1.65
6410,344,49.63
6410,21,36.12
6410,86,35.74
6411,2,130.46
6411,134,93.51
6412,2,24.46
6412,331,27.22
6412,6,25.90
6413,1,13.20
6413,60,18.42
6414,1,24.42
6414,4,24.87
6415,85,21.79
6415,7,20.99
6416,3,22.05
6416,8,21.41
6416,46,27.64
6416,17,27.10
6416,30,18.66
6417,24,15.36
6417,4,16.07
6418,274,29.88
6418,52,32.23
6419,38,8.23
6420,23,14.54
6421,33,42.58
6422,34,69.60
6422,5,69.55
6422,6,61.15
6422,19,78.59
6422,24,89.21
6423,142,23.79
6424,2,3.67
6425,1,35.86
6426,2,14.57
6427,1,51.61
6427,5,49.35
6428,4,32.44
6429,1,145.76
6429,14,102.23
6430,21,13.10
6430,7,14.46
6431,2,19.91
6432,24,9.53
6432,193,11.63
6432,2,10.83
6433,1,89.21
6434,162,44.16
6434,22,42.88
6435,1,18.21
6436,1,12.46
6437,1,28.41
6438,2,53.91
6438,62,36.24
6439,18,18.09
6439,10,15.13
6439,3,16.30
6439,146,14.97
6440,6,36.04
6441,1,30.20
6442,26,63.92
6442,11,87.57
6442,131,61.74
6443,1,26.10
6443,47,29.44
6444,1,12.80
6444,5,13.78
6445,2,4.69
6445,3,6.75
6445,7,5.05
6445,15,6.14
6445,20,7.66
6446,112,7.84
6446,11,7.66
6446,13,5.91
6447,17,17.84
6447,34,16.71
6447,4,18.10
6447,478,15.37
6448,49,24.79
6449,1,24.83
6450,294,10.98
6451,96,4.07
6451,58,4.55
6451,15,4.47
6451,7,4.52
6452,2,11.04
6452,68,11.00
6453,122,13.63
6453,85,14.42
6453,15,16.67
6454,188,12.05
6455,1,20.30
6455,27,14.84
6455,20,14.36
6456,8,24.40
6456,424,15.43
6457,185,38.35
6458,1,13.63
6458,21,13.41
6459,1,44.16
6459,4,56.45
6459,75,63.28
6459,14,48.68
6459,60,58.96
6460,96,12.74
6460,43,10.45
6461,1,17.60
6461,19,18.05
6462,1,8.50
6462,30,7.67
6463,1,25.62
6463,2,31.02
6463,3,30.96
6463,42,30.92
6463,21,22.73
6464,27,5.07
6464,1,5.56
6464,67,6.38
6465,1,21.27
6465,22,17.99
6466,1,132.65
6466,68,134.82
6467,1,39.82
6467,83,51.28
6467,5,54.30
6467,31,50.99
6468,42,13.64
6468,323,9.31
6469,8,3.69
6469,1,3.85
6470,3,26.95
6470,4,30.19
6470,37,31.11
6471,8,32.24
6472,408,8.97
6472,3,8.17
6473,316,22.12
6473,53,22.65
6474,1,14.58
6474,3,13.08
6475,1,13.27
6475,35,12.28
6476,2,28.40
6477,5,33.79
6478,1,44.43
6478,76,40.85
6479,1,7.28
6479,14,8.79
6479,15,8.88
6479,18,6.13
6479,88,8.15
6480,73,11.96
6481,117,146.25
6481,14,104.42
6482,1,6.89
6483,3,4.40
6484,1,20.09
6484,12,23.13
6484,53,20.01
6484,86,24.36
6484,56,21.63
6485,1,84.67
6486,2,9.94
6487,11,10.06
6488,153,51.50
6488,2,31.69
6488,17,37.33
6489,1,44.26
6489,2,45.95
6489,19,64.93
6490,1,15.29
6490,27,16.28
6491,3,16.90
6491,12,17.69
6491,446,16.27
6491,14,13.90
6492,47,22.39
6493,1,4.42
6493,3,4.87
6494,17,17.34
6495,14,3.74
6496,80,3.53
6496,1,5.42
6496,61,4.78
6497,113,26.64
6497,246,26.68
6498,1,23.22
6498,2,32.16
6499,9,15.91
6500,1,9.10
6500,42,7.01
6501,1,7.07
6501,2,6.15
6501,4,5.15
6501,9,4.72
6501,23,5.73
6502,209,3.87
6502,25,3.63
6502,1,4.24
6502,7,4.09
6503,19,13.31
6503,3,15.19
6504,21,13.44
6505,2,12.20
6505,4,11.80
6505,79,12.56
6505,240,10.43
6505,313,11.51
6506,2,42.34
6506,19,40.70
6506,5,29.44
6507,138,21.59
6507,6,34.99
6507,7,27.02
6508,32,12.34
6508,1,11.72
6509,1,9.81
6509,5,11.46
6510,17,27.61
6510,3,42.60
6511,1,26.73
6511,3,28.46
6512,1,12.30
6512,83,13.86
6513,1,2.68
6514,3,80.82
6515,1,31.90
6516,2,108.38
6516,356,104.54
6517,125,11.03
6518,1,41.80
6518,2,43.96
6518,3,38.70
6518,22,41.89
6519,3,34.65
6519,4,32.20
6519,68,39.01
6520,9,25.44
6521,40,66.41
6521,11,57.99
6521,35,84.49
6521,166,76.11
6522,2,8.01
6522,14,8.15
6523,412,28.90
6524,4,5.86
6525,32,17.41
6526,210,15.52
6527,18,11.04
6527,7,8.78
6528,42,11.64
6529,2,93.56
6529,10,73.52
6530,1,28.61
6530,2,28.16
6531,8,8.02
6531,2,7.82
6532,289,8.01
6532,3,7.52
6532,4,7.86
6532,118,9.83
6532,57,8.28
6533,49,63.12
6533,2,41.41
6534,19,5.43
6534,3,7.27
6534,23,8.18
6535,232,19.43
6535,10,17.09
6536,1,32.21
6536,2,32.37
6536,13,29.21
6536,14,22.95
6536,122,20.91
6537,3,13.51
6537,4,19.88
6538,1,3.13
6539,64,18.49
6539,1,13.35
6539,10,13.62
6539,6,17.59
6540,9,21.81
6541,8,7.44
6541,1,9.17
6541,5,10.88
6541,31,7.14
6542,4,15.54
6542,77,13.88
6543,1,10.15
6543,33,11.44
6543,3,13.74
6543,8,13.30
6543,12,13.86
6544,96,55.70
6544,1,73.53
6544,6,69.87
6544,9,60.55
6544,154,49.29
6545,122,26.29
6546,56,33.05
6546,115,43.55
6546,12,39.01
6546,55,53.42
6547,2,4.29
6547,7,7.05
6548,4,13.14
6549,1,20.77
6549,23,21.40
6550,6,8.67
6551,1,3.03
6551,10,3.49
6551,6,2.69
6552,22,114.51
6553,1,34.26
6553,8,39.09
6553,107,33.07
6553,77,35.49
6553,461,36.85
6554,8,11.24
6554,1,9.57
6554,262,8.92
6555,10,16.34
6555,66,11.37
6555,3,14.74
6555,5,14.01
6556,225,14.09
6556,2,12.63
6556,1,11.61
6556,15,14.64
6556,112,12.19
6557,3,4.58
6558,1,16.44
6559,1,24.79
6560,1,12.64
6560,2,13.81
6560,109,13.17
6561,2,61.07
6561,11,58.07
6561,4,46.24
6561,287,48.43
6562,1,32.63
6562,3,33.96
6562,5,38.19
6562,8,30.55
6562,491,35.02
6563,1,34.20
6563,2,35.50
6563,7,27.39
6563,14,31.68
6563,17,36.65
6564,38,5.80
6565,4,15.34
6565,5,14.40
6566,1,69.93
6566,12,72.28
6567,91,96.20
6567,4,105.01
6568,1,20.10
6568,3,18.14
6569,11,10.18
6569,3,10.31
6569,5,15.15
6569,7,13.77
6570,3,32.18
6570,13,33.37
6571,1,14.40
6571,466,19.01
6572,2,40.13
6572,3,35.37
6572,4,32.17
6572,5,27.87
6572,41,36.77
6573,8,9.29
6573,1,11.84
6574,84,3.54
6575,1,8.42
6576,6,17.74
6577,80,21.29
6577,27,20.74
6578,1,13.50
6579,1,10.11
6580,22,14.40
6581,1,54.20
6581,3,45.10
6581,4,64.12
6581,5,54.61
6581,55,59.33
6582,1,3.06
6582,2,3.73
6582,3,3.52
6582,4,3.90
6582,8,2.79
6583,32,14.75
6583,7,12.04
6584,33,19.31
6584,28,20.42
6585,3,22.43
6585,68,20.64
6586,1,23.91
6586,13,19.03
6587,1,24.00
6587,18,24.05
6588,21,10.63
6589,3,14.88
6590,178,8.97
6591,68,44.88
6591,38,30.78
6591,6,44.67
6591,301,37.39
6591,14,40.79
6592,1,31.29
6592,4,29.11
6592,37,25.64
6592,71,25.14
6592,19,25.60
6593,11,11.31
6594,9,23.86
6594,86,32.77
6595,18,5.38
6595,12,5.85
6596,81,1.90
6596,7,1.41
6597,2,5.62
6597,3,6.31
6598,1,6.09
6599,1,2.12
6599,3,2.57
6600,2,10.94
6600,483,9.98
6601,1,20.02
6601,3,21.72
6602,3,12.37
6603,1,31.74
6604,1,20.18
6605,2,10.42
6606,147,7.89
6606,14,11.21
6607,14,2.44
6608,8,8.25
6608,1,7.28
6608,20,6.67
6609,100,10.69
6609,4,15.24
6610,140,30.51
6611,1,41.25
6612,1,12.24
6612,18,9.23
6613,9,14.01
6614,32,4.97
6614,1,4.30
6614,3,6.25
6614,9,4.05
6614,60,6.21
6615,2,29.34
6616,11,48.69
6617,1,26.70
6618,3,17.44
6618,15,16.51
6619,2,15.30
6620,5,42.84
6620,22,56.38
6621,1,24.14
6621,2,30.35
6621,7,33.20
6621,8,24.36
6621,21,21.70
6622,1,14.57
6623,8,16.52
6623,1,10.49
6623,134,13.92
6624,2,90.60
6624,191,105.16
6625,32,16.20
6625,34,13.31
6625,3,16.73
6625,48,14.69
6625,49,11.27
6626,3,9.50
6626,413,9.45
6627,218,19.24
6627,6,17.61
6628,1,78.16
6628,2,65.97
6628,77,83.28
6628,19,85.11
6628,25,88.64
6629,2,14.10
6630,1,9.49
6630,2,8.52
6630,3,9.02
6630,13,11.59
6631,32,84.87
6631,6,74.64
6632,174,20.93
6632,7,22.33
6633,491,7.94
6634,1,30.95
6634,50,40.79
6634,6,32.86
6635,1,32.49
6635,33,34.99
6635,3,24.41
6635,307,25.25
6635,124,31.08
6636,3,6.57
6636,54,5.80
6636,31,5.50
6637,2,22.79
6638,25,18.60
6639,1,19.77
6639,3,19.07
6640,9,24.04
6640,10,25.27
6640,2,19.56
6640,54,23.02
6641,1,47.09
6642,198,27.93
6642,6,26.39
6643,41,14.27
6644,393,11.13
6644,13,8.11
6644,22,8.15
6645,5,7.79
6646,14,14.05
6647,25,16.86
6647,429,22.51
6648,8,68.84
6648,16,63.23
6648,2,77.88
6648,6,72.82
6649,17,17.28
6650,1,7.91
6650,3,6.13
6650,245,6.11
6651,45,10.86
6652,2,44.74
6652,6,41.80
6653,41,23.63
6653,115,24.94
6654,17,8.43
6655,1,57.25
6655,35,81.77
6656,266,22.91
6657,4,9.92
6658,16,48.01
6658,1,64.30
6659,10,10.73
6659,2,7.45
6660,1,43.27
6660,421,38.99
6661,32,43.36
6661,2,40.15
6661,181,30.74
6662,151,35.85
6663,1,26.45
6663,2,22.98
6664,8,23.68
6664,2,29.20
6664,115,23.41
6665,1,11.18
6665,2,12.20
6665,3,14.25
6665,6,13.64
6665,89,10.16
6666,24,72.68
6667,188,3.36
6667,4,4.60
6667,7,4.32
6668,1,49.82
6668,6,48.50
6669,8,9.48
6669,3,8.86
6670,13,8.76
6670,67,10.56
6670,5,9.53
6671,200,69.23
6671,1,66.87
6672,96,166.67
6672,73,183.47
6673,472,55.65
6673,1,46.09
6674,1,15.17
6675,2,35.63
6675,11,26.79
6676,1,4.76
6677,53,18.88
6677,14,19.35
6678,2,19.04
6678,15,14.77
6679,139,20.02
6680,1,13.37
6680,70,10.61
6681,27,6.57
6681,222,5.14
6682,16,8.71
6682,1,8.60
6683,3,8.83
6683,110,9.24
6684,1,3.37
6684,18,4.56
6685,78,113.06
6686,14,34.40
6687,250,17.59
6688,88,14.61
6688,302,9.56
6689,15,105.22
6690,1,15.17
6690,3,13.97
6691,2,45.84
6691,5,40.75
6692,2,34.61
6692,307,29.67
6692,7,32.54
6693,2,14.47
6694,1,7.65
6694,4,8.05
6695,24,12.23
6695,30,14.85
6696,4,31.08
6697,88,26.99
6698,344,63.01
6699,46,10.16
6700,41,52.82
6700,3,44.53
6700,4,57.21
6701,4,13.67
6701,6,12.07
6702,1,4.28
6702,3,4.48
6703,2,8.75
6703,3,11.20
6704,1,62.40
6705,18,58.58
6706,1,63.17
6707,3,24.91
6707,27,37.47
6708,372,32.51
6709,2,10.87
6709,262,9.43
6710,1,57.11
6710,3,48.37
6710,11,60.89
6710,46,37.34
6710,498,58.44
6711,1,4.80
6711,2,6.23
6711,103,4.77
6712,9,37.04
6712,2,41.50
6712,91,27.66
6713,1,11.74
6713,2,9.98
6713,3,11.64
6713,9,9.15
6713,500,8.78
6714,25,3.65
6714,2,3.57
6715,39,36.19
6716,155,12.45
6717,441,37.93
6717,11,37.95
6718,50,4.17
6718,13,4.07
6719,2,53.38
6720,8,10.49
6720,9,16.85
6720,371,10.42
6721,2,8.36
6721,4,9.53
6721,5,11.72
6721,13,9.68
6721,146,11.45
6722,1,4.04
6722,499,4.26
6722,325,6.11
6722,119,4.25
6723,3,16.54
6723,5,20.62
6723,71,17.68
6723,14,14.96
6723,25,13.30
6724,49,27.53
6724,298,30.82
6725,1,12.03
6725,2,8.73
6725,10,8.88
6726,1,10.88
6726,2,15.27
6726,5,12.50
6727,1,20.74
6727,4,20.41
6728,1,20.38
6728,2,18.53
6728,59,12.87
6729,1,96.12
6729,2,65.16
6730,1,26.45
6730,10,20.87
6731,65,21.32
6731,1,18.70
6732,4,5.87
6732,6,5.19
6733,1,11.73
6733,3,8.90
6733,5,10.67
6733,267,12.06
6733,236,9.99
6734,1,5.88
6735,4,12.62
6736,1,20.01
6737,1,127.19
6737,3,97.31
6737,4,102.78
6738,1,22.86
6738,232,22.62
6738,200,20.67
6738,13,25.78
6738,79,20.27
6739,1,105.38
6739,2,80.96
6740,2,8.44
6740,6,11.41
6740,8,10.65
6740,143,10.65
6740,15,10.77
6741,1,38.24
6741,21,29.99
6742,1,27.59
6742,183,34.04
6743,312,17.66
6743,9,18.18
6743,2,11.45
6744,1,33.56
6745,1,72.29
6745,6,71.11
6746,1,45.62
6746,2,28.51
6746,4,36.81
6746,238,39.76
6746,26,38.66
6747,1,4.89
6747,302,5.11
6748,3,22.13
6749,1,14.42
6749,2,16.71
6750,360,22.40
6750,1,29.71
6750,27,31.45
6750,6,31.96
6751,1,10.64
6751,2,8.38
6751,127,7.68
6752,1,58.32
6752,3,50.49
6752,17,61.82
6753,1,35.11
6754,1,28.04
6754,139,32.56
6755,4,108.93
6755,13,107.64
6755,6,95.03
6756,8,24.85
6757,3,35.06
6758,2,6.26
6758,5,5.04
6759,1,4.79
6759,2,5.82
6760,1,74.67
6760,2,70.81
6760,3,60.02
6760,5,83.07
6760,6,69.96
6761,8,15.63
6762,35,7.62
6762,43,8.14
6762,1,8.89
6763,1,22.43
6763,3,19.32
6763,5,20.78
6763,366,15.16
6763,31,16.60
6764,5,10.04
6764,150,11.18
6764,255,9.41
6765,1,21.12
6765,69,18.34
6766,18,14.55
6767,72,30.12
6767,13,39.40
6767,22,37.66
6768,1,8.65
6769,2,19.97
6769,3,14.87
6769,4,18.56
6769,8,17.90
6769,13,13.85
6770,1,40.66
6770,6,31.53
6771,1,8.23
6771,4,6.51
6771,17,6.18
6771,82,6.77
6771,25,7.86
6772,1,9.04
6772,12,10.56
6772,5,10.23
6773,1,25.65
6773,339,29.98
6774,1,35.57
6774,4,49.12
6775,27,24.80
6775,12,20.07
6776,6,17.80
6777,10,18.20
6778,1,9.94
6778,2,10.03
6778,8,15.11
6778,466,11.87
6778,18,9.74
6779,3,23.00
6779,99,21.19
6780,32,10.52
6780,18,8.11
6780,27,8.49
6780,12,11.81
6781,3,10.31
6781,55,10.43
6782,8,4.25
6782,20,6.11
6783,41,4.87
6783,3,5.18
6784,1,59.85
6784,6,54.20
6784,136,55.68
6784,22,41.60
6784,60,61.82
6785,1,21.99
6785,5,13.82
6786,12,5.20
6787,233,10.21
6787,3,8.45
6787,21,7.31
6787,1,7.93
6788,2,7.52
6788,107,10.14
6788,46,7.92
6789,2,25.31
6789,399,26.14
6790,1,20.33
6791,2,3.18
6792,1,38.02
6792,6,30.01
6793,1,10.56
6793,71,14.05
6794,130,17.33
6794,117,17.70
6795,4,32.71
6795,22,28.94
6796,1,12.50
6796,2,18.19
6796,3,14.06
6796,101,18.99
6797,8,25.65
6797,26,19.00
6797,184,30.97
6798,24,10.60
6798,2,10.40
6798,4,12.69
6799,6,81.87
6800,1,95.95
6800,2,98.85
6800,4,111.83
6800,6,101.60
6800,8,137.15
6801,177,9.51
6801,26,7.82
6802,128,36.80
6802,1,36.20
6803,1,7.60
6803,20,6.31
6804,1,14.41
6804,3,13.79
6804,6,10.34
6805,1,24.58
6806,3,28.01
6807,160,3.81
6807,2,4.64
6807,133,4.59
6807,6,4.84
6808,3,60.41
6808,46,43.28
6809,1,11.63
6809,2,10.65
6810,1,44.19
6810,164,44.09
6811,10,33.70
6811,4,30.25
6812,8,4.80
6812,5,3.64
6813,4,8.49
6814,4,37.27
6814,9,29.87
6814,17,25.87
6814,22,28.06
6814,26,41.04
6815,1,15.55
6815,7,11.30
6816,1,33.32
6817,20,2.20
6817,293,1.74
6818,80,34.83
6819,4,33.12
6819,7,25.80
6819,8,21.76
6819,11,26.07
6819,54,26.02
6820,1,37.82
6820,28,31.53
6820,4,31.83
6821,57,4.95
6821,10,4.86
6822,1,227.62
6822,4,177.73
6823,189,31.40
6823,7,22.62
6824,1,44.37
6824,2,45.43
6824,6,35.81
6824,8,53.57
6824,9,43.15
6825,1,45.91
6825,2,42.25
6826,1,1.77
6826,99,2.02
6826,6,1.81
6826,22,2.18
6826,30,1.93
6827,192,46.86
6827,1,56.61
6827,2,45.16
6827,10,54.00
6827,11,63.95
6828,229,2.11
6829,33,15.78
6829,35,11.50
6829,41,16.13
6830,6,5.77
6831,3,13.53
6832,1,77.97
6833,1,16.48
6833,11,12.86
6833,4,17.23
6833,5,19.17
6834,1,13.88
6834,36,9.32
6834,5,13.72
6834,42,12.00
6834,411,11.65
6835,8,16.37
6836,256,3.57
6836,11,3.76
6837,58,30.41
6837,11,26.29
6837,22,21.08
6838,3,9.31
6838,94,10.40
6839,8,48.33
6839,12,38.12
6839,302,42.11
6840,1,17.53
6840,4,12.90
6841,1,127.52
6842,8,20.19
6842,36,13.36
6843,1,22.41
6843,13,22.37
6844,16,123.20
6845,53,10.70
6846,42,5.36
6847,11,100.04
6848,1,33.59
6848,2,26.39
6848,3,24.84
6849,66,25.69
6850,2,39.87
6850,55,40.58
6851,4,24.22
6852,65,25.03
6853,1,15.79
6853,2,10.14
6853,6,11.89
6853,11,11.74
6853,12,13.63
6854,3,11.29
6855,16,5.73
6856,1,53.40
6856,11,40.64
6857,208,20.16
6858,11,13.72
6858,12,12.35
6859,8,7.15
6859,13,5.26
6860,1,17.19
6860,6,10.81
6861,9,31.07
6862,43,18.64
6862,263,15.34
6863,1,12.36
6863,6,15.09
6863,361,10.43
6863,43,9.36
6863,58,14.93
6864,1,49.82
6864,15,51.97
6865,1,17.55
6865,2,18.23
6865,4,26.40
6865,15,20.73
6866,25,15.90
6866,4,16.08
6867,2,18.45
6867,14,18.60
6868,1,4.28
6869,10,55.86
6870,1,26.60
6871,1,85.88
6871,58,61.12
6871,242,67.65
6871,45,66.95
6872,234,2.80
6872,43,2.39
6873,1,6.12
6873,5,5.35
6874,4,28.80
6874,22,32.93
6875,16,75.40
6875,10,80.78
6875,28,70.46
6875,6,72.91
6876,3,20.20
6877,179,43.50
6877,12,36.36
6877,38,32.34
6878,2,16.92
6879,1,1.80
6880,67,3.29
6881,4,17.33
6882,9,22.22
6882,17,23.17
6883,2,4.66
6883,428,3.66
6883,6,4.75
6884,1,25.44
6884,422,35.74
6884,7,37.29
6884,201,35.23
6884,51,34.87
6885,1,15.92
6885,6,12.16
6886,19,6.32
6886,68,6.62
6887,1,36.89
6888,2,103.76
6889,117,6.03
6890,73,3.62
6890,39,4.91
6891,1,12.98
6891,452,11.54
6891,5,12.76
6892,1,55.15
6893,1,7.09
6893,15,8.95
6894,1,17.03
6894,2,17.67
6895,1,16.40
6895,82,14.76
6896,58,31.83
6896,44,44.17
6897,4,42.14
6898,1,23.48
6899,7,3.51
6899,287,3.79
6900,1,12.17
6901,5,13.45
6902,1,2.35
6903,1,101.79
6903,5,156.55
6904,4,32.66
6905,1,9.43
6905,4,10.83
6906,2,29.36
6907,6,32.69
6908,4,7.42
6909,40,53.16
6910,11,7.35
6910,302,7.92
6910,319,9.79
6911,25,65.80
6911,18,69.29
6912,1,4.84
6912,2,4.44
6912,140,4.98
6912,84,4.79
6912,27,4.93
6913,57,59.42
6913,36,53.53
6913,5,41.07
6913,7,43.02
6914,1,13.08
6915,4,13.80
6916,26,59.28
6916,219,35.44
6917,1,14.94
6917,43,10.27
6917,45,11.53
6917,17,15.90
6917,305,12.65
6918,193,6.22
6918,2,8.44
6918,5,8.36
6919,14,11.76
6919,15,17.13
6920,289,17.46
6920,2,17.77
6920,5,26.06
6921,2,97.12
6922,338,30.64
6922,158,32.49
6923,44,50.10
6924,161,4.43
6925,1,27.30
6925,20,22.31
6926,1,52.37
6926,2,86.31
6926,3,53.63
6927,56,26.98
6927,1,32.94
6928,9,61.16
6928,47,58.23
6929,9,33.95
6929,3,29.84
6930,4,5.09
6931,48,157.96
6931,114,145.24
6932,33,22.60
6932,6,19.16
6932,168,19.20
6932,138,18.02
6932,18,19.89
6933,8,15.73
6934,1,62.01
6934,149,69.54
6934,7,52.82
6935,4,36.99
6936,1,9.12
6936,77,11.07
6936,63,9.39
6937,23,6.28
6938,131,17.50
6938,12,11.79
6938,69,12.68
6939,8,7.25
6939,1,9.97
6939,473,10.08
6939,31,6.86
6940,25,43.35
6940,37,41.58
6941,4,29.79
6941,7,26.93
6942,9,22.72
6942,225,32.45
6942,6,26.92
6943,7,10.75
6944,8,17.44
6945,4,24.11
6945,29,20.02
6946,2,25.57
6947,1,18.13
6947,2,17.47
6947,474,21.44
6947,143,17.28
6948,1,8.12
6949,1,13.43
6949,7,13.93
6950,65,46.19
6950,4,35.93
6951,75,7.89
6952,12,12.09
6952,14,12.20
6953,1,3.63
6954,1,51.92
6954,2,52.42
6954,4,51.26
6955,17,28.93
6955,2,25.59
6955,1,22.90
6955,70,32.51
6956,1,23.30
6956,12,21.60
6957,1,10.27
6957,46,7.89
6958,117,8.05
6959,1,26.62
6960,1,11.54
6960,15,9.25
6961,16,29.16
6961,2,42.45
6962,1,44.64
6962,5,67.69
6962,23,46.31
6963,1,10.84
6963,11,11.35
6964,18,8.55
6965,19,9.52
6965,75,10.61
6966,1,14.07
6966,2,20.37
6966,5,16.64
6966,102,20.29
6966,81,17.93
6967,1,9.65
6967,13,7.55
6968,92,19.54
6969,1,35.47
6969,134,28.87
6969,9,38.68
6970,6,11.63
6971,3,10.86
6971,52,14.35
6971,23,14.05
6972,423,44.02
6973,8,28.81
6974,11,11.46
6974,29,12.11
6975,214,89.91
6975,174,100.81
6976,1,15.92
6976,3,23.26
6977,1,12.11
6977,2,13.38
6978,1,15.92
6978,26,19.42
6979,33,54.79
6979,21,66.70
6980,1,15.26
6980,4,17.84
6981,37,36.05
6982,1,55.10
6982,4,55.01
6983,1,15.90
6983,26,13.43
6983,6,16.05
6984,12,31.13
6984,7,21.45
6985,96,52.38
6985,1,33.57
6985,2,35.27
6985,3,44.12
6985,22,50.32
6986,1,18.26
6986,2,20.66
6986,114,19.83
6987,2,6.11
6987,53,7.17
6988,19,17.39
6988,3,15.04
6989,2,8.01
6989,3,7.69
6990,16,11.57
6990,3,12.11
6990,13,12.98
6991,3,47.57
6991,38,32.11
6992,142,63.22
6993,1,15.64
6994,161,5.66
6994,302,6.59
6995,2,123.70
6995,13,114.13
6996,1,8.05
6996,2,7.24
6996,45,7.33
6996,110,9.72
6996,116,8.86
6997,408,3.92
6998,2,10.23
6999,1,49.74
7000,226,38.07
7000,3,26.47
7001,3,15.55
7002,1,36.65
7002,50,31.40
7003,48,16.95
7003,53,14.97
7004,59,15.21
7004,93,14.09
7004,6,10.56
7005,11,19.12
7005,5,19.59
7006,2,13.10
7007,4,8.63
7008,3,15.04
7009,1,47.38
7009,63,74.33
7010,1,17.05
7010,3,19.06
7010,6,17.69
7010,9,18.84
7010,89,17.09
7011,3,6.35
7012,1,18.48
7013,24,41.23
7013,1,39.32
7013,106,31.02
7013,4,35.19
7014,1,4.79
7014,66,6.19
7015,166,22.56
7016,9,6.93
7017,1,9.63
7017,19,8.53
7017,6,9.99
7017,7,10.01
7018,200,32.48
7018,1,31.60
7018,2,25.71
7018,430,31.25
7019,16,12.50
7019,1,9.27
7019,12,9.90
7020,2,59.79
7020,13,48.64
7021,1,11.19
7021,3,11.30
7021,133,8.42
7022,42,24.86
7022,21,21.19
7022,366,16.89
7022,95,20.39
7023,1,39.60
7024,8,14.15
7024,1,11.45
7025,2,34.09
7025,26,26.86
7025,4,38.30
7025,70,38.88
7026,2,16.20
7027,170,12.31
7027,3,12.21
7027,445,15.65
7027,106,15.09
7028,3,9.13
7029,2,143.60
7029,157,164.59
7030,25,20.39
7030,3,25.93
7031,1,24.55
7031,2,34.47
7032,1,2.64
7032,10,1.97
7033,2,53.06
7033,20,58.61
7033,5,38.27
7034,9,66.29
7034,5,71.90
7035,10,85.19
7036,2,15.33
7036,3,14.42
7036,4,18.99
7036,9,23.08
7036,22,19.34
7037,146,15.68
7038,3,20.33
7038,5,18.38
7039,146,39.82
7040,3,10.97
7041,1,53.58
7041,180,33.46
7042,2,14.18
7043,6,12.94
7044,9,19.28
7044,31,22.99
7045,1,208.07
7045,6,218.97
7046,76,79.03
7047,262,4.41
7048,1,150.71
7048,2,122.67
7049,35,29.25
7050,3,17.86
7050,107,12.84
7050,427,19.51
7050,7,15.84
7051,2,33.01
7051,23,40.81
7052,9,23.59
7052,53,21.08
7053,3,63.59
7054,13,42.60
7054,5,48.38
7055,1,67.16
7055,18,87.99
7056,1,25.76
7056,21,28.89
7056,45,21.44
7056,33,26.18
7057,14,3.77
7057,31,3.96
7058,356,14.77
7059,25,20.73
7059,53,19.40
7060,225,2.28
7060,1,2.79
7060,3,2.07
7060,75,2.10
7060,21,1.80
7061,1,16.12
7061,42,19.00
7061,6,17.58
7062,36,24.99
7063,1,36.03
7063,2,38.76
7064,6,6.16
7065,2,9.85
7065,5,9.84
7066,2,11.50
7067,2,38.07
7068,3,11.47
7068,4,8.13
7069,267,9.42
7070,9,14.63
7070,1,20.35
7071,1,4.91
7071,114,7.31
7072,1,46.74
7072,3,62.06
7072,38,38.99
7072,14,57.87
7072,24,42.93
7073,1,92.92
7073,194,72.77
7074,98,14.35
7075,5,19.24
7076,40,8.07
7076,1,8.14
7076,401,11.50
7077,1,6.91
7077,437,5.17
7078,1,8.92
7078,4,12.83
7078,37,7.92
7078,233,9.95
7078,44,11.76
7079,1,4.91
7079,2,7.04
7079,131,5.29
7079,5,5.20
7079,176,4.52
7080,8,17.19
7081,24,44.52
7081,2,52.08
7082,15,22.97
7083,1,70.03
7083,301,48.55
7083,22,64.89
7084,3,8.43
7085,1,17.95
7085,3,29.90
7085,20,23.09
7086,445,27.21
7087,2,25.12
7087,75,31.77
7088,154,2.11
7088,14,3.38
7089,1,34.96
7090,5,16.97
7090,231,14.62
7091,8,19.41
7092,3,32.14
7093,1,85.90
7094,1,16.14
7094,2,15.54
7094,5,19.88
7094,49,15.48
7095,1,25.93
7095,10,29.82
7096,2,11.24
7096,12,8.83
7097,8,15.85
7097,1,13.35
7097,38,11.29
7098,1,30.18
7098,5,22.90
7098,7,25.65
7099,1,56.47
7100,66,43.55
7100,133,32.81
7100,6,34.07
7100,8,28.67
7100,13,41.38
7101,209,13.33
7101,2,10.72
7102,90,21.96
7103,43,17.77
7103,15,20.03
7103,17,21.71
7103,30,24.01
7103,479,27.70
7104,38,14.48
7105,2,84.84
7105,340,122.38
7106,392,14.88
7106,2,13.48
7106,22,9.47
7107,1,20.94
7108,184,10.95
7108,3,9.10
7108,31,10.44
7109,4,8.04
7110,1,119.66
7111,304,2.85
7112,24,42.65
7113,17,30.48
7113,20,33.74
7114,6,32.38
7115,41,26.38
7115,93,26.05
7116,33,21.16
7117,3,47.63
7117,6,35.04
7118,3,37.89
7118,13,41.30
7118,6,53.26
7119,1,26.87
7120,7,6.49
7121,1,12.73
7121,4,16.08
7122,1,8.17
7122,21,8.77
7123,1,10.24
7123,378,7.16
7124,15,65.04
7125,11,26.48
7126,10,26.98
7126,3,30.40
7127,1,9.26
7127,283,7.28
7128,40,7.20
7129,1,71.97
7129,25,73.99
7129,23,92.24
7130,54,95.24
7131,199,53.31
7131,3,50.69
7131,4,59.39
7131,7,66.27
7132,3,4.95
7132,6,5.73
7132,7,4.34
7132,9,5.81
7132,46,4.24
7133,3,20.87
7133,12,32.29
7134,1,18.10
7134,6,21.25
7135,1,31.32
7135,314,22.58
7136,8,57.81
7136,121,52.22
7136,7,50.76
7137,8,5.68
7137,58,5.49
7138,11,15.54
7139,97,72.70
7140,1,85.55
7140,180,90.87
7140,13,90.53
7140,6,89.83
7141,1,28.25
7142,1,14.20
7142,74,13.40
7143,29,14.39
7144,1,10.16
7145,1,6.34
7145,36,6.80
7146,132,28.01
7147,254,12.66
7148,1,15.38
7148,2,22.72
7148,4,20.53
7148,7,20.52
7148,14,23.42
7149,3,21.59
7149,342,21.02
7150,40,21.44
7151,1,6.14
7151,3,7.90
7151,5,7.79
7151,23,7.39
7151,24,8.99
7152,8,7.56
7153,1,30.00
7153,3,34.28
7154,134,13.80
7155,120,6.51
7155,251,6.29
7156,8,13.79
7156,5,11.27
7157,30,10.34
7158,384,22.61
7158,67,19.19
7158,14,15.77
7159,64,9.87
7159,4,6.60
7160,3,1.93
7160,30,2.18
7161,109,12.44
7162,289,35.16
7163,28,24.64
7163,4,29.19
7164,51,9.95
7165,1,37.04
7165,2,33.25
7165,3,38.65
7166,51,44.62
7166,5,68.52
7166,7,46.48
7167,3,26.24
7167,4,26.66
7168,4,33.02
7169,1,72.14
7170,31,52.12
7171,2,8.46
7171,180,7.13
7171,237,8.57
7172,3,14.57
7173,189,6.49
7173,7,6.50
7174,7,21.99
7175,18,15.37
7175,6,12.40
7176,66,10.19
7176,477,8.94
7177,3,5.79
7177,4,6.15
7177,222,5.31
7178,2,21.02
7178,211,26.88
7178,69,22.38
7179,1,56.38
7180,2,18.37
7180,78,29.53
7181,1,4.41
7181,5,3.18
7181,9,4.34
7181,18,4.33
7181,415,3.30
7182,1,38.65
7182,4,34.08
7183,1,51.16
7183,484,34.19
7184,1,16.32
7184,4,17.50
7185,1,19.32
7185,61,13.88
7186,10,21.91
7187,27,9.09
7187,6,11.11
7188,2,9.54
7189,16,21.98
7189,1,18.30
7189,2,18.65
7190,24,4.88
7190,1,4.02
7191,24,37.08
7192,18,13.01
7193,41,15.36
7193,13,15.88
7193,1,24.20
7194,13,6.24
7195,2,14.11
7195,4,13.18
7196,5,96.05
7197,1,5.25
7198,1,62.09
7198,2,79.37
7198,4,92.80
7199,177,22.55
7200,1,53.05
7201,56,5.68
7202,2,12.09
7203,1,12.91
7204,1,32.55
7204,2,33.91
7204,5,30.59
7204,42,44.72
7204,23,46.63
7205,1,11.02
7206,77,104.68
7207,17,44.83
7207,226,52.27
7208,15,8.91
7209,33,85.38
7209,1,85.25
7210,474,23.60
7210,142,21.27
7211,192,8.58
7211,1,9.07
7212,48,41.99
7213,1,12.44
7213,23,12.98
7213,7,18.46
7214,59,33.16
7214,70,38.73
7215,1,40.41
7215,2,31.33
7215,6,25.63
7216,10,14.30
7216,15,13.55
7216,191,20.34
7217,1,5.37
7217,62,3.48
7218,21,7.08
7219,100,14.48
7220,4,7.41
7220,5,5.81
7221,100,63.43
7221,41,83.32
7221,9,80.22
7221,24,76.42
7221,286,54.11
7222,122,15.67
7222,5,25.71
7222,6,19.83
7223,1,50.41
7224,37,6.99
7224,46,6.41
7225,4,3.10
7226,241,35.44
7227,1,11.50
7228,16,16.73
7228,1,12.37
7229,34,94.57
7230,1,45.59
7230,2,55.44
7231,2,12.20
7231,86,7.85
7232,1,9.11
7232,129,6.65
7232,3,9.17
7232,4,10.95
7233,1,15.60
7234,406,13.50
7234,31,9.41
7235,1,5.99
7236,3,224.20
7237,3,149.91
7237,68,200.50
7237,357,185.44
7237,166,241.62
7237,21,212.75
7238,1,13.22
7238,3,19.74
7238,6,18.84
7238,144,18.16
7238,51,18.26
7239,1,28.43
7239,29,17.16
7240,1,9.56
7241,2,20.46
7241,23,17.09
7242,1,21.78
7242,85,27.82
7242,7,25.39
7243,38,7.43
7243,6,8.56
7243,80,5.84
7243,57,8.26
7243,91,8.26
7244,13,10.68
7245,2,12.55
7246,14,25.51
7247,36,10.40
7248,1,9.01
7248,162,10.41
7248,230,8.27
7248,185,12.06
7248,27,12.21
7249,7,55.92
7250,18,13.84
7250,423,13.09
7251,1,17.44
7252,5,47.86
7252,311,48.69
7253,1,9.80
7254,1,33.44
7254,2,34.07
7254,166,29.79
7254,489,43.94
7254,43,33.23
7255,1,42.87
7255,10,32.68
7255,2,35.21
7255,50,38.27
7256,2,17.19
7257,1,25.20
7257,230,20.00
7257,15,18.34
7258,478,40.76
7259,318,5.83
7260,178,30.53
7260,54,29.44
7261,1,7.46
7262,1,14.08
7262,36,15.03
7263,2,55.21
7264,1,109.55
7264,3,96.78
7264,4,85.97
7264,8,84.65
7264,11,127.61
7265,2,16.93
7266,10,22.73
7267,1,4.99
7267,5,6.32
7268,295,5.89
7269,1,45.63
7269,121,40.18
7270,22,16.59
7271,1,35.42
7271,2,27.86
7271,73,34.29
7271,15,37.67
7271,19,31.64
7272,48,72.10
7272,1,74.99
7272,289,69.91
7273,1,9.76
7274,1,37.13
7274,35,33.82
7275,365,19.56
7275,149,23.08
7276,2,7.91
7276,37,12.10
7277,1,5.61
7277,26,6.85
7277,6,6.98
7278,1,109.37
7278,482,119.79
7278,2,119.44
7278,6,112.11
7278,391,133.16
7279,20,68.07
7280,1,33.62
7281,2,9.94
7281,6,7.81
7282,448,43.26
7282,59,44.61
7282,15,49.98
7283,85,15.05
7283,13,14.73
7284,20,4.20
7285,1,6.54
7285,159,4.82
7286,1,10.48
7287,32,38.36
7287,2,48.00
7287,3,33.84
7288,2,31.89
7288,4,25.56
7289,352,14.98
7289,45,11.47
7290,377,53.09
7291,1,22.73
7292,1,26.71
7292,3,29.75
7293,290,16.96
7293,2,16.38
7294,1,42.60
7294,5,38.86
7294,7,49.38
7295,2,45.05
7295,134,63.40
7296,1,15.59
7297,66,51.09
7297,11,72.55
7298,213,15.70
7299,1,74.55
7299,3,72.11
7299,12,68.11
7299,55,50.41
7299,382,72.83
7300,1,18.66
7300,30,21.16
7301,1,97.87
7301,2,138.03
7301,3,136.99
7301,46,141.17
7302,24,13.86
7302,6,12.76
7303,11,10.87
7303,3,12.15
7304,18,15.11
7305,2,13.66
7306,1,19.52
7306,3,24.87
7307,16,16.86
7307,1,13.58
7307,90,20.11
7307,101,21.13
7308,1,92.50
7308,2,120.04
7309,5,44.68
7310,26,13.11
7310,6,12.83
7311,1,12.34
7311,30,15.47
7311,6,19.17
7312,4,11.23
7312,13,9.32
7312,94,11.82
7313,160,22.28
7314,1,9.84
7314,13,12.20
7314,350,13.57
7315,5,2.41
7316,116,10.05
7316,70,12.90
7317,56,12.70
7317,39,14.39
7318,4,6.82
7318,14,6.80
7319,1,4.66
7319,2,5.69
7319,5,5.41
7319,281,7.10
7319,62,7.33
7320,1,1.57
7320,2,1.85
7320,9,1.93
7320,15,1.62
7320,284,1.70
7321,1,92.62
7321,90,92.81
7321,85,106.57
7322,1,38.37
7323,203,15.65
7324,19,4.23
7324,117,4.91
7324,38,4.02
7325,2,37.33
7326,1,24.17
7326,6,31.73
7326,12,34.05
7326,238,37.00
7326,25,38.64
7327,2,120.06
7327,3,80.52
7328,1,38.21
7329,1,47.66
7329,317,37.05
7329,7,44.81
7330,85,46.99
7331,39,4.07
7332,10,6.49
7333,1,6.66
7334,92,76.80
7334,5,63.63
7335,2,35.82
7335,12,42.82
7335,154,28.50
7335,7,36.87
7336,1,29.47
7337,2,38.34
7337,3,31.57
7338,208,22.15
7338,1,25.09
7339,38,2.21
7340,5,11.07
7340,103,14.01
7341,137,52.56
7342,1,6.99
7342,342,6.42
7343,73,46.72
7344,1,19.40
7344,3,16.53
7345,24,48.75
7345,177,37.47
7345,7,42.96
7346,9,11.18
7346,7,7.14
7347,2,9.82
7347,27,13.55
7348,7,22.23
7349,4,7.60
7350,1,91.15
7351,1,16.78
7352,1,6.52
7352,10,9.12
7352,78,7.98
7352,144,7.75
7352,90,6.62
7353,1,62.08
7353,3,45.96
7354,164,19.22
7354,21,18.50
7355,5,14.14
7356,10,27.71
7357,2,46.63
7357,3,45.51
7357,12,54.62
7358,1,60.53
7358,3,65.60
7358,76,60.95
7358,369,59.28
7359,1,55.33
7359,23,71.82
7360,2,70.45
7361,1,19.02
7361,2,16.85
7361,146,17.90
7362,1,8.72
7363,4,74.27
7364,1,14.75
7364,4,21.24
7364,5,22.41
7364,6,21.05
7364,51,16.14
7365,83,18.90
7366,272,32.29
7366,1,23.06
7367,132,6.97
7368,1,22.30
7368,3,17.28
7368,5,13.30
7368,10,18.03
7368,43,15.09
7369,1,17.85
7370,3,11.87
7371,496,28.45
7371,1,27.46
7371,2,21.62
7372,2,8.50
7373,10,25.20
7374,8,8.92
7375,51,39.37
7375,143,38.67
7376,16,19.81
7376,1,27.17
7376,356,21.79
7377,1,5.99
7378,227,29.26
7379,10,47.71
7380,34,13.19
7380,270,12.57
7381,1,7.47
7381,214,9.25
7382,2,31.15
7382,3,24.71
7383,177,12.49
7383,14,16.72
7384,1,3.33
7385,26,14.18
7386,1,21.55
7386,2,22.65
7386,44,18.21
7386,83,21.61
7386,21,15.37
7387,36,23.11
7388,8,13.52
7388,1,11.47
7388,85,14.90
7389,1,12.47
7390,1,57.33
7390,11,63.11
7390,243,65.31
7391,8,17.50
7392,1,32.21
7393,4,31.33
7394,1,16.04
7395,32,12.35
7395,3,11.31
7396,22,5.46
7397,12,8.81
7398,1,5.20
7398,18,6.52
7398,29,5.35
7399,241,42.31
7400,1,16.90
7400,2,19.72
7401,330,3.14
7402,107,15.07
7402,3,11.52
7403,1,24.85
7403,4,23.78
7404,8,24.94
7405,1,6.37
7405,3,8.48
7406,1,37.98
7406,3,49.40
7406,10,48.39
7406,20,54.57
7406,154,51.72
7407,1,36.98
7407,290,34.05
7407,9,42.13
7408,1,6.32
7408,177,8.04
7409,1,17.44
7409,22,20.27
7410,1,16.44
7410,55,26.64
7411,4,12.51
7411,198,11.84
7411,447,12.72
7412,30,13.63
7412,39,14.40
7413,2,7.62
7413,7,7.84
7414,322,20.05
7414,148,17.50
7415,1,4.78
7415,42,7.29
7415,3,6.75
7415,5,4.66
7416,139,11.51
7416,28,9.24
7417,6,117.49
7418,1,6.28
7418,2,8.59
7418,6,6.88
7419,10,11.89
7419,2,14.64
7420,3,7.56
7421,1,5.63
7422,1,24.85
7422,2,28.48
7422,35,33.73
7422,11,32.64
7422,26,34.76
7423,1,20.22
7424,1,11.33
7425,2,19.90
7426,5,7.45
7427,87,70.84
7428,8,35.34
7428,1,39.26
7428,63,31.55
7429,25,134.60
7429,60,120.61
7429,7,96.31
7430,65,4.03
7430,1,5.27
7430,6,5.45
7431,2,23.79
7431,12,17.34
7432,2,2.33
7432,21,2.55
7433,19,40.61
7433,1,39.98
7433,3,39.12
7434,1,33.92
7435,1,24.60
7436,1,6.37
7436,62,4.61
7437,3,37.44
7438,2,17.05
7438,10,15.28
7438,123,15.07
7438,188,17.13
7439,48,9.29
7439,161,8.88
7439,18,7.14
7440,91,25.34
7440,39,24.06
7441,1,14.50
7441,7,17.03
7442,127,4.51
7443,1,25.14
7444,33,65.10
7445,2,16.74
7445,11,20.35
7446,112,17.41
7447,1,50.09
7447,44,56.57
7448,115,10.68
7448,1,14.98
7448,202,10.47
7448,3,16.47
7449,9,19.08
7449,2,17.34
7449,25,15.47
7450,305,59.71
7450,5,48.88
7451,129,38.68
7451,14,36.18
7452,1,9.32
7453,11,109.22
7453,5,72.50
7454,11,45.55
7454,109,35.31
7455,59,15.35
7455,11,15.64
7455,7,22.39
7456,113,25.27
7456,45,26.44
7456,1,30.00
7456,87,25.65
7457,4,8.49
7457,316,13.17
7458,11,20.04
7458,3,14.97
7459,2,23.06
7460,1,375.32
7460,84,378.75
7460,9,235.68
7461,3,18.28
7462,64,9.22
7462,1,9.57
7462,3,9.93
7462,7,11.14
7462,29,8.75
7463,1,35.08
7463,39,36.00
7464,8,7.90
7465,249,12.74
7465,2,17.11
7466,1,103.25
7466,2,84.65
7467,1,8.09
7467,39,6.30
7468,1,123.84
7468,3,95.52
7469,1,14.83
7469,3,12.30
7469,46,13.56
7469,370,12.96
7469,21,13.69
7470,2,20.55
7470,31,28.53
7471,2,20.18
7472,1,19.36
7473,1,18.93
7473,2,19.35
7473,52,18.79
7473,23,16.85
7474,61,67.03
7475,25,13.75
7476,93,66.81
7476,47,56.74
7477,1,16.02
7477,94,14.53
7478,337,29.02
7479,1,63.18
7479,3,90.24
7479,5,91.48
7480,1,8.40
7480,2,6.28
7480,101,9.38
7480,6,9.06
7480,29,9.39
7481,242,20.74
7481,4,24.49
7481,254,21.82
7482,8,9.49
7482,2,12.94
7483,1,31.51
7483,2,35.59
7484,295,8.72
7485,32,27.29
7485,5,24.63
7485,20,30.70
7485,21,39.73
7486,1,50.33
7486,4,56.87
7487,1,17.11
7487,6,20.12
7488,1,6.11
7488,139,9.33
7489,1,58.11
7490,1,20.38
7490,11,17.40
7490,6,26.09
7491,17,13.91
7491,6,15.14
7492,1,95.75
7492,35,97.57
7492,4,92.66
7493,33,35.66
7493,2,30.15
7493,191,31.44
7494,25,17.22
7494,451,17.90
7494,78,17.61
7494,263,14.84
7495,1,18.94
7496,1,96.00
7496,2,84.73
7496,3,121.94
7497,1,9.78
7497,5,8.44
7497,166,10.77
7498,1,10.76
7498,2,8.84
7499,8,23.35
7499,20,18.83
7500,17,8.90
7501,1,31.03
7501,357,26.95
7502,373,71.96
7503,1,12.47
7503,58,10.96
7503,2,14.08
7503,5,12.56
7504,8,6.00
7505,32,17.54
7506,1,22.72
7506,29,33.54
7507,1,54.72
7507,3,62.37
7507,205,75.59
7508,2,39.50
7508,274,44.45
7508,19,37.25
7509,11,31.71
7510,1,45.22
7511,31,20.47
7512,2,56.03
7512,31,68.27
7513,7,19.96
7514,8,31.84
7514,9,39.74
7514,48,32.49
7515,192,7.66
7515,13,8.40
7516,3,39.03
7517,1,21.53
7517,221,23.33
7518,11,9.23
7519,1,32.70
7519,2,39.61
7519,3,47.85
7520,1,91.11
7520,15,116.86
7521,11,4.61
7522,1,17.75
7522,7,18.69
7523,2,6.14
7523,3,4.69
7523,228,6.74
7523,24,5.99
7523,29,5.24
7524,4,33.24
7525,7,45.58
7526,16,4.41
7526,32,5.82
7526,22,5.56
7527,104,32.42
7527,65,31.68
7527,13,49.55
7528,1,12.43
7528,4,10.50
7529,1,50.31
7530,1,27.85
7530,2,21.42
7530,3,27.66
7530,22,28.99
7530,127,26.83
7531,4,66.55
7532,292,6.89
7533,35,9.49
7533,167,8.57
7534,34,98.97
7535,3,6.10
7535,5,9.84
7536,11,33.28
7537,8,35.12
7537,5,30.44
7538,2,24.80
7538,14,23.19
7539,389,5.37
7540,218,76.86
7540,34,83.36
7540,5,87.71
7541,218,50.46
7541,55,47.71
7542,1,14.84
7542,6,13.33
7543,5,19.05
7544,18,26.25
7545,3,9.06
7546,4,22.84
7547,2,16.05
7548,9,20.82
7548,6,17.10
7549,2,6.44
7550,1,17.56
7550,212,19.26
7551,5,41.29
7552,3,13.37
7553,2,14.29
7553,3,14.53
7553,5,15.25
7553,8,10.09
7553,48,9.78
7554,3,12.14
7554,119,16.74
7555,40,7.81
7555,8,11.66
7555,10,11.08
7556,83,58.93
7557,9,21.54
7557,1,19.59
7558,1,19.82
7559,1,3.19
7559,2,3.55
7559,7,4.52
7560,1,34.97
7560,5,35.72
7560,144,51.98
7560,85,47.97
7560,62,54.97
7561,33,5.28
7561,1,6.40
7562,200,11.67
7562,257,9.59
7563,2,40.22
7564,5,17.53
7565,17,18.97
7566,3,14.43
7567,8,7.84
7567,320,7.13
7567,5,7.31
7568,2,10.01
7569,3,190.78
7569,94,190.53
7570,152,18.96
7570,25,19.02
7570,2,20.03
7571,2,17.23
7571,3,19.73
7571,5,18.09
7571,17,15.86
7571,85,19.40
7572,2,15.53
7573,2,7.19
7573,4,9.47
7573,5,6.75
7574,9,97.08
7574,10,77.65
7575,1,21.42
7576,2,61.68
7576,22,62.50
7577,1,24.71
7577,335,18.29
7577,103,26.70
7578,2,40.89
7578,4,40.09
7579,104,26.72
7579,1,22.46
7580,307,24.57
7580,11,18.68
7580,4,20.97
7581,5,74.39
7582,3,12.10
7583,81,27.96
7584,1,60.99
7585,1,43.57
7586,24,37.85
7587,1,28.47
7587,2,25.14
7588,1,55.26
7589,41,29.64
7589,255,31.78
7590,1,14.03
7590,3,18.12
7590,5,14.08
7590,8,15.44
7590,152,11.96
7591,2,9.68
7591,10,10.43
7591,20,10.40
7591,6,7.88
7592,1,20.36
7592,75,30.09
7593,25,27.24
7594,1,21.80
7594,60,13.67
7595,1,6.05
7595,31,3.74
7596,2,75.42
7597,1,60.70
7597,2,65.63
7597,8,50.18
7597,117,61.49
7597,31,57.60
7598,1,15.71
7598,3,13.55
7598,21,16.62
7599,32,10.13
7599,485,9.25
7600,143,14.95
7600,1,8.89
7600,46,11.59
7600,39,12.70
7601,20,23.75
7601,5,29.00
7601,6,29.31
7602,1,12.81
7602,5,14.28
7603,1,4.94
7604,1,1.76
7604,2,1.81
7604,4,1.89
7604,7,1.70
7605,17,21.84
7606,1,61.19
7606,12,71.20
7606,257,94.50
7607,2,9.41
7607,6,14.06
7608,1,31.18
7608,6,27.19
7609,1,38.05
7609,20,54.54
7610,3,16.67
7610,174,17.76
7611,331,4.84
7612,57,16.57
7613,2,20.23
7614,1,13.37
7614,3,9.05
7615,62,140.16
7616,1,2.95
7617,10,11.51
7617,55,8.92
7618,3,62.48
7619,1,12.37
7620,3,58.89
7621,2,22.95
7621,20,32.92
7622,1,29.95
7622,11,36.12
7623,1,10.64
7623,28,10.89
7623,29,8.31
7624,5,11.98
7624,13,17.90
7624,14,16.84
7625,20,14.75
7625,270,13.71
7626,1,13.89
7626,3,10.03
7626,71,13.83
7626,40,9.91
7626,29,14.86
7627,1,18.98
7627,2,26.58
7628,393,12.66
7628,68,14.59
7629,1,14.63
7630,5,6.39
7631,1,73.67
7631,60,79.30
7631,7,89.11
7632,35,11.16
7632,3,13.17
7633,50,18.44
7634,25,41.66
7635,2,24.72
7636,1,21.99
7636,74,26.19
7637,9,25.53
7637,2,24.97
7637,11,27.54
7637,20,29.45
7638,1,42.35
7638,380,31.25
7639,1,54.28
7639,2,56.21
7639,22,49.23
7640,19,19.93
7640,53,14.02
7641,3,3.26
7641,279,3.79
7642,3,20.34
7642,468,19.34
7642,29,17.67
7642,6,15.10
7643,2,18.18
7644,25,2.79
7644,2,3.05
7645,24,25.11
7646,112,122.70
7646,38,77.58
7647,29,23.89
7648,160,17.28
7648,1,19.63
7649,82,15.47
7649,6,16.19
7650,1,19.20
7650,2,16.60
7650,13,20.37
7651,2,12.88
7652,17,5.23
7653,11,11.84
7653,4,8.28
7654,23,33.82
7655,144,16.69
7655,7,17.94
7656,1,5.56
7657,37,7.70
7658,3,5.18
7659,3,15.08
7660,27,97.79
7661,96,17.23
7661,5,13.03
7661,46,19.59
7662,1,6.89
7662,2,6.06
7663,3,17.76
7663,13,19.64
7663,81,18.31
7663,498,16.73
7663,51,17.06
7664,16,44.56
7664,169,59.68
7665,1,47.07
7665,20,51.36
7666,396,32.55
7667,2,2.12
7668,1,81.76
7668,91,96.82
7669,1,11.06
7669,2,10.34
7669,3,15.57
7669,79,11.50
7669,444,11.04
7670,1,36.68
7671,371,4.57
7672,105,63.82
7673,104,19.62
7673,1,25.90
7673,13,22.33
7674,202,10.74
7674,42,8.09
7675,64,5.32
7675,1,5.76
7676,2,32.73
7676,53,41.93
7677,8,197.79
7678,1,17.14
7678,5,23.86
7679,433,29.88
7680,59,30.82
7681,7,22.77
7682,1,37.57
7682,36,26.53
7683,49,29.53
7683,3,24.10
7684,4,149.48
7685,4,13.85
7685,6,15.98
7686,2,21.20
7687,10,37.05
7688,44,12.59
7688,14,17.53
7689,48,26.32
7689,12,24.70
7690,289,25.78
7690,1,29.56
7691,2,121.15
7691,3,104.02
7692,1,29.42
7692,2,40.36
7693,1,40.51
7694,168,7.58
7695,2,35.07
7696,1,10.72
7696,2,8.65
7696,23,10.92
7697,8,14.77
7697,1,12.45
7698,1,13.18
7698,3,9.01
7698,17,11.96
7698,15,8.97
7699,3,17.66
7699,6,14.53
7700,1,19.92
7701,1,32.63
7701,4,38.66
7702,1,51.48
7702,2,41.14
7703,32,72.63
7703,1,61.94
7704,1,7.24
7704,4,7.10
7704,12,6.10
7704,209,7.96
7704,57,5.14
7705,162,22.60
7706,5,13.74
7707,1,142.09
7707,3,145.85
7708,17,2.61
7709,1,47.07
7709,2,38.98
7709,3,38.59
7709,6,37.53
7709,13,49.47
7710,79,9.69
7711,1,14.90
7711,4,12.74
7711,6,15.93
7712,1,50.13
7712,3,57.65
7712,4,49.79
7713,482,21.05
7713,95,17.67
7714,105,42.05
7714,36,43.70
7715,15,23.24
7716,1,15.51
7716,250,17.33
7716,9,14.44
7717,40,34.84
7717,2,34.56
7717,3,41.61
7718,2,7.70
7718,349,7.31
7719,1,14.33
7719,5,11.05
7719,72,15.70
7719,111,10.95
7719,58,16.05
7720,496,2.01
7720,1,2.65
7721,2,15.41
7722,9,16.97
7722,2,17.49
7723,426,29.62
7723,25,22.13
7723,2,27.57
7724,160,79.97
7724,1,115.47
7724,4,119.51
7724,6,131.30
7724,13,97.93
7725,10,8.58
7725,67,9.86
7725,4,6.97
7726,1,11.56
7726,126,10.62
7727,1,49.77
7727,30,77.13
7728,180,4.03
7728,4,2.77
7729,224,27.39
7729,4,23.57
7729,12,24.04
7729,18,18.63
7729,21,27.96
7730,4,26.27
7731,12,34.74
7732,1,9.04
7732,2,7.83
7732,31,7.41
7733,46,49.50
7734,4,38.01
7735,137,37.83
7735,1,27.94
7736,18,9.97
7736,6,9.68
7737,16,33.00
7737,14,29.34
7738,33,19.34
7739,1,19.22
7739,21,11.85
7739,3,15.17
7739,85,14.69
7740,1,41.68
7740,21,38.62
7741,1,18.60
7741,4,24.28
7741,7,21.34
7741,11,30.24
7741,79,25.45
7742,4,21.52
7743,2,23.62
7743,53,27.25
7744,3,14.75
7745,4,26.33
7745,117,22.77
7746,3,30.83
7746,23,25.18
7747,1,41.67
7747,7,30.29
7748,76,60.08
7749,4,26.25
7749,14,16.87
7750,26,10.57
7750,28,12.52
7750,68,13.35
7751,9,13.43
7751,255,10.23
7752,3,31.61
7753,1,32.13
7753,3,33.45
7753,261,44.41
7753,7,33.12
7753,346,42.50
7754,9,4.91
7754,10,3.76
7755,1,7.36
7755,2,6.45
7756,1,36.82
7757,9,14.20
7758,49,9.61
7758,1,9.66
7759,26,54.01
7759,156,50.82
7760,3,19.07
7760,5,15.58
7761,58,31.62
7762,1,7.03
7762,4,8.54
7763,1,5.88
7764,1,21.22
7764,82,26.79
7765,1,62.33
7765,10,79.89
7765,22,83.27
7766,100,6.57
7767,1,35.98
7768,8,20.57
7768,1,22.54
7768,114,14.95
7769,1,1.78
7769,6,2.37
7769,26,2.60
7769,283,2.14
7769,61,1.89
7770,8,8.60
7770,2,9.90
7770,251,11.28
7771,9,72.74
7772,41,17.26
7772,2,15.52
7772,5,21.27
7772,46,22.54
7773,1,8.05
7773,2,8.60
7774,1,19.45
7774,3,17.31
7774,10,20.21
7774,11,17.70
7774,49,18.64
7775,1,59.92
7776,4,92.25
7777,395,9.83
7778,2,25.01
7778,134,24.82
7779,22,80.74
7780,1,3.22
7780,2,3.04
7780,26,4.38
7781,258,6.30
7782,1,8.16
7782,5,7.69
7782,4,6.68
7782,293,9.38
7783,1,34.42
7783,3,34.71
7784,1,8.73
7785,36,55.72
7786,1,14.93
7786,125,10.47
7786,214,13.81
7787,216,39.75
7787,2,57.18
7788,12,28.60
7789,56,29.83
7790,3,7.51
7790,4,6.83
7790,11,9.43
7790,213,9.83
7790,89,10.73
7791,250,55.84
7792,1,59.40
7792,50,59.42
7793,1,22.33
7793,2,28.29
7794,3,12.80
7795,28,10.10
7795,5,12.42
7796,1,9.94
7797,5,2.08
7797,6,1.84
7797,57,1.63
7797,59,1.32
7797,63,1.56
7798,30,21.92
7798,7,16.94
7799,1,94.09
7800,1,19.24
7800,4,20.21
7800,5,28.18
7800,178,30.42
7800,447,22.63
7801,1,122.83
7801,11,148.08
7802,53,19.31
7802,14,15.28
7803,32,16.78
7803,2,13.47
7803,34,18.07
7803,138,18.16
7803,126,15.97
7804,1,11.78
7805,79,8.08
7806,9,3.49
7806,10,3.15
7807,92,46.39
7808,7,7.83
7809,2,34.29
7809,3,30.51
7809,4,25.64
7809,7,33.44
7810,3,6.84
7810,92,9.01
7811,3,45.86
7811,4,32.57
7812,19,13.88
7812,13,12.44
7813,181,26.24
7813,14,27.24
7814,11,32.71
7815,306,9.25
7816,1,30.61
7817,107,21.80
7817,11,22.93
7817,495,21.81
7818,1,246.30
7818,22,273.48
7819,1,4.96
7819,4,4.18
7819,21,5.05
7820,74,9.82
7821,65,6.59
7821,10,7.05
7822,8,32.78
7822,330,40.82
7822,19,42.56
7823,160,26.82
7823,21,32.42
7824,19,2.69
7824,4,3.61
7824,7,3.50
7825,18,6.12
7825,166,4.99
7826,3,21.63
7827,268,13.44
7827,5,14.15
7827,215,13.22
7828,2,5.91
7828,5,5.23
7828,30,5.69
7829,2,25.43
7829,10,22.46
7829,452,25.22
7830,10,13.07
7830,42,8.26
7830,22,8.14
7831,2,14.77
7831,7,13.75
7832,1,13.20
7832,2,10.40
7832,75,10.42
7832,362,12.51
7833,3,17.57
7833,47,20.68
7834,2,19.74
7834,431,22.52
7835,2,56.86
7836,2,23.15
7837,49,53.32
7837,3,49.69
7837,221,56.25
7838,8,28.58
7838,1,25.02
7839,1,57.19
7840,4,7.75
7841,73,17.67
7842,2,120.24
7842,59,89.62
7843,16,46.95
7843,2,44.12
7843,10,46.42
7844,328,29.62
7845,63,6.01
7846,101,66.26
7847,1,31.39
7847,21,30.14
7847,15,29.27
7848,3,15.38
7849,1,3.20
7849,10,3.76
7850,173,16.10
7851,33,6.80
7852,1,26.08
7852,2,20.00
7852,165,21.73
7852,18,31.82
7852,21,27.66
7853,15,44.60
7854,28,23.86
7855,1,2.94
7855,7,3.50
7856,1,24.88
7856,100,19.67
7856,6,32.23
7856,490,21.87
7856,21,30.88
7857,2,17.22
7858,120,32.53
7858,1,35.47
7859,33,12.60
7860,144,71.16
7860,2,63.74
7861,1,16.69
7861,389,19.95
7862,1,12.43
7862,93,14.13
7863,9,11.46
7863,370,11.14
7864,82,11.63
7865,4,35.44
7866,19,3.72
7867,18,13.83
7867,3,14.19
7868,442,13.16
7868,1,13.24
7868,42,14.09
7869,1,6.04
7869,41,7.36
7870,1,16.65
7871,42,7.80
7871,6,8.88
7872,79,54.03
7873,44,11.38
7874,2,4.00
7874,6,5.08
7875,1,63.76
7875,3,64.93
7876,11,7.34
7876,37,5.67
7877,39,48.37
7878,1,39.18
7878,86,48.25
7879,29,170.67
7880,157,24.62
7881,48,105.06
7882,4,42.32
7883,2,47.01
7884,1,69.44
7885,166,7.39
7885,6,10.76
7886,1,19.87
7887,32,26.87
7888,2,180.76
7888,11,156.62
7889,1,131.11
7889,260,128.46
7889,6,127.58
7889,7,82.94
7889,22,105.91
7890,4,70.19
7890,14,93.47
7891,12,31.21
7892,4,17.28
7892,334,20.47
7893,1,12.24
7893,2,8.32
7894,57,17.85
7894,3,13.92
7894,1,22.40
7895,1,9.25
7896,1,106.86
7897,7,35.88
7898,1,45.93
7898,3,54.94
7898,4,44.48
7899,2,13.80
7899,285,14.67
7900,59,34.95
7901,1,34.58
7901,3,37.39
7901,6,43.70
7901,169,36.47
7901,21,35.23
7902,1,16.46
7902,5,19.36
7903,17,26.61
7903,156,32.35
7904,1,15.88
7904,18,9.98
7904,367,13.65
7905,8,25.62
7905,1,33.29
7905,3,26.77
7905,36,32.64
7906,1,40.16
7906,2,42.16
7906,166,48.58
7906,7,42.09
7906,15,34.71
7907,20,27.17
7908,1,36.66
7909,1,45.99
7909,70,51.95
7909,6,67.87
7910,112,16.63
7910,1,16.69
7911,1,13.52
7911,3,13.79
7911,38,11.53
7912,12,37.14
7912,5,33.30
7913,1,3.71
7913,2,4.33
7913,3,4.51
7913,5,3.44
7913,121,3.58
7914,2,34.70
7915,1,20.16
7916,9,18.60
7916,2,18.07
7916,381,18.22
7916,1,18.31
7917,1,7.73
7918,1,35.36
7919,1,10.24
7919,21,6.57
7920,1,16.86
7921,1,17.05
7921,2,16.12
7921,5,12.20
7922,22,3.69
7923,3,21.12
7923,328,27.70
7923,45,27.10
7923,181,20.93
7923,27,30.87
7924,99,207.22
7924,115,203.74
7924,4,134.02
7925,2,7.45
7925,11,7.07
7926,35,36.71
7926,69,26.01
7927,5,48.39
7928,1,49.66
7929,418,7.62
7929,7,9.15
7930,20,19.99
7931,1,72.97
7931,2,90.65
7932,2,13.38
7932,276,12.16
7933,1,17.03
7933,2,14.04
7933,194,18.89
7933,38,19.24
7933,84,21.99
7934,36,12.71
7935,56,22.06
7935,13,21.86
7936,45,17.35
7936,5,15.97
7936,7,18.09
7937,440,11.81
7938,25,5.42
7939,21,23.17
7939,7,25.31
7940,2,86.47
7941,27,23.13
7942,68,12.50
7943,144,4.50
7943,1,3.15
7943,29,3.57
7944,2,28.51
7945,29,20.23
7946,24,7.69
7947,11,10.93
7947,1,9.03
7947,3,13.65
7947,4,13.76
7948,1,73.28
7949,18,28.64
7949,13,24.51
7950,185,10.46
7951,1,51.55
7952,3,61.12
7953,1,47.69
7954,18,36.26
7954,4,33.85
7955,5,27.85
7955,58,27.98
7955,29,30.43
7956,3,52.84
7957,3,5.69
7957,227,4.29
7958,354,27.67
7958,2,35.05
7958,4,22.92
7958,8,25.74
7958,319,35.25
7959,29,7.28
7959,77,5.79
7960,6,53.57
7961,1,78.76
7961,50,67.14
7962,1,47.95
7962,130,38.28
7962,16,54.52
7962,154,46.08
7962,284,49.06
7963,1,41.14
7963,2,35.81
7964,12,35.59
7964,4,36.84
7965,121,11.09
7965,2,8.34
7966,8,32.89
7967,24,36.66
7968,9,115.81
7968,10,97.59
7968,12,130.40
7969,1,25.42
7970,13,19.05
7971,33,34.49
7971,5,32.79
7972,5,7.89
7972,18,7.98
7972,342,5.50
7972,315,5.07
7972,30,7.24
7973,1,9.72
7973,4,9.01
7973,8,9.24
7973,25,9.53
7973,122,9.88
7974,42,2.85
7974,3,2.95
7974,4,2.66
7975,41,6.21
7976,1,18.16
7976,2,22.31
7976,310,22.46
7977,110,26.32
7978,32,44.67
7978,96,50.77
7978,10,60.01
7978,19,46.47
7978,446,53.36
7979,1,39.05
7979,2,30.48
7979,6,36.62
7980,1,23.93
7981,8,7.13
7981,122,6.38
7981,171,4.97
7982,64,6.20
7982,1,6.14
7982,6,8.60
7982,9,7.31
7983,98,14.65
7984,30,6.77
7985,2,7.10
7985,6,6.24
7986,6,23.57
7987,9,22.25
7988,277,51.54
7989,1,61.14
7989,111,57.48
7990,1,138.48
7990,4,121.88
7990,5,95.95
7991,26,5.18
7991,2,6.86
7992,55,11.79
7992,13,17.61
7992,71,14.40
7993,1,25.19
7994,10,33.04
7994,109,24.92
7995,224,22.27
7996,128,8.63
7996,1,7.73
7997,1,56.41
7997,2,43.56
7998,1,6.72
7998,13,5.02
7999,91,6.71
8000,27,6.90
8000,380,5.19
