insert into produtos(id_producto,nombre,categoria,precio,stock) values
1,Jardineria Eco Max 00001,Jardineria,55.04,52
2,Hogar Lite Air 00002,Hogar,2.85,112
3,Deporte Core Prime 00003,Deporte,62.16,22
4,Libros Lite Mini 00004,Libros,59.30,42
5,Instrumentos musicales Plus Home 00005,Instrumentos musicales,9.77,80
6,Hogar Studio Studio 00006,Hogar,17.08,40
7,Moda Home Pro 00007,Moda,4.44,43
8,Informatica Nova Mini 00008,Informatica,56.15,29
9,Electronica Air Pro 00009,Electronica,12.20,12
10,Hogar Core Smart 00010,Hogar,45.43,26
11,Informatica Nova Eco 00011,Informatica,8.19,42
12,Hogar Pro Prime 00012,Hogar,103.69,10
13,Deporte Home Ultra 00013,Deporte,18.63,103
14,Libros Prime Smart 00014,Libros,19.17,6
15,Instrumentos musicales Air Lite 00015,Instrumentos musicales,30.05,22
16,Moda Max Mini 00016,Moda,127.49,95
17,Informatica Nova Ultra 00017,Informatica,21.36,32
18,Hogar Plus Max 00018,Hogar,8.50,91
19,Informatica Lite Nova 00019,Informatica,36.92,88
20,Informatica Plus Pro 00020,Informatica,230.66,25
21,Hogar Mini Studio 00021,Hogar,56.63,23
22,Juguetes Eco Air 00022,Juguetes,28.67,35
23,Libros Smart Pro 00023,Libros,19.39,35
24,Libros Ultra Plus 00024,Libros,10.22,45
25,Deporte Max Eco 00025,Deporte,14.66,36
26,Deporte Home Lite 00026,Deporte,52.76,107
27,Hogar Home Lite 00027,Hogar,34.77,20
28,Informatica Lite Studio 00028,Informatica,68.96,78
29,Mascotas Prime Eco 00029,Mascotas,66.40,35
30,Electronica Mini Air 00030,Electronica,32.06,24
31,Hogar Studio Prime 00031,Hogar,31.31,22
32,Deporte Smart Plus 00032,Deporte,42.45,39
33,Jardineria Nova Smart 00033,Jardineria,32.04,24
34,Libros Lite Core 00034,Libros,9.44,18
35,Moda Core Nova 00035,Moda,20.29,17
36,Informatica Plus Ultra 00036,Informatica,42.24,16
37,Jardineria Air Mini 00037,Jardineria,50.18,17
38,Juguetes Mini Smart 00038,Juguetes,31.08,19
39,Moda Smart Mini 00039,Moda,12.90,61
40,Moda Core Plus 00040,Moda,7.54,96
41,Electronica Ultra Smart 00041,Electronica,22.40,40
42,Jardineria Core Home 00042,Jardineria,17.08,18
43,Moda Plus Prime 00043,Moda,37.63,37
44,Juguetes Air Ultra 00044,Juguetes,75.28,39
45,Moda Core Plus 00045,Moda,18.16,43
46,Electronica Smart Core 00046,Electronica,80.68,17
47,Juguetes Eco Core 00047,Juguetes,34.28,97
48,Electronica Home Studio 00048,Electronica,53.09,37
49,Hogar Eco Plus 00049,Hogar,4.24,31
50,Informatica Air Pro 00050,Informatica,89.57,91
51,Informatica Pro Lite 00051,Informatica,75.67,39
52,Hogar Core Smart 00052,Hogar,14.41,56
53,Informatica Pro Plus 00053,Informatica,33.80,11
54,Electronica Max Eco 00054,Electronica,46.21,27
55,Hogar Plus Lite 00055,Hogar,42.60,21
56,Electronica Lite Prime 00056,Electronica,28.79,39
57,Electronica Eco Plus 00057,Electronica,21.24,36
58,Moda Pro Home 00058,Moda,73.75,6
59,Informatica Max Studio 00059,Informatica,68.94,30
60,Informatica Studio Core 00060,Informatica,19.47,38
61,Electronica Air Core 00061,Electronica,53.01,44
62,Informatica Pro Eco 00062,Informatica,46.91,79
63,Instrumentos musicales Nova Eco 00063,Instrumentos musicales,35.92,35
64,Electronica Pro Mini 00064,Electronica,91.95,21
65,Jardineria Lite Lite 00065,Jardineria,48.69,84
66,Electronica Core Max 00066,Electronica,105.46,106
67,Electronica Home Home 00067,Electronica,26.93,36
68,Hogar Ultra Prime 00068,Hogar,49.80,11
69,Electronica Smart Plus 00069,Electronica,15.94,31
70,Libros Smart Max 00070,Libros,10.27,60
71,Hogar Smart Prime 00071,Hogar,24.87,22
72,Jardineria Core Home 00072,Jardineria,52.45,41
73,Informatica Studio Home 00073,Informatica,19.34,73
74,Jardineria Core Mini 00074,Jardineria,6.62,21
75,Moda Air Max 00075,Moda,39.19,26
76,Juguetes Home Ultra 00076,Juguetes,89.24,28
77,Moda Lite Plus 00077,Moda,40.22,13
78,Deporte Nova Pro 00078,Deporte,14.62,15
79,Electronica Smart Smart 00079,Electronica,74.59,14
80,Informatica Smart Prime 00080,Informatica,44.58,6
81,Informatica Ultra Home 00081,Informatica,7.38,27
82,Instrumentos musicales Smart Plus 00082,Instrumentos musicales,19.64,23
83,Electronica Mini Pro 00083,Electronica,20.59,61
84,Informatica Air Mini 00084,Informatica,15.32,81
85,Informatica Nova Nova 00085,Informatica,10.84,18
86,Moda Prime Eco 00086,Moda,23.72,111
87,Juguetes Home Air 00087,Juguetes,51.12,11
88,Moda Pro Home 00088,Moda,7.50,20
89,Hogar Home Ultra 00089,Hogar,7.77,16
90,Electronica Prime Core 00090,Electronica,72.70,59
91,Hogar Pro Studio 00091,Hogar,26.15,28
92,Informatica Eco Pro 00092,Informatica,31.38,11
93,Moda Eco Core 00093,Moda,11.32,26
94,Deporte Home Mini 00094,Deporte,33.02,10
95,Juguetes Eco Studio 00095,Juguetes,19.39,22
96,Electronica Nova Smart 00096,Electronica,132.09,52
97,Deporte Air Home 00097,Deporte,229.22,16
98,Deporte Pro Pro 00098,Deporte,6.69,37
99,Electronica Plus Air 00099,Electronica,28.53,45
100,Electronica Air Core 00100,Electronica,22.39,14
101,Libros Ultra Lite 00101,Libros,89.42,105
102,Jardineria Air Core 00102,Jardineria,28.90,22
103,Hogar Ultra Lite 00103,Hogar,9.94,25
104,Libros Smart Lite 00104,Libros,23.56,113
105,Informatica Ultra Smart 00105,Informatica,9.06,86
106,Deporte Eco Studio 00106,Deporte,34.41,14
107,Jardineria Nova Nova 00107,Jardineria,5.56,45
108,Electronica Pro Studio 00108,Electronica,52.35,42
109,Juguetes Core Studio 00109,Juguetes,41.64,29
110,Moda Lite Lite 00110,Moda,14.76,53
111,Juguetes Core Pro 00111,Juguetes,42.66,14
112,Libros Nova Pro 00112,Libros,39.23,60
113,Hogar Air Core 00113,Hogar,46.69,41
114,Juguetes Smart Home 00114,Juguetes,8.06,31
115,Informatica Prime Core 00115,Informatica,51.30,41
116,Electronica Eco Core 00116,Electronica,22.85,24
117,Electronica Max Smart 00117,Electronica,56.27,44
118,Hogar Prime Pro 00118,Hogar,10.63,83
119,Electronica Lite Nova 00119,Electronica,63.00,45
120,Juguetes Lite Smart 00120,Juguetes,12.26,74
121,Electronica Studio Pro 00121,Electronica,13.82,27
122,Hogar Nova Studio 00122,Hogar,29.92,27
123,Informatica Plus Air 00123,Informatica,16.95,31
124,Informatica Eco Plus 00124,Informatica,30.32,71
125,Electronica Air Core 00125,Electronica,18.38,16
126,Mascotas Max Ultra 00126,Mascotas,32.62,81
127,Hogar Pro Mini 00127,Hogar,9.10,41
128,Libros Air Smart 00128,Libros,9.76,47
129,Informatica Prime Ultra 00129,Informatica,18.95,26
130,Libros Mini Pro 00130,Libros,28.21,50
131,Libros Pro Ultra 00131,Libros,76.21,38
132,Libros Max Pro 00132,Libros,53.61,47
133,Informatica Max Plus 00133,Informatica,16.39,103
134,Informatica Smart Ultra 00134,Informatica,22.01,41
135,Electronica Air Studio 00135,Electronica,25.31,44
136,Moda Lite Home 00136,Moda,19.46,14
137,Hogar Max Smart 00137,Hogar,46.03,25
138,Deporte Mini Plus 00138,Deporte,19.94,52
139,Electronica Max Eco 00139,Electronica,28.03,9
140,Hogar Ultra Air 00140,Hogar,18.14,11
141,Electronica Studio Eco 00141,Electronica,5.38,40
142,Libros Studio Nova 00142,Libros,34.91,98
143,Hogar Smart Pro 00143,Hogar,13.06,12
144,Libros Nova Pro 00144,Libros,14.45,43
145,Deporte Max Mini 00145,Deporte,9.65,36
146,Informatica Nova Air 00146,Informatica,26.98,28
147,Informatica Studio Home 00147,Informatica,7.17,44
148,Moda Ultra Lite 00148,Moda,21.00,20
149,Electronica Smart Mini 00149,Electronica,16.60,23
150,Instrumentos musicales Plus Prime 00150,Instrumentos musicales,22.23,5
151,Moda Nova Home 00151,Moda,113.37,22
152,Electronica Plus Mini 00152,Electronica,13.73,19
153,Electronica Nova Prime 00153,Electronica,30.93,35
154,Hogar Nova Studio 00154,Hogar,44.19,59
155,Deporte Nova Plus 00155,Deporte,41.10,42
156,Informatica Home Core 00156,Informatica,14.92,25
157,Informatica Core Pro 00157,Informatica,9.31,16
158,Electronica Prime Nova 00158,Electronica,154.99,32
159,Informatica Nova Home 00159,Informatica,12.60,36
160,Libros Ultra Air 00160,Libros,52.75,51
161,Electronica Ultra Lite 00161,Electronica,137.03,109
162,Moda Studio Eco 00162,Moda,15.70,23
163,Hogar Nova Max 00163,Hogar,164.92,29
164,Juguetes Mini Home 00164,Juguetes,7.05,88
165,Informatica Nova Lite 00165,Informatica,4.25,39
166,Electronica Plus Home 00166,Electronica,16.74,41
167,Jardineria Core Ultra 00167,Jardineria,36.13,51
168,Juguetes Ultra Plus 00168,Juguetes,61.27,50
169,Moda Plus Eco 00169,Moda,22.53,20
170,Juguetes Eco Home 00170,Juguetes,13.35,37
171,Hogar Air Studio 00171,Hogar,38.85,32
172,Electronica Ultra Mini 00172,Electronica,32.96,10
173,Moda Ultra Mini 00173,Moda,35.25,45
174,Libros Lite Max 00174,Libros,25.93,78
175,Electronica Plus Smart 00175,Electronica,44.34,110
176,Moda Prime Pro 00176,Moda,8.30,12
177,Libros Lite Core 00177,Libros,71.62,14
178,Libros Core Max 00178,Libros,19.44,22
179,Moda Mini Plus 00179,Moda,33.25,38
180,Informatica Core Prime 00180,Informatica,9.85,82
181,Electronica Air Eco 00181,Electronica,11.76,10
182,Mascotas Prime Pro 00182,Mascotas,87.31,24
183,Libros Air Prime 00183,Libros,38.91,78
184,Informatica Mini Air 00184,Informatica,11.44,13
185,Informatica Plus Prime 00185,Informatica,36.44,23
186,Electronica Air Plus 00186,Electronica,7.79,62
187,Informatica Studio Mini 00187,Informatica,35.56,22
188,Jardineria Nova Core 00188,Jardineria,63.46,24
189,Informatica Core Nova 00189,Informatica,75.65,81
190,Informatica Eco Nova 00190,Informatica,15.14,19
191,Electronica Lite Home 00191,Electronica,60.81,9
192,Libros Mini Ultra 00192,Libros,123.92,105
193,Hogar Air Home 00193,Hogar,202.26,33
194,Deporte Eco Pro 00194,Deporte,24.31,39
195,Moda Mini Lite 00195,Moda,103.20,111
196,Jardineria Lite Eco 00196,Jardineria,3.92,34
197,Moda Ultra Home 00197,Moda,64.41,21
198,Informatica Lite Lite 00198,Informatica,15.23,60
199,Electronica Plus Core 00199,Electronica,33.92,23
200,Informatica Core Mini 00200,Informatica,44.27,41
201,Moda Max Ultra 00201,Moda,4.76,38
202,Moda Prime Ultra 00202,Moda,12.80,33
203,Electronica Core Ultra 00203,Electronica,77.99,94
204,Hogar Home Ultra 00204,Hogar,21.72,44
205,Informatica Pro Ultra 00205,Informatica,23.76,33
206,Juguetes Max Smart 00206,Juguetes,9.35,110
207,Electronica Plus Max 00207,Electronica,8.37,97
208,Hogar Prime Air 00208,Hogar,25.76,22
209,Informatica Studio Studio 00209,Informatica,19.93,29
210,Electronica Eco Eco 00210,Electronica,60.68,15
211,Electronica Smart Mini 00211,Electronica,68.47,35
212,Informatica Max Lite 00212,Informatica,72.00,35
213,Electronica Smart Eco 00213,Electronica,7.74,9
214,Moda Ultra Prime 00214,Moda,7.64,11
215,Deporte Studio Ultra 00215,Deporte,14.97,30
216,Moda Ultra Nova 00216,Moda,58.43,50
217,Informatica Air Lite 00217,Informatica,16.77,75
218,Deporte Studio Ultra 00218,Deporte,38.33,35
219,Informatica Smart Air 00219,Informatica,32.30,46
220,Informatica Mini Eco 00220,Informatica,102.83,90
221,Juguetes Mini Plus 00221,Juguetes,40.04,27
222,Informatica Studio Air 00222,Informatica,15.47,27
223,Libros Core Lite 00223,Libros,45.28,35
224,Electronica Home Mini 00224,Electronica,16.39,45
225,Hogar Core Mini 00225,Hogar,122.25,78
226,Instrumentos musicales Plus Core 00226,Instrumentos musicales,15.36,39
227,Moda Studio Home 00227,Moda,42.24,18
228,Informatica Nova Ultra 00228,Informatica,101.06,17
229,Libros Plus Max 00229,Libros,2.50,33
230,Jardineria Smart Pro 00230,Jardineria,8.54,5
231,Hogar Home Smart 00231,Hogar,162.13,78
232,Electronica Nova Eco 00232,Electronica,20.53,40
233,Juguetes Pro Lite 00233,Juguetes,22.39,39
234,Jardineria Plus Air 00234,Jardineria,42.76,42
235,Electronica Nova Max 00235,Electronica,61.73,112
236,Hogar Plus Smart 00236,Hogar,36.39,44
237,Informatica Studio Prime 00237,Informatica,9.42,15
238,Libros Pro Plus 00238,Libros,12.23,46
239,Jardineria Max Lite 00239,Jardineria,22.01,38
240,Libros Smart Home 00240,Libros,11.29,24
241,Electronica Max Air 00241,Electronica,24.89,31
242,Electronica Core Nova 00242,Electronica,16.18,79
243,Hogar Nova Plus 00243,Hogar,86.23,28
244,Juguetes Studio Core 00244,Juguetes,24.35,5
245,Electronica Studio Air 00245,Electronica,30.89,42
246,Jardineria Smart Prime 00246,Jardineria,15.17,31
247,Hogar Home Smart 00247,Hogar,8.11,6
248,Informatica Eco Ultra 00248,Informatica,177.74,27
249,Informatica Studio Ultra 00249,Informatica,64.44,8
250,Libros Eco Prime 00250,Libros,19.40,26
251,Informatica Core Home 00251,Informatica,56.58,14
252,Moda Max Prime 00252,Moda,4.18,86
253,Moda Home Ultra 00253,Moda,12.10,16
254,Electronica Home Plus 00254,Electronica,11.61,30
255,Deporte Prime Home 00255,Deporte,93.09,88
256,Mascotas Home Ultra 00256,Mascotas,118.04,29
257,Moda Core Lite 00257,Moda,42.27,67
258,Informatica Studio Ultra 00258,Informatica,49.82,31
259,Juguetes Max Air 00259,Juguetes,50.73,17
260,Informatica Smart Prime 00260,Informatica,13.86,47
261,Electronica Nova Lite 00261,Electronica,21.16,39
262,Informatica Nova Home 00262,Informatica,18.49,44
263,Deporte Ultra Max 00263,Deporte,92.64,17
264,Electronica Plus Smart 00264,Electronica,6.79,20
265,Informatica Home Eco 00265,Informatica,29.07,7
266,Moda Lite Max 00266,Moda,17.45,36
267,Informatica Eco Home 00267,Informatica,97.26,59
268,Juguetes Mini Nova 00268,Juguetes,19.60,7
269,Deporte Home Pro 00269,Deporte,70.92,40
270,Moda Home Lite 00270,Moda,17.85,23
271,Electronica Air Pro 00271,Electronica,125.52,40
272,Mascotas Ultra Smart 00272,Mascotas,19.07,15
273,Informatica Eco Nova 00273,Informatica,29.78,25
274,Electronica Nova Prime 00274,Electronica,282.09,44
275,Libros Core Max 00275,Libros,8.11,52
276,Deporte Lite Ultra 00276,Deporte,68.76,78
277,Deporte Plus Prime 00277,Deporte,40.99,40
278,Moda Max Plus 00278,Moda,62.87,30
279,Electronica Max Eco 00279,Electronica,44.12,36
280,Informatica Plus Ultra 00280,Informatica,10.34,47
281,Electronica Core Pro 00281,Electronica,155.66,6
282,Informatica Eco Lite 00282,Informatica,8.70,8
283,Hogar Smart Home 00283,Hogar,44.14,14
284,Moda Smart Max 00284,Moda,13.84,75
285,Moda Nova Mini 00285,Moda,21.83,42
286,Juguetes Core Core 00286,Juguetes,16.13,34
287,Electronica Studio Pro 00287,Electronica,46.17,55
288,Juguetes Ultra Max 00288,Juguetes,19.98,74
289,Instrumentos musicales Home Ultra 00289,Instrumentos musicales,63.68,31
290,Hogar Mini Eco 00290,Hogar,165.45,99
291,Hogar Plus Nova 00291,Hogar,95.01,32
292,Moda Lite Pro 00292,Moda,20.79,67
293,Hogar Core Smart 00293,Hogar,45.93,26
294,Moda Home Mini 00294,Moda,37.96,24
295,Hogar Plus Plus 00295,Hogar,32.15,39
296,Libros Nova Nova 00296,Libros,30.80,26
297,Electronica Mini Smart 00297,Electronica,24.99,55
298,Moda Max Ultra 00298,Moda,14.61,16
299,Electronica Pro Plus 00299,Electronica,28.57,36
300,Informatica Prime Pro 00300,Informatica,4.80,29
301,Informatica Nova Pro 00301,Informatica,20.58,56
302,Libros Lite Lite 00302,Libros,10.22,40
303,Hogar Studio Lite 00303,Hogar,305.49,42
304,Deporte Max Pro 00304,Deporte,9.21,6
305,Hogar Max Ultra 00305,Hogar,16.71,51
306,Hogar Home Prime 00306,Hogar,5.24,32
307,Informatica Eco Air 00307,Informatica,31.02,41
308,Moda Lite Lite 00308,Moda,12.29,90
309,Hogar Smart Smart 00309,Hogar,21.53,27
310,Electronica Nova Core 00310,Electronica,30.14,20
311,Electronica Nova Mini 00311,Electronica,136.64,33
312,Jardineria Mini Core 00312,Jardineria,23.15,88
313,Libros Prime Max 00313,Libros,11.77,86
314,Deporte Air Ultra 00314,Deporte,6.68,27
315,Electronica Core Max 00315,Electronica,16.01,20
316,Mascotas Core Smart 00316,Mascotas,4.81,31
317,Deporte Core Pro 00317,Deporte,20.56,8
318,Informatica Eco Ultra 00318,Informatica,17.13,75
319,Electronica Home Lite 00319,Electronica,160.41,107
320,Moda Ultra Pro 00320,Moda,15.50,17
321,Electronica Smart Core 00321,Electronica,23.30,32
322,Electronica Core Ultra 00322,Electronica,14.40,35
323,Informatica Prime Home 00323,Informatica,9.25,15
324,Electronica Smart Studio 00324,Electronica,10.27,31
325,Electronica Core Max 00325,Electronica,75.75,13
326,Moda Ultra Lite 00326,Moda,11.05,42
327,Juguetes Core Prime 00327,Juguetes,259.24,19
328,Mascotas Home Pro 00328,Mascotas,80.96,29
329,Informatica Lite Core 00329,Informatica,17.05,33
330,Moda Ultra Air 00330,Moda,7.96,29
331,Electronica Smart Eco 00331,Electronica,10.58,14
332,Informatica Smart Smart 00332,Informatica,7.67,69
333,Deporte Ultra Eco 00333,Deporte,45.02,48
334,Hogar Air Ultra 00334,Hogar,39.71,114
335,Informatica Nova Home 00335,Informatica,19.10,21
336,Deporte Plus Air 00336,Deporte,30.79,39
337,Electronica Core Air 00337,Electronica,25.94,20
338,Electronica Lite Plus 00338,Electronica,32.53,50
339,Electronica Lite Eco 00339,Electronica,19.12,102
340,Electronica Eco Lite 00340,Electronica,19.29,57
341,Electronica Eco Air 00341,Electronica,18.36,109
342,Electronica Nova Core 00342,Electronica,50.21,34
343,Moda Lite Prime 00343,Moda,17.28,115
344,Informatica Lite Home 00344,Informatica,25.19,22
345,Libros Core Nova 00345,Libros,26.17,8
346,Jardineria Max Prime 00346,Jardineria,19.72,24
347,Jardineria Eco Ultra 00347,Jardineria,24.66,45
348,Hogar Nova Lite 00348,Hogar,41.21,14
349,Electronica Air Nova 00349,Electronica,17.76,10
350,Electronica Lite Air 00350,Electronica,57.97,24
351,Electronica Home Plus 00351,Electronica,20.57,19
352,Moda Nova Pro 00352,Moda,19.31,26
353,Hogar Home Pro 00353,Hogar,34.47,86
354,Moda Air Pro 00354,Moda,13.39,36
355,Juguetes Nova Eco 00355,Juguetes,24.76,31
356,Hogar Nova Eco 00356,Hogar,88.34,21
357,Electronica Prime Nova 00357,Electronica,94.27,39
358,Electronica Smart Smart 00358,Electronica,17.58,14
359,Electronica Nova Eco 00359,Electronica,9.92,61
360,Jardineria Studio Studio 00360,Jardineria,5.87,78
361,Electronica Lite Studio 00361,Electronica,19.02,40
362,Electronica Max Prime 00362,Electronica,11.15,20
363,Libros Eco Eco 00363,Libros,38.72,43
364,Libros Ultra Smart 00364,Libros,75.23,23
365,Juguetes Air Ultra 00365,Juguetes,18.96,33
366,Hogar Home Lite 00366,Hogar,43.03,105
367,Libros Mini Pro 00367,Libros,56.07,41
368,Hogar Prime Lite 00368,Hogar,55.55,6
369,Electronica Smart Ultra 00369,Electronica,52.24,30
370,Moda Nova Eco 00370,Moda,57.21,82
371,Moda Core Mini 00371,Moda,17.96,22
372,Hogar Pro Pro 00372,Hogar,21.57,17
373,Electronica Pro Home 00373,Electronica,56.53,47
374,Libros Ultra Eco 00374,Libros,13.74,19
375,Libros Max Air 00375,Libros,54.31,33
376,Hogar Lite Home 00376,Hogar,12.66,73
377,Informatica Max Smart 00377,Informatica,66.54,18
378,Hogar Mini Prime 00378,Hogar,46.21,26
379,Moda Mini Eco 00379,Moda,26.80,25
380,Libros Home Ultra 00380,Libros,13.99,40
381,Libros Air Eco 00381,Libros,53.36,40
382,Informatica Smart Eco 00382,Informatica,22.19,89
383,Deporte Studio Lite 00383,Deporte,31.08,7
384,Electronica Eco Plus 00384,Electronica,6.87,45
385,Libros Mini Smart 00385,Libros,328.93,16
386,Moda Home Studio 00386,Moda,10.23,6
387,Mascotas Core Mini 00387,Mascotas,24.68,92
388,Instrumentos musicales Max Pro 00388,Instrumentos musicales,85.94,41
389,Juguetes Smart Smart 00389,Juguetes,18.13,57
390,Hogar Eco Studio 00390,Hogar,5.01,15
391,Juguetes Prime Eco 00391,Juguetes,19.79,48
392,Moda Air Studio 00392,Moda,109.49,74
393,Informatica Studio Eco 00393,Informatica,21.43,26
394,Juguetes Nova Mini 00394,Juguetes,10.52,100
395,Libros Mini Home 00395,Libros,52.07,48
396,Informatica Mini Smart 00396,Informatica,258.80,39
397,Informatica Plus Core 00397,Informatica,29.05,34
398,Juguetes Nova Home 00398,Juguetes,41.41,79
399,Hogar Pro Core 00399,Hogar,29.38,54
400,Hogar Max Eco 00400,Hogar,25.93,36
401,Electronica Lite Smart 00401,Electronica,30.99,16
402,Electronica Plus Prime 00402,Electronica,73.03,31
403,Moda Eco Smart 00403,Moda,18.70,38
404,Mascotas Air Ultra 00404,Mascotas,31.27,87
405,Informatica Home Mini 00405,Informatica,61.71,8
406,Moda Eco Studio 00406,Moda,9.10,57
407,Electronica Ultra Lite 00407,Electronica,23.19,42
408,Informatica Pro Pro 00408,Informatica,73.13,27
409,Moda Smart Lite 00409,Moda,15.03,100
410,Juguetes Mini Core 00410,Juguetes,54.50,96
411,Mascotas Nova Max 00411,Mascotas,12.00,78
412,Libros Ultra Studio 00412,Libros,46.60,38
413,Libros Home Core 00413,Libros,33.88,44
414,Hogar Ultra Core 00414,Hogar,95.44,20
415,Informatica Air Lite 00415,Informatica,45.03,23
416,Informatica Studio Mini 00416,Informatica,28.08,49
417,Electronica Smart Max 00417,Electronica,75.42,25
418,Hogar Max Ultra 00418,Hogar,103.85,9
419,Instrumentos musicales Air Prime 00419,Instrumentos musicales,79.02,32
420,Moda Nova Studio 00420,Moda,48.09,39
421,Moda Eco Prime 00421,Moda,80.20,39
422,Informatica Smart Prime 00422,Informatica,15.66,9
423,Moda Pro Mini 00423,Moda,39.83,24
424,Electronica Pro Nova 00424,Electronica,163.90,24
425,Informatica Plus Mini 00425,Informatica,153.23,12
426,Moda Core Eco 00426,Moda,64.05,44
427,Deporte Lite Max 00427,Deporte,10.38,8
428,Informatica Lite Ultra 00428,Informatica,34.00,24
429,Moda Ultra Core 00429,Moda,18.95,26
430,Electronica Mini Eco 00430,Electronica,8.57,94
431,Mascotas Mini Mini 00431,Mascotas,17.48,11
432,Libros Pro Eco 00432,Libros,39.71,15
433,Electronica Core Ultra 00433,Electronica,5.89,36
434,Informatica Studio Smart 00434,Informatica,33.43,71
435,Moda Home Max 00435,Moda,74.99,47
436,Electronica Lite Mini 00436,Electronica,22.47,5
437,Deporte Ultra Plus 00437,Deporte,5.90,30
438,Informatica Nova Plus 00438,Informatica,18.46,17
439,Libros Mini Mini 00439,Libros,8.69,107
440,Juguetes Air Prime 00440,Juguetes,29.55,27
441,Informatica Plus Home 00441,Informatica,8.69,89
442,Moda Home Home 00442,Moda,27.72,9
443,Moda Smart Max 00443,Moda,35.52,39
444,Informatica Ultra Core 00444,Informatica,7.50,111
445,Juguetes Prime Core 00445,Juguetes,39.04,25
446,Hogar Air Mini 00446,Hogar,20.35,46
447,Electronica Max Air 00447,Electronica,23.82,44
448,Libros Studio Prime 00448,Libros,46.18,105
449,Hogar Plus Lite 00449,Hogar,6.77,10
450,Deporte Pro Core 00450,Deporte,30.26,33
451,Instrumentos musicales Eco Eco 00451,Instrumentos musicales,46.73,20
452,Deporte Lite Eco 00452,Deporte,39.22,45
453,Hogar Ultra Prime 00453,Hogar,11.31,64
454,Juguetes Studio Lite 00454,Juguetes,210.15,17
455,Hogar Max Lite 00455,Hogar,11.19,30
456,Informatica Eco Eco 00456,Informatica,21.81,16
457,Informatica Plus Plus 00457,Informatica,8.26,41
458,Moda Mini Core 00458,Moda,74.26,91
459,Electronica Max Core 00459,Electronica,12.32,49
460,Informatica Lite Home 00460,Informatica,27.22,45
461,Electronica Air Prime 00461,Electronica,48.87,51
462,Hogar Ultra Prime 00462,Hogar,35.99,81
463,Deporte Smart Ultra 00463,Deporte,28.01,48
464,Mascotas Home Smart 00464,Mascotas,58.26,40
465,Juguetes Mini Pro 00465,Juguetes,21.97,42
466,Informatica Plus Nova 00466,Informatica,29.56,7
467,Moda Pro Smart 00467,Moda,43.52,55
468,Electronica Prime Studio 00468,Electronica,21.25,83
469,Electronica Eco Pro 00469,Electronica,4.68,35
470,Juguetes Studio Mini 00470,Juguetes,18.08,45
471,Juguetes Pro Eco 00471,Juguetes,12.18,12
472,Informatica Ultra Eco 00472,Informatica,11.83,18
473,Jardineria Max Pro 00473,Jardineria,42.31,38
474,Deporte Smart Lite 00474,Deporte,7.55,102
475,Informatica Ultra Studio 00475,Informatica,29.58,37
476,Informatica Mini Smart 00476,Informatica,46.20,62
477,Electronica Core Ultra 00477,Electronica,57.28,83
478,Electronica Nova Lite 00478,Electronica,14.87,32
479,Juguetes Nova Prime 00479,Juguetes,121.78,36
480,Libros Mini Ultra 00480,Libros,16.96,30
481,Moda Home Prime 00481,Moda,57.57,19
482,Electronica Pro Home 00482,Electronica,10.08,15
483,Hogar Air Lite 00483,Hogar,15.42,43
484,Hogar Ultra Smart 00484,Hogar,3.96,41
485,Libros Prime Air 00485,Libros,52.05,46
486,Hogar Pro Max 00486,Hogar,14.68,44
487,Electronica Prime Nova 00487,Electronica,61.66,15
488,Deporte Ultra Ultra 00488,Deporte,32.12,35
489,Mascotas Mini Smart 00489,Mascotas,20.22,18
490,Moda Eco Ultra 00490,Moda,53.37,29
491,Electronica Studio Pro 00491,Electronica,13.82,17
492,Hogar Lite Core 00492,Hogar,16.47,33
493,Moda Home Studio 00493,Moda,14.30,15
494,Electronica Smart Plus 00494,Electronica,54.05,104
495,Jardineria Home Studio 00495,Jardineria,40.26,6
496,Jardineria Mini Pro 00496,Jardineria,3.22,55
497,Moda Lite Max 00497,Moda,41.94,15
498,Electronica Air Eco 00498,Electronica,156.98,29
499,Electronica Plus Mini 00499,Electronica,22.56,64
500,Informatica Plus Prime 00500,Informatica,13.94,76
501,Instrumentos musicales Lite Air 00501,Instrumentos musicales,5.41,59
502,Juguetes Mini Nova 00502,Juguetes,18.27,24
503,Electronica Home Smart 00503,Electronica,21.19,9
504,Deporte Core Studio 00504,Deporte,15.37,41
505,Hogar Studio Ultra 00505,Hogar,19.57,39
506,Juguetes Eco Lite 00506,Juguetes,66.02,18
507,Informatica Prime Core 00507,Informatica,41.20,22
508,Jardineria Prime Lite 00508,Jardineria,12.65,15
509,Electronica Ultra Max 00509,Electronica,17.02,18
510,Electronica Studio Prime 00510,Electronica,16.94,38
511,Electronica Plus Pro 00511,Electronica,20.39,33
512,Moda Core Prime 00512,Moda,22.56,43
513,Mascotas Lite Prime 00513,Mascotas,4.86,79
514,Libros Home Nova 00514,Libros,22.64,10
515,Moda Mini Mini 00515,Moda,14.45,50
516,Electronica Home Air 00516,Electronica,14.93,15
517,Informatica Studio Nova 00517,Informatica,18.30,66
518,Hogar Air Core 00518,Hogar,37.20,7
519,Moda Plus Smart 00519,Moda,47.43,104
520,Instrumentos musicales Studio Max 00520,Instrumentos musicales,15.04,10
521,Moda Lite Lite 00521,Moda,30.75,53
522,Juguetes Plus Pro 00522,Juguetes,75.66,61
523,Informatica Smart Eco 00523,Informatica,50.34,10
524,Juguetes Mini Max 00524,Juguetes,15.15,24
525,Hogar Studio Studio 00525,Hogar,61.37,65
526,Electronica Plus Home 00526,Electronica,29.32,10
527,Libros Ultra Home 00527,Libros,4.76,11
528,Deporte Studio Eco 00528,Deporte,41.94,26
529,Juguetes Smart Max 00529,Juguetes,136.16,47
530,Deporte Core Eco 00530,Deporte,13.54,80
531,Informatica Smart Smart 00531,Informatica,17.19,43
532,Electronica Smart Lite 00532,Electronica,20.88,21
533,Libros Max Air 00533,Libros,32.88,10
534,Moda Studio Air 00534,Moda,31.01,30
535,Jardineria Smart Air 00535,Jardineria,11.32,39
536,Moda Nova Eco 00536,Moda,13.47,22
537,Informatica Nova Ultra 00537,Informatica,25.27,47
538,Hogar Eco Core 00538,Hogar,46.28,49
539,Hogar Prime Prime 00539,Hogar,5.85,10
540,Juguetes Air Home 00540,Juguetes,59.70,69
541,Mascotas Mini Max 00541,Mascotas,21.43,91
542,Hogar Max Smart 00542,Hogar,45.98,42
543,Informatica Studio Smart 00543,Informatica,24.27,28
544,Informatica Mini Plus 00544,Informatica,40.30,19
545,Juguetes Smart Air 00545,Juguetes,15.82,40
546,Electronica Home Air 00546,Electronica,40.67,29
547,Electronica Studio Eco 00547,Electronica,23.56,45
548,Electronica Nova Air 00548,Electronica,39.99,32
549,Instrumentos musicales Mini Max 00549,Instrumentos musicales,13.16,54
550,Electronica Lite Pro 00550,Electronica,39.51,43
551,Informatica Eco Smart 00551,Informatica,2.92,13
552,Moda Prime Studio 00552,Moda,28.61,31
553,Juguetes Plus Core 00553,Juguetes,58.75,32
554,Moda Lite Max 00554,Moda,6.29,27
555,Hogar Max Eco 00555,Hogar,50.85,79
556,Moda Core Max 00556,Moda,108.84,44
557,Libros Lite Air 00557,Libros,9.79,27
558,Electronica Plus Ultra 00558,Electronica,157.00,11
559,Informatica Core Ultra 00559,Informatica,17.97,15
560,Moda Eco Lite 00560,Moda,27.93,36
561,Juguetes Home Air 00561,Juguetes,32.56,27
562,Juguetes Home Plus 00562,Juguetes,24.47,21
563,Electronica Ultra Prime 00563,Electronica,16.08,15
564,Jardineria Eco Smart 00564,Jardineria,25.04,72
565,Moda Prime Smart 00565,Moda,27.05,31
566,Electronica Max Core 00566,Electronica,44.41,45
567,Electronica Mini Prime 00567,Electronica,64.50,15
568,Electronica Mini Air 00568,Electronica,37.63,23
569,Hogar Plus Studio 00569,Hogar,28.64,100
570,Libros Nova Eco 00570,Libros,10.61,40
571,Moda Prime Max 00571,Moda,47.45,93
572,Juguetes Eco Prime 00572,Juguetes,36.03,27
573,Electronica Lite Mini 00573,Electronica,82.99,41
574,Electronica Max Prime 00574,Electronica,28.47,105
575,Hogar Prime Prime 00575,Hogar,8.87,58
576,Informatica Lite Pro 00576,Informatica,35.79,85
577,Moda Smart Nova 00577,Moda,13.93,16
578,Informatica Nova Ultra 00578,Informatica,23.21,36
579,Jardineria Lite Core 00579,Jardineria,21.44,66
580,Informatica Eco Nova 00580,Informatica,60.87,90
581,Jardineria Core Nova 00581,Jardineria,50.71,27
582,Libros Air Smart 00582,Libros,8.22,43
583,Libros Smart Ultra 00583,Libros,31.23,41
584,Juguetes Smart Home 00584,Juguetes,14.76,32
585,Informatica Lite Home 00585,Informatica,33.96,92
586,Informatica Plus Nova 00586,Informatica,25.90,16
587,Electronica Prime Plus 00587,Electronica,39.65,23
588,Moda Smart Core 00588,Moda,49.31,44
589,Moda Home Studio 00589,Moda,42.94,25
590,Hogar Ultra Mini 00590,Hogar,20.76,46
591,Electronica Max Core 00591,Electronica,11.51,50
592,Juguetes Nova Nova 00592,Juguetes,40.17,41
593,Informatica Studio Prime 00593,Informatica,6.38,24
594,Moda Mini Pro 00594,Moda,21.54,22
595,Electronica Smart Lite 00595,Electronica,59.92,47
596,Libros Plus Nova 00596,Libros,60.11,89
597,Electronica Eco Studio 00597,Electronica,38.99,56
598,Instrumentos musicales Studio Core 00598,Instrumentos musicales,77.24,16
599,Electronica Core Home 00599,Electronica,4.51,115
600,Juguetes Plus Plus 00600,Juguetes,12.47,46
601,Electronica Pro Eco 00601,Electronica,14.43,31
602,Libros Max Studio 00602,Libros,48.97,76
603,Jardineria Air Home 00603,Jardineria,16.38,42
604,Electronica Mini Studio 00604,Electronica,51.06,35
605,Electronica Eco Eco 00605,Electronica,69.80,91
606,Moda Home Prime 00606,Moda,70.55,12
607,Informatica Mini Smart 00607,Informatica,31.17,37
608,Informatica Lite Max 00608,Informatica,41.81,42
609,Libros Max Max 00609,Libros,97.63,69
610,Electronica Air Studio 00610,Electronica,55.58,55
611,Mascotas Core Plus 00611,Mascotas,34.18,36
612,Hogar Prime Studio 00612,Hogar,2.73,31
613,Electronica Prime Nova 00613,Electronica,6.27,60
614,Electronica Prime Plus 00614,Electronica,19.23,19
615,Hogar Home Ultra 00615,Hogar,25.47,44
616,Deporte Ultra Eco 00616,Deporte,69.19,45
617,Hogar Plus Smart 00617,Hogar,15.19,26
618,Electronica Smart Eco 00618,Electronica,30.76,97
619,Electronica Mini Air 00619,Electronica,21.28,31
620,Informatica Eco Eco 00620,Informatica,5.45,42
621,Juguetes Plus Home 00621,Juguetes,154.47,47
622,Hogar Ultra Plus 00622,Hogar,14.75,92
623,Electronica Nova Mini 00623,Electronica,28.10,26
624,Informatica Ultra Plus 00624,Informatica,22.45,11
625,Juguetes Ultra Smart 00625,Juguetes,87.11,43
626,Informatica Max Mini 00626,Informatica,50.91,20
627,Hogar Plus Ultra 00627,Hogar,49.43,51
628,Libros Prime Smart 00628,Libros,6.20,29
629,Informatica Pro Pro 00629,Informatica,31.43,26
630,Deporte Eco Mini 00630,Deporte,30.40,7
631,Deporte Ultra Max 00631,Deporte,61.02,47
632,Informatica Prime Nova 00632,Informatica,34.43,44
633,Informatica Plus Ultra 00633,Informatica,71.33,35
634,Hogar Ultra Lite 00634,Hogar,13.61,55
635,Hogar Air Mini 00635,Hogar,75.65,59
636,Informatica Plus Lite 00636,Informatica,87.19,21
637,Deporte Core Smart 00637,Deporte,36.91,16
638,Jardineria Prime Eco 00638,Jardineria,60.21,33
639,Hogar Eco Air 00639,Hogar,6.62,36
640,Moda Lite Core 00640,Moda,69.19,86
641,Moda Core Lite 00641,Moda,40.36,51
642,Electronica Core Smart 00642,Electronica,12.32,24
643,Electronica Mini Lite 00643,Electronica,36.67,43
644,Moda Studio Lite 00644,Moda,34.62,22
645,Jardineria Smart Lite 00645,Jardineria,35.59,33
646,Juguetes Lite Core 00646,Juguetes,31.33,58
647,Mascotas Max Smart 00647,Mascotas,76.87,47
648,Hogar Eco Air 00648,Hogar,13.22,104
649,Moda Core Pro 00649,Moda,19.08,21
650,Deporte Eco Home 00650,Deporte,10.74,36
651,Libros Max Home 00651,Libros,138.81,38
652,Juguetes Nova Smart 00652,Juguetes,165.37,44
653,Moda Ultra Smart 00653,Moda,153.08,17
654,Electronica Nova Mini 00654,Electronica,10.17,44
655,Moda Studio Air 00655,Moda,11.39,23
656,Jardineria Lite Air 00656,Jardineria,14.25,33
657,Electronica Pro Max 00657,Electronica,10.72,24
658,Electronica Air Prime 00658,Electronica,15.42,67
659,Hogar Plus Mini 00659,Hogar,86.93,17
660,Moda Pro Lite 00660,Moda,44.03,29
661,Electronica Pro Mini 00661,Electronica,22.88,80
662,Electronica Max Eco 00662,Electronica,40.69,15
663,Instrumentos musicales Home Plus 00663,Instrumentos musicales,12.79,44
664,Moda Lite Mini 00664,Moda,9.87,99
665,Jardineria Max Ultra 00665,Jardineria,58.89,41
666,Informatica Air Plus 00666,Informatica,54.94,48
667,Libros Studio Home 00667,Libros,91.09,17
668,Informatica Prime Nova 00668,Informatica,133.82,56
669,Moda Home Lite 00669,Moda,32.03,42
670,Libros Home Nova 00670,Libros,31.20,35
671,Electronica Eco Air 00671,Electronica,13.16,109
672,Libros Air Air 00672,Libros,20.73,28
673,Informatica Max Lite 00673,Informatica,19.93,39
674,Libros Ultra Nova 00674,Libros,5.25,22
675,Hogar Core Air 00675,Hogar,47.19,5
676,Jardineria Home Core 00676,Jardineria,91.15,32
677,Informatica Plus Ultra 00677,Informatica,68.12,29
678,Informatica Pro Prime 00678,Informatica,8.52,19
679,Informatica Plus Mini 00679,Informatica,72.64,10
680,Moda Lite Home 00680,Moda,41.33,55
681,Hogar Plus Smart 00681,Hogar,15.03,9
682,Informatica Mini Mini 00682,Informatica,21.65,44
683,Electronica Home Plus 00683,Electronica,18.77,56
684,Electronica Mini Plus 00684,Electronica,10.36,17
685,Informatica Air Nova 00685,Informatica,45.06,54
686,Electronica Ultra Air 00686,Electronica,201.53,9
687,Juguetes Core Ultra 00687,Juguetes,50.99,35
688,Informatica Core Air 00688,Informatica,56.06,23
689,Informatica Smart Eco 00689,Informatica,107.98,31
690,Electronica Air Air 00690,Electronica,85.44,91
691,Informatica Pro Lite 00691,Informatica,66.17,20
692,Jardineria Core Air 00692,Jardineria,42.16,55
693,Hogar Home Nova 00693,Hogar,42.68,38
694,Electronica Pro Prime 00694,Electronica,25.77,53
695,Moda Ultra Smart 00695,Moda,84.79,8
696,Informatica Home Pro 00696,Informatica,37.08,44
697,Moda Mini Smart 00697,Moda,19.03,19
698,Libros Home Pro 00698,Libros,29.10,9
699,Deporte Pro Pro 00699,Deporte,74.24,64
700,Hogar Core Mini 00700,Hogar,36.35,98
701,Deporte Lite Core 00701,Deporte,24.81,17
702,Hogar Mini Home 00702,Hogar,106.23,23
703,Electronica Eco Studio 00703,Electronica,7.13,7
704,Informatica Nova Eco 00704,Informatica,25.99,42
705,Moda Nova Plus 00705,Moda,21.20,27
706,Libros Max Ultra 00706,Libros,70.68,28
707,Hogar Ultra Max 00707,Hogar,3.69,33
708,Informatica Air Air 00708,Informatica,10.49,18
709,Electronica Home Smart 00709,Electronica,30.29,36
710,Libros Prime Air 00710,Libros,10.76,40
711,Informatica Smart Mini 00711,Informatica,11.97,16
712,Moda Max Air 00712,Moda,40.57,64
713,Electronica Studio Max 00713,Electronica,20.92,26
714,Libros Mini Home 00714,Libros,17.47,38
715,Hogar Prime Nova 00715,Hogar,14.23,11
716,Hogar Mini Lite 00716,Hogar,30.27,12
717,Informatica Lite Home 00717,Informatica,37.92,34
718,Juguetes Lite Nova 00718,Juguetes,23.17,10
719,Jardineria Core Core 00719,Jardineria,30.90,15
720,Moda Nova Max 00720,Moda,55.77,111
721,Deporte Core Lite 00721,Deporte,23.42,58
722,Moda Prime Air 00722,Moda,59.50,30
723,Moda Mini Max 00723,Moda,54.13,21
724,Hogar Eco Eco 00724,Hogar,9.79,37
725,Hogar Max Plus 00725,Hogar,56.88,97
726,Moda Eco Core 00726,Moda,3.26,34
727,Electronica Nova Nova 00727,Electronica,9.03,25
728,Jardineria Ultra Max 00728,Jardineria,59.69,29
729,Hogar Plus Eco 00729,Hogar,6.46,42
730,Electronica Lite Ultra 00730,Electronica,10.76,113
731,Electronica Ultra Pro 00731,Electronica,16.79,6
732,Electronica Mini Ultra 00732,Electronica,33.57,43
733,Moda Lite Prime 00733,Moda,25.18,49
734,Instrumentos musicales Ultra Plus 00734,Instrumentos musicales,52.48,17
735,Electronica Ultra Nova 00735,Electronica,109.33,7
736,Electronica Lite Core 00736,Electronica,14.16,50
737,Moda Nova Smart 00737,Moda,48.20,23
738,Moda Nova Plus 00738,Moda,40.63,36
739,Informatica Home Mini 00739,Informatica,57.09,84
740,Hogar Prime Plus 00740,Hogar,42.20,87
741,Juguetes Core Lite 00741,Juguetes,51.19,6
742,Electronica Home Smart 00742,Electronica,38.28,98
743,Electronica Plus Core 00743,Electronica,19.59,17
744,Informatica Prime Pro 00744,Informatica,83.94,29
745,Deporte Smart Max 00745,Deporte,66.94,45
746,Juguetes Core Ultra 00746,Juguetes,10.65,77
747,Electronica Ultra Core 00747,Electronica,29.97,54
748,Mascotas Mini Mini 00748,Mascotas,27.22,16
749,Jardineria Mini Max 00749,Jardineria,25.16,10
750,Jardineria Prime Nova 00750,Jardineria,38.08,26
751,Jardineria Core Studio 00751,Jardineria,17.03,14
752,Electronica Pro Lite 00752,Electronica,124.24,29
753,Deporte Core Smart 00753,Deporte,28.25,13
754,Electronica Core Prime 00754,Electronica,4.18,14
755,Moda Ultra Air 00755,Moda,32.64,26
756,Informatica Pro Pro 00756,Informatica,5.04,11
757,Informatica Home Prime 00757,Informatica,28.83,85
758,Libros Studio Max 00758,Libros,19.59,36
759,Hogar Smart Home 00759,Hogar,68.05,28
760,Informatica Studio Home 00760,Informatica,106.11,79
761,Instrumentos musicales Max Studio 00761,Instrumentos musicales,28.37,110
762,Hogar Studio Lite 00762,Hogar,45.48,19
763,Electronica Core Ultra 00763,Electronica,19.78,36
764,Moda Core Nova 00764,Moda,13.44,15
765,Informatica Pro Core 00765,Informatica,51.41,22
766,Electronica Mini Prime 00766,Electronica,49.23,24
767,Deporte Lite Studio 00767,Deporte,28.44,44
768,Moda Pro Eco 00768,Moda,30.41,23
769,Deporte Core Lite 00769,Deporte,5.84,52
770,Jardineria Smart Home 00770,Jardineria,5.47,15
771,Juguetes Air Lite 00771,Juguetes,38.10,13
772,Moda Home Max 00772,Moda,7.37,26
773,Informatica Smart Max 00773,Informatica,4.60,31
774,Instrumentos musicales Lite Max 00774,Instrumentos musicales,9.19,111
775,Hogar Pro Air 00775,Hogar,37.00,47
776,Electronica Ultra Nova 00776,Electronica,85.17,75
777,Electronica Home Pro 00777,Electronica,14.69,18
778,Juguetes Air Max 00778,Juguetes,27.34,38
779,Moda Ultra Eco 00779,Moda,6.46,88
780,Electronica Plus Pro 00780,Electronica,6.11,97
781,Informatica Lite Prime 00781,Informatica,4.84,50
782,Informatica Studio Prime 00782,Informatica,45.41,9
783,Informatica Home Nova 00783,Informatica,27.81,13
784,Informatica Max Eco 00784,Informatica,29.20,26
785,Informatica Home Core 00785,Informatica,43.20,78
786,Electronica Lite Core 00786,Electronica,25.47,115
787,Libros Ultra Eco 00787,Libros,28.21,23
788,Informatica Studio Ultra 00788,Informatica,148.06,32
789,Deporte Prime Prime 00789,Deporte,92.28,19
790,Mascotas Max Mini 00790,Mascotas,109.83,16
791,Informatica Nova Ultra 00791,Informatica,45.78,24
792,Libros Smart Core 00792,Libros,5.34,95
793,Libros Plus Air 00793,Libros,32.19,6
794,Libros Home Smart 00794,Libros,61.50,38
795,Hogar Pro Home 00795,Hogar,26.42,44
796,Informatica Studio Eco 00796,Informatica,7.06,53
797,Hogar Mini Ultra 00797,Hogar,25.83,97
798,Informatica Prime Lite 00798,Informatica,125.92,6
799,Moda Plus Ultra 00799,Moda,28.15,65
800,Informatica Home Air 00800,Informatica,38.69,23
801,Moda Core Mini 00801,Moda,7.60,36
802,Instrumentos musicales Studio Ultra 00802,Instrumentos musicales,141.14,26
803,Electronica Pro Lite 00803,Electronica,24.16,17
804,Deporte Mini Lite 00804,Deporte,17.67,81
805,Electronica Prime Mini 00805,Electronica,32.13,45
806,Libros Plus Eco 00806,Libros,8.25,30
807,Jardineria Lite Max 00807,Jardineria,5.68,49
808,Informatica Lite Lite 00808,Informatica,39.72,24
809,Moda Nova Mini 00809,Moda,23.65,108
810,Hogar Home Home 00810,Hogar,23.28,76
811,Electronica Plus Home 00811,Electronica,155.87,47
812,Hogar Pro Prime 00812,Hogar,40.46,110
813,Electronica Lite Nova 00813,Electronica,9.23,5
814,Hogar Mini Pro 00814,Hogar,57.07,11
815,Deporte Core Prime 00815,Deporte,26.37,13
816,Informatica Eco Plus 00816,Informatica,22.34,20
817,Electronica Lite Home 00817,Electronica,22.53,12
818,Moda Ultra Studio 00818,Moda,13.94,53
819,Hogar Smart Mini 00819,Hogar,94.82,100
820,Hogar Max Home 00820,Hogar,112.11,60
821,Electronica Max Eco 00821,Electronica,29.92,83
822,Libros Nova Ultra 00822,Libros,48.61,51
823,Informatica Max Max 00823,Informatica,24.97,39
824,Hogar Lite Ultra 00824,Hogar,53.86,77
825,Libros Core Eco 00825,Libros,32.25,59
826,Informatica Home Pro 00826,Informatica,30.58,14
827,Instrumentos musicales Studio Nova 00827,Instrumentos musicales,48.77,47
828,Moda Mini Pro 00828,Moda,18.79,85
829,Electronica Studio Eco 00829,Electronica,14.47,49
830,Informatica Pro Core 00830,Informatica,55.07,53
831,Libros Plus Prime 00831,Libros,93.41,60
832,Libros Lite Eco 00832,Libros,39.90,8
833,Electronica Max Prime 00833,Electronica,18.65,87
834,Libros Home Prime 00834,Libros,54.93,35
835,Juguetes Core Eco 00835,Juguetes,54.79,90
836,Deporte Studio Mini 00836,Deporte,28.80,48
837,Juguetes Studio Smart 00837,Juguetes,15.90,13
838,Instrumentos musicales Lite Core 00838,Instrumentos musicales,24.25,45
839,Moda Pro Plus 00839,Moda,35.62,30
840,Jardineria Home Air 00840,Jardineria,61.37,41
841,Informatica Smart Eco 00841,Informatica,74.23,66
842,Informatica Home Plus 00842,Informatica,50.62,112
843,Informatica Nova Ultra 00843,Informatica,68.35,107
844,Electronica Home Nova 00844,Electronica,31.97,44
845,Electronica Ultra Eco 00845,Electronica,10.82,106
846,Deporte Home Home 00846,Deporte,23.04,35
847,Electronica Core Home 00847,Electronica,50.05,40
848,Informatica Ultra Smart 00848,Informatica,14.18,20
849,Electronica Studio Home 00849,Electronica,46.67,17
850,Informatica Max Home 00850,Informatica,24.00,21
851,Libros Plus Ultra 00851,Libros,10.02,101
852,Electronica Home Home 00852,Electronica,65.26,70
853,Electronica Mini Studio 00853,Electronica,54.10,11
854,Instrumentos musicales Smart Studio 00854,Instrumentos musicales,29.95,41
855,Libros Eco Air 00855,Libros,30.58,18
856,Libros Nova Nova 00856,Libros,3.44,110
857,Moda Nova Max 00857,Moda,29.58,19
858,Moda Ultra Air 00858,Moda,16.17,30
859,Instrumentos musicales Studio Lite 00859,Instrumentos musicales,9.59,41
860,Moda Smart Home 00860,Moda,60.98,111
861,Deporte Plus Ultra 00861,Deporte,87.35,39
862,Juguetes Ultra Studio 00862,Juguetes,10.12,19
863,Electronica Max Max 00863,Electronica,22.19,42
864,Moda Smart Max 00864,Moda,16.64,52
865,Libros Air Max 00865,Libros,59.67,38
866,Moda Core Studio 00866,Moda,6.57,57
867,Instrumentos musicales Eco Core 00867,Instrumentos musicales,36.03,10
868,Informatica Ultra Pro 00868,Informatica,28.27,26
869,Informatica Ultra Smart 00869,Informatica,20.03,94
870,Hogar Air Pro 00870,Hogar,24.50,78
871,Instrumentos musicales Pro Home 00871,Instrumentos musicales,22.30,39
872,Electronica Prime Plus 00872,Electronica,176.86,18
873,Electronica Mini Eco 00873,Electronica,52.72,31
874,Moda Nova Prime 00874,Moda,11.95,47
875,Informatica Eco Plus 00875,Informatica,50.11,44
876,Juguetes Mini Home 00876,Juguetes,180.37,45
877,Jardineria Eco Nova 00877,Jardineria,91.72,28
878,Informatica Eco Home 00878,Informatica,39.04,61
879,Libros Max Max 00879,Libros,28.39,16
880,Libros Lite Pro 00880,Libros,26.27,88
881,Instrumentos musicales Mini Nova 00881,Instrumentos musicales,157.91,43
882,Informatica Prime Eco 00882,Informatica,8.49,52
883,Hogar Home Air 00883,Hogar,29.87,99
884,Juguetes Air Ultra 00884,Juguetes,13.32,17
885,Informatica Mini Studio 00885,Informatica,26.83,115
886,Hogar Plus Max 00886,Hogar,27.28,21
887,Electronica Nova Studio 00887,Electronica,16.40,21
888,Informatica Prime Max 00888,Informatica,18.67,6
889,Informatica Smart Eco 00889,Informatica,25.83,14
890,Juguetes Core Plus 00890,Juguetes,85.56,11
891,Mascotas Ultra Max 00891,Mascotas,64.62,44
892,Instrumentos musicales Max Mini 00892,Instrumentos musicales,35.10,82
893,Libros Home Studio 00893,Libros,47.54,79
894,Juguetes Air Mini 00894,Juguetes,19.58,101
895,Jardineria Ultra Lite 00895,Jardineria,9.85,45
896,Jardineria Mini Ultra 00896,Jardineria,22.01,15
897,Moda Core Nova 00897,Moda,15.36,35
898,Juguetes Studio Eco 00898,Juguetes,16.57,28
899,Deporte Plus Lite 00899,Deporte,9.18,64
900,Instrumentos musicales Nova Core 00900,Instrumentos musicales,8.71,32
901,Moda Pro Nova 00901,Moda,19.23,101
902,Hogar Plus Smart 00902,Hogar,31.59,44
903,Deporte Plus Prime 00903,Deporte,33.45,9
904,Libros Home Ultra 00904,Libros,20.53,87
905,Informatica Mini Mini 00905,Informatica,131.33,29
906,Instrumentos musicales Ultra Air 00906,Instrumentos musicales,10.29,40
907,Electronica Mini Studio 00907,Electronica,22.77,29
908,Informatica Max Mini 00908,Informatica,12.95,115
909,Jardineria Nova Prime 00909,Jardineria,16.44,17
910,Informatica Home Prime 00910,Informatica,25.94,45
911,Informatica Eco Prime 00911,Informatica,13.27,114
912,Mascotas Plus Max 00912,Mascotas,25.40,69
913,Juguetes Ultra Air 00913,Juguetes,119.61,88
914,Moda Lite Lite 00914,Moda,95.54,46
915,Moda Prime Lite 00915,Moda,16.54,19
916,Informatica Lite Eco 00916,Informatica,21.79,35
917,Informatica Ultra Smart 00917,Informatica,23.63,79
918,Informatica Core Ultra 00918,Informatica,34.03,62
919,Informatica Home Max 00919,Informatica,121.34,43
920,Libros Max Smart 00920,Libros,17.86,37
921,Deporte Max Plus 00921,Deporte,63.62,18
922,Moda Prime Home 00922,Moda,132.52,13
923,Libros Lite Prime 00923,Libros,346.90,30
924,Informatica Plus Eco 00924,Informatica,14.76,44
925,Informatica Ultra Core 00925,Informatica,7.31,100
926,Electronica Home Air 00926,Electronica,6.69,28
927,Electronica Eco Ultra 00927,Electronica,44.10,46
928,Moda Mini Ultra 00928,Moda,28.63,79
929,Informatica Prime Ultra 00929,Informatica,18.84,34
930,Informatica Studio Air 00930,Informatica,29.33,15
931,Juguetes Home Mini 00931,Juguetes,2.97,47
932,Libros Prime Pro 00932,Libros,42.46,41
933,Moda Lite Core 00933,Moda,16.86,97
934,Deporte Plus Max 00934,Deporte,3.55,19
935,Electronica Max Core 00935,Electronica,17.01,18
936,Informatica Studio Ultra 00936,Informatica,24.21,48
937,Deporte Studio Smart 00937,Deporte,173.90,43
938,Jardineria Prime Prime 00938,Jardineria,43.54,46
939,Electronica Studio Max 00939,Electronica,36.83,79
940,Electronica Studio Ultra 00940,Electronica,8.70,28
941,Deporte Home Mini 00941,Deporte,6.00,26
942,Jardineria Home Studio 00942,Jardineria,41.29,44
943,Electronica Core Mini 00943,Electronica,17.97,39
944,Deporte Nova Studio 00944,Deporte,127.85,5
945,Electronica Prime Smart 00945,Electronica,11.55,13
946,Juguetes Plus Ultra 00946,Juguetes,17.21,14
947,Moda Studio Home 00947,Moda,97.22,18
948,Deporte Eco Lite 00948,Deporte,54.07,111
949,Deporte Lite Pro 00949,Deporte,30.25,49
950,Jardineria Max Smart 00950,Jardineria,15.21,6
951,Informatica Max Eco 00951,Informatica,16.56,89
952,Informatica Pro Lite 00952,Informatica,49.41,39
953,Hogar Lite Prime 00953,Hogar,40.46,22
954,Moda Smart Eco 00954,Moda,8.66,46
955,Hogar Lite Smart 00955,Hogar,58.40,17
956,Juguetes Mini Home 00956,Juguetes,33.46,23
957,Electronica Ultra Plus 00957,Electronica,43.31,46
958,Juguetes Max Nova 00958,Juguetes,45.56,31
959,Moda Lite Home 00959,Moda,23.76,83
960,Juguetes Max Core 00960,Juguetes,95.94,51
961,Hogar Prime Mini 00961,Hogar,95.69,90
962,Moda Ultra Mini 00962,Moda,56.94,41
963,Libros Ultra Lite 00963,Libros,39.41,46
964,Juguetes Max Core 00964,Juguetes,16.59,93
965,Electronica Smart Home 00965,Electronica,3.39,12
966,Moda Nova Home 00966,Moda,90.43,86
967,Libros Mini Studio 00967,Libros,83.99,9
968,Informatica Core Max 00968,Informatica,31.75,36
969,Hogar Prime Prime 00969,Hogar,22.08,35
970,Moda Smart Studio 00970,Moda,20.24,10
971,Informatica Plus Mini 00971,Informatica,9.77,64
972,Electronica Lite Core 00972,Electronica,4.55,18
973,Libros Eco Core 00973,Libros,102.88,29
974,Juguetes Home Smart 00974,Juguetes,34.69,59
975,Electronica Studio Max 00975,Electronica,85.65,15
976,Libros Smart Air 00976,Libros,35.34,81
977,Informatica Mini Eco 00977,Informatica,16.07,14
978,Moda Max Pro 00978,Moda,9.47,25
979,Jardineria Mini Nova 00979,Jardineria,23.43,44
980,Moda Prime Plus 00980,Moda,38.42,42
981,Libros Pro Max 00981,Libros,9.15,77
982,Informatica Ultra Nova 00982,Informatica,31.76,8
983,Libros Eco Nova 00983,Libros,46.54,8
984,Electronica Home Prime 00984,Electronica,31.11,69
985,Hogar Max Max 00985,Hogar,43.21,40
986,Deporte Prime Home 00986,Deporte,7.82,57
987,Moda Nova Lite 00987,Moda,25.98,5
988,Informatica Lite Eco 00988,Informatica,9.71,63
989,Hogar Eco Plus 00989,Hogar,22.04,22
990,Mascotas Air Pro 00990,Mascotas,7.09,19
991,Moda Air Max 00991,Moda,19.30,113
992,Moda Prime Plus 00992,Moda,34.09,39
993,Moda Nova Prime 00993,Moda,57.53,6
994,Moda Eco Nova 00994,Moda,71.40,26
995,Informatica Prime Pro 00995,Informatica,48.11,24
996,Informatica Mini Mini 00996,Informatica,107.19,28
997,Moda Nova Nova 00997,Moda,38.57,21
998,Electronica Smart Pro 00998,Electronica,58.76,109
999,Libros Air Ultra 00999,Libros,31.05,45
1000,Informatica Lite Pro 01000,Informatica,17.79,89
1001,Hogar Air Mini 01001,Hogar,33.95,101
1002,Juguetes Prime Mini 01002,Juguetes,27.96,43
1003,Electronica Eco Studio 01003,Electronica,53.24,22
1004,Moda Eco Home 01004,Moda,33.24,38
1005,Electronica Pro Ultra 01005,Electronica,45.87,26
1006,Mascotas Core Plus 01006,Mascotas,24.11,40
1007,Informatica Eco Nova 01007,Informatica,69.20,17
1008,Deporte Nova Prime 01008,Deporte,35.63,52
1009,Hogar Plus Plus 01009,Hogar,49.64,107
1010,Deporte Home Air 01010,Deporte,7.33,23
1011,Mascotas Home Air 01011,Mascotas,17.82,54
1012,Moda Home Max 01012,Moda,6.67,31
1013,Moda Pro Air 01013,Moda,17.78,38
1014,Electronica Core Home 01014,Electronica,18.03,18
1015,Juguetes Air Core 01015,Juguetes,21.56,7
1016,Jardineria Core Eco 01016,Jardineria,65.12,11
1017,Moda Max Smart 01017,Moda,11.98,15
1018,Electronica Studio Studio 01018,Electronica,16.15,10
1019,Libros Ultra Eco 01019,Libros,128.53,38
1020,Juguetes Smart Plus 01020,Juguetes,11.99,26
1021,Electronica Core Smart 01021,Electronica,55.54,31
1022,Libros Prime Smart 01022,Libros,13.64,69
1023,Libros Prime Home 01023,Libros,180.67,52
1024,Jardineria Core Pro 01024,Jardineria,48.28,84
1025,Informatica Nova Nova 01025,Informatica,468.60,7
1026,Hogar Max Nova 01026,Hogar,33.79,25
1027,Electronica Mini Home 01027,Electronica,24.68,31
1028,Jardineria Prime Studio 01028,Jardineria,22.89,28
1029,Informatica Home Studio 01029,Informatica,39.27,58
1030,Deporte Plus Pro 01030,Deporte,7.02,56
1031,Deporte Core Eco 01031,Deporte,21.37,60
1032,Informatica Pro Nova 01032,Informatica,50.66,66
1033,Deporte Nova Core 01033,Deporte,119.86,17
1034,Libros Core Smart 01034,Libros,22.90,14
1035,Hogar Studio Prime 01035,Hogar,12.66,102
1036,Hogar Nova Nova 01036,Hogar,45.67,25
1037,Informatica Prime Ultra 01037,Informatica,17.60,67
1038,Electronica Core Lite 01038,Electronica,29.08,32
1039,Libros Core Nova 01039,Libros,27.06,5
1040,Moda Nova Ultra 01040,Moda,128.89,87
1041,Informatica Core Pro 01041,Informatica,18.27,54
1042,Hogar Studio Air 01042,Hogar,63.22,113
1043,Moda Eco Core 01043,Moda,15.54,102
1044,Electronica Smart Lite 01044,Electronica,29.50,106
1045,Informatica Core Ultra 01045,Informatica,228.66,42
1046,Electronica Pro Max 01046,Electronica,44.69,38
1047,Electronica Studio Eco 01047,Electronica,25.01,36
1048,Juguetes Max Max 01048,Juguetes,39.09,108
1049,Mascotas Prime Eco 01049,Mascotas,7.91,43
1050,Informatica Mini Air 01050,Informatica,138.17,13
1051,Instrumentos musicales Mini Ultra 01051,Instrumentos musicales,36.15,51
1052,Electronica Studio Smart 01052,Electronica,209.31,25
1053,Informatica Plus Core 01053,Informatica,29.14,107
1054,Informatica Core Ultra 01054,Informatica,15.28,48
1055,Electronica Prime Pro 01055,Electronica,18.95,32
1056,Instrumentos musicales Home Smart 01056,Instrumentos musicales,16.75,13
1057,Libros Air Lite 01057,Libros,22.67,76
1058,Juguetes Air Studio 01058,Juguetes,24.90,31
1059,Deporte Air Home 01059,Deporte,59.00,31
1060,Informatica Prime Prime 01060,Informatica,103.58,105
1061,Juguetes Ultra Home 01061,Juguetes,13.44,47
1062,Hogar Air Plus 01062,Hogar,5.61,19
1063,Instrumentos musicales Home Core 01063,Instrumentos musicales,14.73,91
1064,Electronica Prime Smart 01064,Electronica,10.48,29
1065,Informatica Studio Max 01065,Informatica,9.41,33
1066,Moda Core Plus 01066,Moda,124.41,37
1067,Hogar Nova Air 01067,Hogar,44.96,90
1068,Jardineria Air Plus 01068,Jardineria,69.08,20
1069,Moda Max Mini 01069,Moda,9.98,29
1070,Moda Pro Ultra 01070,Moda,16.89,29
1071,Moda Pro Ultra 01071,Moda,49.15,27
1072,Hogar Home Studio 01072,Hogar,28.30,36
1073,Jardineria Plus Pro 01073,Jardineria,39.76,11
1074,Moda Mini Lite 01074,Moda,7.07,18
1075,Electronica Mini Nova 01075,Electronica,34.62,19
1076,Libros Prime Smart 01076,Libros,29.12,39
1077,Moda Mini Ultra 01077,Moda,12.36,10
1078,Instrumentos musicales Mini Lite 01078,Instrumentos musicales,30.87,45
1079,Informatica Core Air 01079,Informatica,6.67,35
1080,Deporte Mini Air 01080,Deporte,47.38,39
1081,Informatica Plus Eco 01081,Informatica,27.44,109
1082,Jardineria Nova Core 01082,Jardineria,15.26,30
1083,Juguetes Pro Eco 01083,Juguetes,42.36,38
1084,Hogar Nova Eco 01084,Hogar,25.60,43
1085,Electronica Studio Plus 01085,Electronica,15.86,19
1086,Electronica Pro Home 01086,Electronica,24.82,85
1087,Moda Plus Studio 01087,Moda,17.14,63
1088,Electronica Eco Plus 01088,Electronica,101.50,86
1089,Informatica Core Nova 01089,Informatica,18.97,94
1090,Informatica Home Studio 01090,Informatica,36.05,41
1091,Hogar Pro Ultra 01091,Hogar,27.53,77
1092,Electronica Pro Home 01092,Electronica,35.22,53
1093,Electronica Lite Air 01093,Electronica,23.10,23
1094,Informatica Mini Eco 01094,Informatica,15.56,60
1095,Electronica Prime Core 01095,Electronica,8.89,30
1096,Moda Plus Max 01096,Moda,17.59,61
1097,Deporte Prime Prime 01097,Deporte,25.52,60
1098,Informatica Prime Smart 01098,Informatica,47.58,93
1099,Moda Air Studio 01099,Moda,17.24,13
1100,Electronica Plus Mini 01100,Electronica,44.58,54
1101,Moda Pro Studio 01101,Moda,89.08,5
1102,Instrumentos musicales Home Ultra 01102,Instrumentos musicales,7.73,17
1103,Hogar Smart Eco 01103,Hogar,41.34,33
1104,Hogar Lite Home 01104,Hogar,23.08,96
1105,Deporte Eco Air 01105,Deporte,68.77,25
1106,Moda Ultra Mini 01106,Moda,19.28,104
1107,Informatica Plus Eco 01107,Informatica,13.85,37
1108,Electronica Ultra Max 01108,Electronica,13.02,42
1109,Moda Smart Nova 01109,Moda,40.67,43
1110,Hogar Lite Home 01110,Hogar,169.15,36
1111,Jardineria Studio Mini 01111,Jardineria,41.10,36
1112,Moda Core Ultra 01112,Moda,29.79,43
1113,Moda Home Ultra 01113,Moda,49.19,87
1114,Jardineria Lite Max 01114,Jardineria,52.78,13
1115,Informatica Nova Pro 01115,Informatica,28.73,35
1116,Libros Max Pro 01116,Libros,93.31,90
1117,Hogar Lite Studio 01117,Hogar,12.29,43
1118,Informatica Max Core 01118,Informatica,36.20,61
1119,Informatica Home Max 01119,Informatica,25.02,31
1120,Informatica Lite Lite 01120,Informatica,67.98,101
1121,Mascotas Studio Prime 01121,Mascotas,14.75,10
1122,Informatica Core Air 01122,Informatica,4.52,22
1123,Hogar Studio Mini 01123,Hogar,22.66,75
1124,Informatica Pro Home 01124,Informatica,14.20,93
1125,Juguetes Mini Ultra 01125,Juguetes,15.65,32
1126,Informatica Studio Max 01126,Informatica,4.26,44
1127,Libros Studio Nova 01127,Libros,35.45,35
1128,Electronica Prime Core 01128,Electronica,27.53,36
1129,Moda Home Mini 01129,Moda,32.94,102
1130,Electronica Pro Nova 01130,Electronica,22.92,37
1131,Hogar Plus Lite 01131,Hogar,33.19,61
1132,Deporte Max Core 01132,Deporte,108.02,38
1133,Hogar Home Smart 01133,Hogar,9.78,49
1134,Libros Nova Nova 01134,Libros,24.68,33
1135,Hogar Nova Studio 01135,Hogar,23.05,12
1136,Informatica Studio Ultra 01136,Informatica,126.63,28
1137,Informatica Lite Eco 01137,Informatica,24.90,7
1138,Electronica Lite Core 01138,Electronica,34.99,33
1139,Moda Studio Home 01139,Moda,11.31,34
1140,Libros Plus Air 01140,Libros,74.18,44
1141,Electronica Ultra Core 01141,Electronica,4.44,42
1142,Electronica Air Lite 01142,Electronica,30.83,48
1143,Moda Studio Pro 01143,Moda,33.84,13
1144,Moda Home Home 01144,Moda,18.09,33
1145,Informatica Smart Smart 01145,Informatica,143.50,21
1146,Hogar Home Plus 01146,Hogar,12.70,64
1147,Hogar Eco Air 01147,Hogar,25.18,44
1148,Moda Studio Max 01148,Moda,30.06,15
1149,Moda Nova Pro 01149,Moda,8.39,15
1150,Deporte Studio Max 01150,Deporte,5.54,77
1151,Instrumentos musicales Air Studio 01151,Instrumentos musicales,65.29,89
1152,Deporte Home Nova 01152,Deporte,21.30,35
1153,Electronica Air Studio 01153,Electronica,95.82,26
1154,Hogar Pro Core 01154,Hogar,13.54,107
1155,Informatica Plus Home 01155,Informatica,12.53,43
1156,Informatica Prime Mini 01156,Informatica,13.93,77
1157,Electronica Core Studio 01157,Electronica,13.50,109
1158,Electronica Mini Prime 01158,Electronica,12.70,20
1159,Juguetes Eco Max 01159,Juguetes,11.74,20
1160,Electronica Ultra Eco 01160,Electronica,187.24,32
1161,Instrumentos musicales Lite Core 01161,Instrumentos musicales,19.30,7
1162,Electronica Pro Pro 01162,Electronica,17.67,36
1163,Libros Core Prime 01163,Libros,17.69,58
1164,Libros Eco Pro 01164,Libros,6.92,93
1165,Jardineria Nova Prime 01165,Jardineria,12.73,44
1166,Electronica Core Prime 01166,Electronica,75.07,14
1167,Electronica Max Ultra 01167,Electronica,10.38,27
1168,Electronica Plus Studio 01168,Electronica,15.20,29
1169,Electronica Core Eco 01169,Electronica,30.64,23
1170,Informatica Plus Ultra 01170,Informatica,43.53,29
1171,Moda Smart Pro 01171,Moda,86.55,12
1172,Moda Prime Smart 01172,Moda,11.47,14
1173,Hogar Prime Studio 01173,Hogar,7.53,24
1174,Informatica Smart Air 01174,Informatica,73.53,37
1175,Instrumentos musicales Mini Studio 01175,Instrumentos musicales,187.80,23
1176,Electronica Eco Nova 01176,Electronica,30.09,44
1177,Electronica Eco Prime 01177,Electronica,22.31,43
1178,Electronica Pro Studio 01178,Electronica,141.58,34
1179,Jardineria Smart Ultra 01179,Jardineria,6.62,45
1180,Hogar Core Pro 01180,Hogar,22.43,96
1181,Moda Air Ultra 01181,Moda,10.48,41
1182,Jardineria Plus Home 01182,Jardineria,20.20,95
1183,Informatica Prime Air 01183,Informatica,44.95,82
1184,Jardineria Max Studio 01184,Jardineria,46.92,10
1185,Jardineria Air Core 01185,Jardineria,8.65,24
1186,Electronica Ultra Ultra 01186,Electronica,17.90,12
1187,Informatica Smart Mini 01187,Informatica,8.20,26
1188,Mascotas Eco Studio 01188,Mascotas,73.99,33
1189,Jardineria Mini Mini 01189,Jardineria,16.83,26
1190,Informatica Home Max 01190,Informatica,16.89,80
1191,Deporte Home Plus 01191,Deporte,191.09,48
1192,Hogar Smart Plus 01192,Hogar,13.14,101
1193,Informatica Pro Smart 01193,Informatica,20.42,24
1194,Informatica Max Studio 01194,Informatica,42.03,11
1195,Hogar Home Lite 01195,Hogar,35.32,12
1196,Electronica Lite Eco 01196,Electronica,19.42,42
1197,Instrumentos musicales Eco Nova 01197,Instrumentos musicales,22.80,39
1198,Informatica Home Smart 01198,Informatica,15.15,9
1199,Informatica Eco Air 01199,Informatica,15.02,108
1200,Informatica Air Mini 01200,Informatica,9.16,8
1201,Informatica Prime Max 01201,Informatica,39.86,101
1202,Moda Lite Lite 01202,Moda,34.23,38
1203,Deporte Core Studio 01203,Deporte,33.40,55
1204,Deporte Max Studio 01204,Deporte,51.25,40
1205,Informatica Max Nova 01205,Informatica,84.02,103
1206,Electronica Eco Nova 01206,Electronica,38.62,98
1207,Electronica Home Air 01207,Electronica,14.48,105
1208,Deporte Core Studio 01208,Deporte,61.61,8
1209,Moda Eco Mini 01209,Moda,64.79,5
1210,Juguetes Studio Prime 01210,Juguetes,19.57,37
1211,Moda Plus Eco 01211,Moda,14.56,32
1212,Hogar Nova Mini 01212,Hogar,45.55,34
1213,Electronica Home Studio 01213,Electronica,43.41,41
1214,Informatica Studio Lite 01214,Informatica,108.26,37
1215,Informatica Max Air 01215,Informatica,2.50,110
1216,Hogar Prime Plus 01216,Hogar,13.64,25
1217,Hogar Eco Eco 01217,Hogar,21.22,32
1218,Moda Core Lite 01218,Moda,50.96,11
1219,Instrumentos musicales Nova Core 01219,Instrumentos musicales,14.51,29
1220,Informatica Lite Nova 01220,Informatica,85.40,43
1221,Informatica Plus Max 01221,Informatica,80.10,5
1222,Juguetes Home Home 01222,Juguetes,34.45,86
1223,Informatica Mini Prime 01223,Informatica,24.24,79
1224,Moda Smart Nova 01224,Moda,98.98,73
1225,Electronica Max Air 01225,Electronica,7.19,33
1226,Jardineria Lite Nova 01226,Jardineria,43.24,32
1227,Electronica Lite Lite 01227,Electronica,53.40,74
1228,Informatica Mini Mini 01228,Informatica,29.09,5
1229,Electronica Ultra Lite 01229,Electronica,88.04,19
1230,Hogar Max Smart 01230,Hogar,11.76,11
1231,Jardineria Mini Home 01231,Jardineria,73.65,23
1232,Deporte Nova Home 01232,Deporte,73.79,24
1233,Hogar Eco Ultra 01233,Hogar,27.11,43
1234,Hogar Studio Eco 01234,Hogar,8.71,18
1235,Libros Eco Eco 01235,Libros,69.45,99
1236,Informatica Home Air 01236,Informatica,77.91,24
1237,Hogar Mini Eco 01237,Hogar,87.75,37
1238,Hogar Smart Studio 01238,Hogar,26.12,25
1239,Deporte Lite Ultra 01239,Deporte,10.67,92
1240,Informatica Core Core 01240,Informatica,26.15,93
1241,Instrumentos musicales Eco Max 01241,Instrumentos musicales,6.35,47
1242,Jardineria Home Ultra 01242,Jardineria,9.43,36
1243,Libros Lite Core 01243,Libros,3.46,73
1244,Moda Air Max 01244,Moda,22.22,75
1245,Instrumentos musicales Plus Plus 01245,Instrumentos musicales,70.01,42
1246,Electronica Plus Air 01246,Electronica,32.30,12
1247,Juguetes Mini Smart 01247,Juguetes,12.70,25
1248,Moda Max Prime 01248,Moda,155.59,15
1249,Electronica Air Lite 01249,Electronica,28.91,48
1250,Moda Prime Eco 01250,Moda,13.03,45
1251,Electronica Home Pro 01251,Electronica,17.17,34
1252,Deporte Eco Air 01252,Deporte,105.94,41
1253,Electronica Core Studio 01253,Electronica,48.56,35
1254,Libros Pro Eco 01254,Libros,52.19,40
1255,Electronica Plus Air 01255,Electronica,11.74,27
1256,Juguetes Prime Home 01256,Juguetes,33.58,28
1257,Libros Ultra Air 01257,Libros,11.14,32
1258,Juguetes Ultra Air 01258,Juguetes,11.48,93
1259,Informatica Lite Max 01259,Informatica,45.65,33
1260,Jardineria Air Core 01260,Jardineria,19.02,7
1261,Deporte Core Max 01261,Deporte,16.74,97
1262,Moda Max Mini 01262,Moda,58.67,27
1263,Deporte Eco Studio 01263,Deporte,35.90,58
1264,Electronica Pro Smart 01264,Electronica,17.73,28
1265,Informatica Eco Smart 01265,Informatica,8.30,7
1266,Moda Nova Air 01266,Moda,30.30,11
1267,Hogar Pro Air 01267,Hogar,19.53,34
1268,Libros Air Lite 01268,Libros,20.28,17
1269,Deporte Lite Plus 01269,Deporte,12.96,75
1270,Moda Max Max 01270,Moda,30.04,76
1271,Informatica Core Prime 01271,Informatica,9.84,16
1272,Hogar Prime Studio 01272,Hogar,34.23,11
1273,Deporte Pro Pro 01273,Deporte,3.42,32
1274,Deporte Lite Pro 01274,Deporte,71.51,89
1275,Moda Core Studio 01275,Moda,50.91,35
1276,Electronica Ultra Max 01276,Electronica,67.66,67
1277,Moda Lite Nova 01277,Moda,127.23,8
1278,Moda Max Mini 01278,Moda,96.04,15
1279,Informatica Studio Plus 01279,Informatica,22.96,22
1280,Electronica Plus Lite 01280,Electronica,15.29,37
1281,Hogar Studio Max 01281,Hogar,18.50,43
1282,Electronica Ultra Mini 01282,Electronica,60.40,9
1283,Moda Air Smart 01283,Moda,13.34,46
1284,Libros Max Lite 01284,Libros,22.87,25
1285,Juguetes Lite Core 01285,Juguetes,19.34,86
1286,Moda Smart Mini 01286,Moda,38.04,45
1287,Hogar Smart Core 01287,Hogar,53.54,41
1288,Electronica Eco Core 01288,Electronica,31.65,55
1289,Moda Core Pro 01289,Moda,24.34,41
1290,Moda Max Core 01290,Moda,6.90,42
1291,Hogar Core Prime 01291,Hogar,283.29,46
1292,Moda Nova Eco 01292,Moda,7.82,37
1293,Jardineria Home Prime 01293,Jardineria,21.88,86
1294,Electronica Home Core 01294,Electronica,22.25,28
1295,Informatica Smart Nova 01295,Informatica,131.13,44
1296,Informatica Mini Smart 01296,Informatica,29.54,36
1297,Informatica Core Air 01297,Informatica,15.96,27
1298,Instrumentos musicales Max Prime 01298,Instrumentos musicales,54.41,108
1299,Deporte Plus Prime 01299,Deporte,46.68,26
1300,Libros Nova Home 01300,Libros,94.64,112
1301,Hogar Eco Home 01301,Hogar,7.28,14
1302,Informatica Core Studio 01302,Informatica,70.14,37
1303,Moda Eco Studio 01303,Moda,27.61,27
1304,Hogar Lite Lite 01304,Hogar,11.03,39
1305,Electronica Prime Nova 01305,Electronica,19.32,100
1306,Hogar Mini Lite 01306,Hogar,14.95,53
1307,Deporte Max Studio 01307,Deporte,109.76,28
1308,Hogar Core Max 01308,Hogar,29.09,18
1309,Electronica Prime Smart 01309,Electronica,26.83,89
1310,Moda Prime Mini 01310,Moda,18.10,22
1311,Electronica Studio Ultra 01311,Electronica,16.64,9
1312,Electronica Core Air 01312,Electronica,23.09,54
1313,Informatica Smart Smart 01313,Informatica,20.54,89
1314,Deporte Studio Nova 01314,Deporte,15.99,42
1315,Libros Ultra Core 01315,Libros,51.39,27
1316,Juguetes Air Smart 01316,Juguetes,19.94,8
1317,Electronica Studio Core 01317,Electronica,5.41,28
1318,Hogar Core Studio 01318,Hogar,9.44,112
1319,Informatica Prime Prime 01319,Informatica,17.54,39
1320,Deporte Mini Pro 01320,Deporte,23.79,21
1321,Juguetes Max Mini 01321,Juguetes,27.93,32
1322,Informatica Max Studio 01322,Informatica,18.35,34
1323,Informatica Home Mini 01323,Informatica,9.48,49
1324,Moda Home Mini 01324,Moda,49.38,13
1325,Hogar Nova Smart 01325,Hogar,26.24,19
1326,Moda Home Pro 01326,Moda,50.69,8
1327,Juguetes Pro Lite 01327,Juguetes,11.81,93
1328,Electronica Prime Eco 01328,Electronica,43.13,36
1329,Hogar Smart Home 01329,Hogar,23.99,27
1330,Electronica Pro Ultra 01330,Electronica,4.91,97
1331,Instrumentos musicales Studio Max 01331,Instrumentos musicales,19.50,29
1332,Electronica Plus Prime 01332,Electronica,49.30,33
1333,Informatica Ultra Prime 01333,Informatica,4.25,24
1334,Informatica Mini Pro 01334,Informatica,7.14,64
1335,Jardineria Lite Core 01335,Jardineria,37.84,11
1336,Electronica Air Mini 01336,Electronica,7.70,33
1337,Informatica Air Air 01337,Informatica,36.92,23
1338,Electronica Studio Max 01338,Electronica,28.31,76
1339,Moda Air Studio 01339,Moda,8.38,38
1340,Moda Studio Smart 01340,Moda,20.60,29
1341,Informatica Max Mini 01341,Informatica,5.53,13
1342,Hogar Nova Studio 01342,Hogar,21.09,22
1343,Jardineria Nova Air 01343,Jardineria,53.67,32
1344,Informatica Mini Lite 01344,Informatica,43.62,18
1345,Libros Home Nova 01345,Libros,30.92,36
1346,Hogar Plus Plus 01346,Hogar,57.75,101
1347,Libros Eco Ultra 01347,Libros,26.53,32
1348,Electronica Core Max 01348,Electronica,72.63,84
1349,Electronica Pro Nova 01349,Electronica,38.49,5
1350,Moda Plus Eco 01350,Moda,149.29,43
1351,Electronica Air Lite 01351,Electronica,2.65,24
1352,Hogar Home Prime 01352,Hogar,20.44,86
1353,Hogar Prime Smart 01353,Hogar,11.21,43
1354,Electronica Air Smart 01354,Electronica,152.24,14
1355,Deporte Eco Smart 01355,Deporte,78.79,41
1356,Informatica Max Plus 01356,Informatica,41.01,26
1357,Informatica Mini Smart 01357,Informatica,31.79,43
1358,Electronica Plus Core 01358,Electronica,16.57,33
1359,Hogar Ultra Core 01359,Hogar,24.42,75
1360,Hogar Studio Nova 01360,Hogar,38.58,57
1361,Hogar Studio Ultra 01361,Hogar,59.33,56
1362,Informatica Home Air 01362,Informatica,65.24,20
1363,Moda Air Lite 01363,Moda,51.87,54
1364,Deporte Core Pro 01364,Deporte,47.02,16
1365,Electronica Smart Smart 01365,Electronica,101.44,31
1366,Deporte Air Ultra 01366,Deporte,72.55,62
1367,Moda Core Plus 01367,Moda,13.34,27
1368,Hogar Eco Plus 01368,Hogar,8.65,46
1369,Informatica Lite Prime 01369,Informatica,40.72,42
1370,Juguetes Air Prime 01370,Juguetes,59.85,41
1371,Deporte Prime Mini 01371,Deporte,102.49,16
1372,Informatica Air Nova 01372,Informatica,10.75,107
1373,Informatica Studio Smart 01373,Informatica,12.93,59
1374,Jardineria Nova Eco 01374,Jardineria,17.07,8
1375,Informatica Lite Air 01375,Informatica,30.54,21
1376,Hogar Smart Air 01376,Hogar,28.92,70
1377,Informatica Plus Eco 01377,Informatica,109.84,45
1378,Electronica Nova Max 01378,Electronica,16.72,42
1379,Informatica Nova Eco 01379,Informatica,36.59,21
1380,Electronica Prime Plus 01380,Electronica,28.27,19
1381,Deporte Pro Smart 01381,Deporte,15.10,13
1382,Electronica Lite Eco 01382,Electronica,13.73,44
1383,Hogar Smart Eco 01383,Hogar,86.61,43
1384,Mascotas Air Plus 01384,Mascotas,44.59,35
1385,Juguetes Smart Air 01385,Juguetes,24.65,54
1386,Informatica Prime Home 01386,Informatica,14.92,83
1387,Informatica Lite Eco 01387,Informatica,9.10,41
1388,Juguetes Core Lite 01388,Juguetes,63.48,44
1389,Electronica Pro Mini 01389,Electronica,62.58,11
1390,Hogar Studio Eco 01390,Hogar,57.71,5
1391,Hogar Plus Air 01391,Hogar,45.71,24
1392,Instrumentos musicales Ultra Lite 01392,Instrumentos musicales,85.10,5
1393,Electronica Home Smart 01393,Electronica,31.04,33
1394,Libros Plus Eco 01394,Libros,7.75,79
1395,Hogar Pro Air 01395,Hogar,52.76,95
1396,Jardineria Mini Eco 01396,Jardineria,23.27,58
1397,Libros Plus Eco 01397,Libros,101.21,10
1398,Juguetes Home Studio 01398,Juguetes,61.35,9
1399,Electronica Mini Lite 01399,Electronica,102.13,32
1400,Hogar Air Plus 01400,Hogar,29.75,76
1401,Jardineria Eco Max 01401,Jardineria,27.52,11
1402,Instrumentos musicales Smart Max 01402,Instrumentos musicales,6.72,23
1403,Juguetes Plus Mini 01403,Juguetes,31.69,37
1404,Electronica Home Max 01404,Electronica,17.08,107
1405,Hogar Prime Mini 01405,Hogar,30.21,15
1406,Electronica Air Studio 01406,Electronica,5.85,34
1407,Moda Pro Max 01407,Moda,19.12,37
1408,Electronica Lite Mini 01408,Electronica,21.85,14
1409,Hogar Air Prime 01409,Hogar,10.32,41
1410,Moda Max Max 01410,Moda,21.00,20
1411,Juguetes Air Max 01411,Juguetes,41.18,28
1412,Informatica Core Prime 01412,Informatica,33.51,28
1413,Hogar Eco Smart 01413,Hogar,25.59,43
1414,Electronica Air Pro 01414,Electronica,21.51,65
1415,Electronica Eco Nova 01415,Electronica,49.88,24
1416,Libros Smart Pro 01416,Libros,20.48,106
1417,Deporte Lite Ultra 01417,Deporte,19.85,93
1418,Electronica Home Max 01418,Electronica,103.39,35
1419,Libros Home Nova 01419,Libros,24.52,10
1420,Moda Lite Ultra 01420,Moda,16.09,24
1421,Electronica Plus Mini 01421,Electronica,17.73,5
1422,Moda Studio Smart 01422,Moda,5.42,35
1423,Electronica Ultra Mini 01423,Electronica,22.17,18
1424,Deporte Mini Air 01424,Deporte,19.57,93
1425,Electronica Pro Nova 01425,Electronica,6.22,39
1426,Hogar Max Mini 01426,Hogar,30.00,27
1427,Informatica Lite Plus 01427,Informatica,86.72,41
1428,Electronica Core Max 01428,Electronica,31.70,26
1429,Moda Air Nova 01429,Moda,70.43,42
1430,Moda Plus Pro 01430,Moda,21.90,22
1431,Instrumentos musicales Prime Ultra 01431,Instrumentos musicales,5.10,35
1432,Informatica Air Home 01432,Informatica,32.72,105
1433,Libros Lite Nova 01433,Libros,22.70,17
1434,Juguetes Plus Plus 01434,Juguetes,37.32,59
1435,Informatica Ultra Prime 01435,Informatica,8.87,12
1436,Libros Studio Max 01436,Libros,101.26,71
1437,Hogar Home Prime 01437,Hogar,16.87,88
1438,Electronica Ultra Core 01438,Electronica,61.71,5
1439,Informatica Air Pro 01439,Informatica,25.60,29
1440,Instrumentos musicales Home Studio 01440,Instrumentos musicales,7.46,38
1441,Informatica Smart Plus 01441,Informatica,24.30,19
1442,Informatica Max Ultra 01442,Informatica,16.39,25
1443,Electronica Lite Eco 01443,Electronica,10.01,30
1444,Hogar Eco Lite 01444,Hogar,9.90,47
1445,Libros Max Air 01445,Libros,31.91,103
1446,Electronica Mini Plus 01446,Electronica,71.27,91
1447,Moda Max Air 01447,Moda,5.13,33
1448,Moda Pro Lite 01448,Moda,143.56,35
1449,Moda Eco Eco 01449,Moda,67.08,54
1450,Electronica Home Max 01450,Electronica,9.81,21
1451,Deporte Max Eco 01451,Deporte,130.90,17
1452,Instrumentos musicales Max Eco 01452,Instrumentos musicales,24.28,47
1453,Electronica Home Plus 01453,Electronica,7.48,14
1454,Informatica Studio Lite 01454,Informatica,45.98,14
1455,Juguetes Plus Eco 01455,Juguetes,2.50,6
1456,Electronica Max Studio 01456,Electronica,15.16,16
1457,Electronica Studio Prime 01457,Electronica,13.90,80
1458,Moda Lite Nova 01458,Moda,27.81,40
1459,Informatica Prime Max 01459,Informatica,19.98,33
1460,Moda Eco Home 01460,Moda,38.07,14
1461,Electronica Pro Home 01461,Electronica,10.12,49
1462,Informatica Plus Home 01462,Informatica,166.88,60
1463,Libros Mini Home 01463,Libros,23.06,41
1464,Hogar Pro Mini 01464,Hogar,44.72,23
1465,Electronica Nova Nova 01465,Electronica,70.19,28
1466,Instrumentos musicales Home Studio 01466,Instrumentos musicales,98.20,35
1467,Moda Ultra Lite 01467,Moda,6.19,10
1468,Electronica Lite Mini 01468,Electronica,36.68,12
1469,Hogar Max Mini 01469,Hogar,31.69,85
1470,Libros Prime Studio 01470,Libros,36.91,8
1471,Libros Home Lite 01471,Libros,29.98,35
1472,Hogar Eco Plus 01472,Hogar,72.58,67
1473,Hogar Smart Pro 01473,Hogar,42.52,107
1474,Informatica Studio Max 01474,Informatica,15.51,18
1475,Hogar Eco Studio 01475,Hogar,121.38,113
1476,Deporte Studio Lite 01476,Deporte,68.63,7
1477,Hogar Air Mini 01477,Hogar,29.56,17
1478,Electronica Ultra Pro 01478,Electronica,20.69,80
1479,Juguetes Mini Home 01479,Juguetes,30.80,21
1480,Informatica Home Eco 01480,Informatica,23.84,18
1481,Electronica Prime Air 01481,Electronica,4.06,26
1482,Deporte Mini Core 01482,Deporte,35.63,23
1483,Informatica Prime Lite 01483,Informatica,44.57,19
1484,Hogar Prime Max 01484,Hogar,11.63,34
1485,Instrumentos musicales Nova Prime 01485,Instrumentos musicales,20.77,77
1486,Informatica Core Max 01486,Informatica,2.50,26
1487,Electronica Prime Lite 01487,Electronica,73.69,84
1488,Hogar Pro Lite 01488,Hogar,26.61,93
1489,Informatica Mini Nova 01489,Informatica,12.92,22
1490,Informatica Plus Core 01490,Informatica,15.44,58
1491,Deporte Plus Mini 01491,Deporte,13.25,37
1492,Deporte Studio Smart 01492,Deporte,69.80,37
1493,Informatica Max Nova 01493,Informatica,52.73,36
1494,Juguetes Core Lite 01494,Juguetes,23.02,32
1495,Hogar Max Pro 01495,Hogar,30.94,62
1496,Electronica Pro Eco 01496,Electronica,12.08,44
1497,Informatica Ultra Max 01497,Informatica,43.45,11
1498,Electronica Lite Smart 01498,Electronica,180.43,36
1499,Deporte Home Air 01499,Deporte,3.41,28
1500,Electronica Mini Mini 01500,Electronica,20.73,93
1501,Instrumentos musicales Pro Smart 01501,Instrumentos musicales,56.47,35
1502,Moda Core Studio 01502,Moda,28.98,78
1503,Electronica Prime Plus 01503,Electronica,11.73,27
1504,Informatica Mini Home 01504,Informatica,39.21,38
1505,Hogar Smart Plus 01505,Hogar,33.94,98
1506,Moda Nova Max 01506,Moda,34.06,43
1507,Hogar Lite Eco 01507,Hogar,21.29,45
1508,Hogar Plus Ultra 01508,Hogar,10.05,32
1509,Informatica Plus Home 01509,Informatica,65.51,43
1510,Mascotas Smart Plus 01510,Mascotas,83.49,54
1511,Moda Ultra Smart 01511,Moda,34.35,32
1512,Juguetes Nova Ultra 01512,Juguetes,40.00,33
1513,Moda Plus Mini 01513,Moda,56.12,33
1514,Informatica Air Nova 01514,Informatica,28.63,8
1515,Electronica Home Ultra 01515,Electronica,68.55,19
1516,Informatica Ultra Smart 01516,Informatica,19.85,89
1517,Electronica Home Home 01517,Electronica,12.95,34
1518,Mascotas Eco Home 01518,Mascotas,28.16,85
1519,Electronica Smart Eco 01519,Electronica,13.12,21
1520,Informatica Plus Max 01520,Informatica,6.68,34
1521,Libros Prime Lite 01521,Libros,10.14,7
1522,Jardineria Prime Plus 01522,Jardineria,25.04,95
1523,Libros Plus Max 01523,Libros,22.79,5
1524,Electronica Studio Max 01524,Electronica,16.53,33
1525,Deporte Studio Ultra 01525,Deporte,37.56,83
1526,Moda Mini Air 01526,Moda,10.16,14
1527,Informatica Pro Home 01527,Informatica,9.36,71
1528,Hogar Smart Eco 01528,Hogar,25.92,44
1529,Jardineria Mini Home 01529,Jardineria,10.86,14
1530,Jardineria Mini Lite 01530,Jardineria,178.51,33
1531,Moda Lite Pro 01531,Moda,99.75,45
1532,Electronica Pro Plus 01532,Electronica,24.83,38
1533,Instrumentos musicales Smart Lite 01533,Instrumentos musicales,15.26,108
1534,Electronica Nova Home 01534,Electronica,84.04,42
1535,Jardineria Plus Home 01535,Jardineria,13.50,54
1536,Electronica Core Plus 01536,Electronica,34.36,23
1537,Deporte Nova Lite 01537,Deporte,16.87,37
1538,Libros Smart Ultra 01538,Libros,81.41,72
1539,Juguetes Ultra Core 01539,Juguetes,10.92,82
1540,Moda Plus Nova 01540,Moda,60.76,115
1541,Moda Ultra Home 01541,Moda,125.31,111
1542,Instrumentos musicales Max Pro 01542,Instrumentos musicales,18.35,13
1543,Informatica Pro Home 01543,Informatica,6.40,46
1544,Libros Max Nova 01544,Libros,23.10,33
1545,Electronica Ultra Nova 01545,Electronica,26.49,5
1546,Deporte Prime Core 01546,Deporte,35.85,39
1547,Informatica Mini Plus 01547,Informatica,3.67,5
1548,Electronica Max Home 01548,Electronica,364.39,110
1549,Juguetes Prime Max 01549,Juguetes,39.55,48
1550,Informatica Mini Eco 01550,Informatica,62.02,98
1551,Electronica Studio Lite 01551,Electronica,27.82,11
1552,Electronica Nova Ultra 01552,Electronica,16.80,22
1553,Electronica Studio Plus 01553,Electronica,86.53,34
1554,Deporte Lite Nova 01554,Deporte,169.06,15
1555,Libros Eco Home 01555,Libros,65.66,61
1556,Informatica Lite Home 01556,Informatica,25.26,86
1557,Juguetes Lite Plus 01557,Juguetes,46.45,6
1558,Informatica Smart Lite 01558,Informatica,19.19,36
1559,Juguetes Ultra Prime 01559,Juguetes,10.91,42
1560,Informatica Pro Nova 01560,Informatica,29.16,20
1561,Electronica Air Smart 01561,Electronica,12.95,34
1562,Informatica Pro Max 01562,Informatica,28.65,110
1563,Moda Air Pro 01563,Moda,35.74,26
1564,Instrumentos musicales Prime Prime 01564,Instrumentos musicales,14.03,24
1565,Libros Max Prime 01565,Libros,38.75,27
1566,Juguetes Home Studio 01566,Juguetes,59.37,30
1567,Deporte Smart Air 01567,Deporte,29.26,45
1568,Moda Lite Studio 01568,Moda,31.75,13
1569,Moda Mini Air 01569,Moda,52.71,39
1570,Hogar Core Prime 01570,Hogar,45.89,17
1571,Hogar Max Ultra 01571,Hogar,34.07,13
1572,Libros Ultra Pro 01572,Libros,30.15,32
1573,Moda Home Mini 01573,Moda,20.35,100
1574,Moda Ultra Studio 01574,Moda,70.85,98
1575,Deporte Pro Smart 01575,Deporte,172.52,21
1576,Electronica Studio Prime 01576,Electronica,13.61,78
1577,Informatica Lite Lite 01577,Informatica,13.95,44
1578,Informatica Lite Pro 01578,Informatica,16.69,12
1579,Instrumentos musicales Pro Core 01579,Instrumentos musicales,22.07,42
1580,Libros Prime Core 01580,Libros,6.15,16
1581,Juguetes Mini Plus 01581,Juguetes,41.19,32
1582,Libros Mini Nova 01582,Libros,52.75,18
1583,Electronica Mini Plus 01583,Electronica,3.99,28
1584,Electronica Plus Smart 01584,Electronica,19.54,16
1585,Moda Prime Ultra 01585,Moda,13.64,8
1586,Informatica Smart Air 01586,Informatica,19.62,30
1587,Electronica Ultra Prime 01587,Electronica,39.82,29
1588,Electronica Smart Lite 01588,Electronica,22.57,20
1589,Libros Prime Nova 01589,Libros,33.90,24
1590,Electronica Nova Mini 01590,Electronica,21.50,20
1591,Hogar Nova Lite 01591,Hogar,54.04,22
1592,Deporte Home Ultra 01592,Deporte,9.67,81
1593,Instrumentos musicales Smart Max 01593,Instrumentos musicales,152.72,26
1594,Mascotas Nova Core 01594,Mascotas,34.94,15
1595,Deporte Studio Max 01595,Deporte,17.39,37
1596,Hogar Air Air 01596,Hogar,20.26,36
1597,Hogar Smart Prime 01597,Hogar,18.29,30
1598,Hogar Lite Lite 01598,Hogar,93.50,89
1599,Hogar Pro Eco 01599,Hogar,29.42,10
1600,Hogar Mini Studio 01600,Hogar,15.77,35
1601,Moda Mini Studio 01601,Moda,21.22,38
1602,Electronica Max Mini 01602,Electronica,30.93,20
1603,Deporte Eco Home 01603,Deporte,13.49,99
1604,Juguetes Nova Home 01604,Juguetes,19.49,82
1605,Moda Prime Mini 01605,Moda,112.42,9
1606,Informatica Pro Smart 01606,Informatica,17.91,86
1607,Hogar Plus Smart 01607,Hogar,19.70,76
1608,Hogar Max Eco 01608,Hogar,8.10,63
1609,Jardineria Pro Plus 01609,Jardineria,49.53,80
1610,Electronica Air Ultra 01610,Electronica,47.82,21
1611,Informatica Smart Max 01611,Informatica,2.86,11
1612,Hogar Nova Nova 01612,Hogar,15.89,23
1613,Moda Home Max 01613,Moda,23.52,19
1614,Electronica Prime Nova 01614,Electronica,12.84,13
1615,Electronica Smart Ultra 01615,Electronica,321.43,37
1616,Electronica Max Lite 01616,Electronica,36.13,38
1617,Mascotas Lite Smart 01617,Mascotas,32.00,30
1618,Libros Max Studio 01618,Libros,26.02,15
1619,Juguetes Pro Nova 01619,Juguetes,8.14,35
1620,Juguetes Studio Studio 01620,Juguetes,15.54,45
1621,Jardineria Smart Nova 01621,Jardineria,27.90,54
1622,Hogar Eco Pro 01622,Hogar,18.11,110
1623,Electronica Smart Prime 01623,Electronica,48.88,91
1624,Electronica Eco Lite 01624,Electronica,159.56,27
1625,Informatica Nova Lite 01625,Informatica,17.59,38
1626,Deporte Air Mini 01626,Deporte,29.55,36
1627,Electronica Prime Ultra 01627,Electronica,55.33,24
1628,Moda Prime Pro 01628,Moda,31.40,26
1629,Moda Studio Home 01629,Moda,21.70,37
1630,Hogar Pro Eco 01630,Hogar,21.88,19
1631,Electronica Home Plus 01631,Electronica,14.23,38
1632,Libros Ultra Air 01632,Libros,34.88,36
1633,Deporte Max Core 01633,Deporte,10.11,39
1634,Moda Home Plus 01634,Moda,43.52,14
1635,Electronica Ultra Air 01635,Electronica,7.57,50
1636,Libros Core Air 01636,Libros,38.12,12
1637,Informatica Home Mini 01637,Informatica,22.57,45
1638,Juguetes Lite Studio 01638,Juguetes,3.88,5
1639,Moda Mini Home 01639,Moda,27.03,50
1640,Jardineria Core Smart 01640,Jardineria,19.72,30
1641,Hogar Air Smart 01641,Hogar,45.73,24
1642,Informatica Pro Prime 01642,Informatica,12.89,37
1643,Electronica Prime Eco 01643,Electronica,30.89,46
1644,Juguetes Ultra Max 01644,Juguetes,10.05,24
1645,Deporte Prime Nova 01645,Deporte,6.67,39
1646,Deporte Studio Air 01646,Deporte,29.73,41
1647,Deporte Core Home 01647,Deporte,51.33,28
1648,Electronica Nova Home 01648,Electronica,18.09,96
1649,Moda Pro Mini 01649,Moda,6.89,45
1650,Libros Core Eco 01650,Libros,2.50,35
1651,Libros Plus Nova 01651,Libros,43.90,10
1652,Moda Smart Prime 01652,Moda,40.69,34
1653,Jardineria Ultra Plus 01653,Jardineria,10.00,28
1654,Moda Mini Plus 01654,Moda,56.44,43
1655,Informatica Studio Nova 01655,Informatica,37.38,13
1656,Deporte Nova Studio 01656,Deporte,8.77,17
1657,Moda Home Max 01657,Moda,17.04,5
1658,Libros Studio Plus 01658,Libros,4.88,28
1659,Electronica Studio Core 01659,Electronica,98.67,44
1660,Juguetes Core Prime 01660,Juguetes,60.04,36
1661,Deporte Mini Max 01661,Deporte,40.53,5
1662,Hogar Max Air 01662,Hogar,40.80,27
1663,Informatica Home Eco 01663,Informatica,20.93,61
1664,Libros Eco Core 01664,Libros,31.05,30
1665,Juguetes Ultra Pro 01665,Juguetes,23.78,36
1666,Informatica Air Ultra 01666,Informatica,39.55,36
1667,Instrumentos musicales Home Mini 01667,Instrumentos musicales,22.59,23
1668,Electronica Eco Smart 01668,Electronica,18.31,46
1669,Hogar Studio Eco 01669,Hogar,193.38,28
1670,Electronica Studio Smart 01670,Electronica,79.27,64
1671,Deporte Home Studio 01671,Deporte,29.70,38
1672,Deporte Ultra Core 01672,Deporte,8.87,23
1673,Informatica Prime Pro 01673,Informatica,46.38,41
1674,Hogar Ultra Lite 01674,Hogar,64.35,8
1675,Moda Lite Eco 01675,Moda,48.13,64
1676,Moda Eco Core 01676,Moda,14.92,28
1677,Libros Plus Eco 01677,Libros,11.96,93
1678,Informatica Ultra Studio 01678,Informatica,39.36,44
1679,Hogar Mini Smart 01679,Hogar,64.66,91
1680,Instrumentos musicales Pro Smart 01680,Instrumentos musicales,36.26,95
1681,Deporte Nova Max 01681,Deporte,3.79,13
1682,Informatica Prime Max 01682,Informatica,26.01,11
1683,Electronica Ultra Studio 01683,Electronica,26.13,42
1684,Deporte Nova Plus 01684,Deporte,13.78,8
1685,Deporte Home Nova 01685,Deporte,16.97,5
1686,Juguetes Pro Max 01686,Juguetes,19.07,19
1687,Jardineria Home Pro 01687,Jardineria,50.52,22
1688,Juguetes Core Prime 01688,Juguetes,32.06,7
1689,Libros Studio Core 01689,Libros,23.62,25
1690,Juguetes Core Air 01690,Juguetes,11.38,25
1691,Electronica Eco Ultra 01691,Electronica,49.69,10
1692,Informatica Eco Ultra 01692,Informatica,22.31,35
1693,Informatica Air Max 01693,Informatica,34.58,34
1694,Informatica Nova Nova 01694,Informatica,32.11,18
1695,Electronica Ultra Core 01695,Electronica,12.76,45
1696,Deporte Home Pro 01696,Deporte,58.38,50
1697,Electronica Home Plus 01697,Electronica,76.36,75
1698,Informatica Lite Nova 01698,Informatica,149.10,60
1699,Hogar Eco Plus 01699,Hogar,16.51,45
1700,Instrumentos musicales Air Prime 01700,Instrumentos musicales,14.03,36
1701,Informatica Core Ultra 01701,Informatica,44.51,21
1702,Informatica Prime Ultra 01702,Informatica,87.60,39
1703,Electronica Prime Mini 01703,Electronica,14.01,96
1704,Libros Smart Prime 01704,Libros,46.48,14
1705,Hogar Prime Smart 01705,Hogar,18.83,24
1706,Moda Smart Max 01706,Moda,22.14,16
1707,Electronica Eco Air 01707,Electronica,61.18,48
1708,Moda Ultra Core 01708,Moda,25.82,15
1709,Moda Mini Smart 01709,Moda,29.78,63
1710,Deporte Pro Mini 01710,Deporte,20.10,42
1711,Deporte Nova Nova 01711,Deporte,34.58,43
1712,Electronica Mini Ultra 01712,Electronica,24.27,49
1713,Hogar Prime Plus 01713,Hogar,20.83,26
1714,Electronica Smart Nova 01714,Electronica,59.20,27
1715,Hogar Lite Eco 01715,Hogar,46.16,26
1716,Instrumentos musicales Mini Ultra 01716,Instrumentos musicales,11.20,31
1717,Moda Prime Nova 01717,Moda,59.09,35
1718,Hogar Studio Lite 01718,Hogar,117.55,21
1719,Electronica Studio Plus 01719,Electronica,21.92,52
1720,Juguetes Prime Core 01720,Juguetes,330.55,22
1721,Informatica Max Mini 01721,Informatica,82.56,38
1722,Electronica Studio Air 01722,Electronica,34.12,112
1723,Informatica Nova Home 01723,Informatica,38.06,34
1724,Informatica Max Studio 01724,Informatica,35.12,94
1725,Jardineria Mini Home 01725,Jardineria,44.50,33
1726,Electronica Home Lite 01726,Electronica,28.61,53
1727,Informatica Plus Plus 01727,Informatica,35.35,14
1728,Electronica Ultra Nova 01728,Electronica,23.00,31
1729,Informatica Air Plus 01729,Informatica,10.00,15
1730,Libros Eco Plus 01730,Libros,27.16,71
1731,Moda Pro Pro 01731,Moda,40.65,49
1732,Hogar Smart Pro 01732,Hogar,25.83,23
1733,Juguetes Pro Prime 01733,Juguetes,8.15,70
1734,Deporte Max Prime 01734,Deporte,44.02,24
1735,Hogar Home Ultra 01735,Hogar,17.21,46
1736,Hogar Air Studio 01736,Hogar,16.49,53
1737,Electronica Eco Smart 01737,Electronica,45.15,35
1738,Juguetes Lite Air 01738,Juguetes,74.69,23
1739,Hogar Lite Lite 01739,Hogar,100.76,28
1740,Deporte Mini Plus 01740,Deporte,12.72,49
1741,Libros Smart Eco 01741,Libros,16.90,31
1742,Hogar Max Studio 01742,Hogar,110.42,53
1743,Informatica Air Eco 01743,Informatica,14.81,113
1744,Informatica Core Pro 01744,Informatica,12.33,48
1745,Electronica Core Mini 01745,Electronica,16.42,34
1746,Moda Eco Studio 01746,Moda,16.15,18
1747,Jardineria Nova Air 01747,Jardineria,42.14,26
1748,Hogar Ultra Home 01748,Hogar,45.88,40
1749,Informatica Air Studio 01749,Informatica,18.37,11
1750,Libros Smart Max 01750,Libros,60.86,39
1751,Libros Max Lite 01751,Libros,77.24,102
1752,Moda Studio Core 01752,Moda,44.62,106
1753,Informatica Studio Core 01753,Informatica,60.40,35
1754,Moda Pro Air 01754,Moda,13.32,87
1755,Moda Mini Core 01755,Moda,67.87,26
1756,Moda Prime Max 01756,Moda,16.03,24
1757,Moda Nova Studio 01757,Moda,192.59,19
1758,Hogar Home Max 01758,Hogar,26.09,29
1759,Juguetes Nova Eco 01759,Juguetes,15.45,24
1760,Mascotas Ultra Pro 01760,Mascotas,19.12,33
1761,Hogar Studio Prime 01761,Hogar,29.69,37
1762,Libros Eco Pro 01762,Libros,4.13,68
1763,Deporte Ultra Prime 01763,Deporte,7.32,13
1764,Electronica Ultra Prime 01764,Electronica,43.35,46
1765,Jardineria Pro Nova 01765,Jardineria,14.61,21
1766,Juguetes Prime Core 01766,Juguetes,106.08,15
1767,Moda Air Air 01767,Moda,41.59,35
1768,Electronica Pro Studio 01768,Electronica,23.99,41
1769,Informatica Air Air 01769,Informatica,114.28,32
1770,Informatica Home Studio 01770,Informatica,16.07,41
1771,Informatica Mini Max 01771,Informatica,30.12,45
1772,Moda Home Lite 01772,Moda,17.05,50
1773,Hogar Home Eco 01773,Hogar,36.48,30
1774,Informatica Air Nova 01774,Informatica,8.86,43
1775,Libros Mini Plus 01775,Libros,50.59,21
1776,Electronica Max Eco 01776,Electronica,14.88,21
1777,Deporte Air Studio 01777,Deporte,6.59,30
1778,Informatica Mini Air 01778,Informatica,33.37,47
1779,Electronica Lite Eco 01779,Electronica,102.22,46
1780,Jardineria Air Studio 01780,Jardineria,14.49,11
1781,Electronica Mini Plus 01781,Electronica,16.01,113
1782,Moda Pro Prime 01782,Moda,148.77,107
1783,Electronica Nova Ultra 01783,Electronica,20.60,16
1784,Electronica Core Studio 01784,Electronica,20.82,28
1785,Juguetes Smart Max 01785,Juguetes,112.81,22
1786,Informatica Prime Pro 01786,Informatica,17.09,37
1787,Informatica Air Ultra 01787,Informatica,5.30,21
1788,Juguetes Pro Prime 01788,Juguetes,24.83,14
1789,Instrumentos musicales Ultra Mini 01789,Instrumentos musicales,46.16,21
1790,Informatica Core Eco 01790,Informatica,13.28,100
1791,Electronica Eco Studio 01791,Electronica,57.08,93
1792,Jardineria Eco Max 01792,Jardineria,16.44,76
1793,Moda Pro Ultra 01793,Moda,25.45,32
1794,Juguetes Smart Ultra 01794,Juguetes,59.84,30
1795,Hogar Studio Max 01795,Hogar,37.07,96
1796,Informatica Studio Prime 01796,Informatica,22.90,35
1797,Deporte Home Ultra 01797,Deporte,63.75,57
1798,Deporte Pro Pro 01798,Deporte,17.59,61
1799,Libros Studio Lite 01799,Libros,26.44,43
1800,Libros Prime Mini 01800,Libros,21.42,46
1801,Moda Plus Max 01801,Moda,16.27,47
1802,Informatica Lite Core 01802,Informatica,38.24,86
1803,Informatica Plus Nova 01803,Informatica,83.49,35
1804,Electronica Eco Plus 01804,Electronica,24.95,33
1805,Moda Prime Mini 01805,Moda,38.75,27
1806,Moda Core Home 01806,Moda,40.64,43
1807,Electronica Core Eco 01807,Electronica,72.03,7
1808,Informatica Eco Lite 01808,Informatica,11.89,31
1809,Electronica Ultra Studio 01809,Electronica,6.27,45
1810,Moda Mini Studio 01810,Moda,30.56,34
1811,Libros Core Lite 01811,Libros,25.10,39
1812,Electronica Plus Lite 01812,Electronica,26.83,36
1813,Deporte Core Eco 01813,Deporte,40.12,43
1814,Informatica Lite Pro 01814,Informatica,44.91,63
1815,Mascotas Air Eco 01815,Mascotas,42.53,100
1816,Informatica Max Prime 01816,Informatica,22.94,16
1817,Instrumentos musicales Mini Smart 01817,Instrumentos musicales,19.64,100
1818,Juguetes Air Mini 01818,Juguetes,113.83,27
1819,Deporte Lite Studio 01819,Deporte,15.33,42
1820,Electronica Core Pro 01820,Electronica,39.65,45
1821,Electronica Max Pro 01821,Electronica,122.06,103
1822,Informatica Plus Smart 01822,Informatica,245.09,27
1823,Libros Studio Home 01823,Libros,28.92,95
1824,Libros Air Nova 01824,Libros,61.59,27
1825,Informatica Smart Mini 01825,Informatica,24.87,50
1826,Informatica Smart Studio 01826,Informatica,16.81,16
1827,Moda Pro Studio 01827,Moda,54.57,70
1828,Hogar Max Pro 01828,Hogar,54.25,64
1829,Juguetes Smart Smart 01829,Juguetes,10.39,55
1830,Moda Nova Lite 01830,Moda,13.40,41
1831,Libros Max Air 01831,Libros,29.06,114
1832,Electronica Plus Home 01832,Electronica,33.19,34
1833,Deporte Smart Mini 01833,Deporte,26.64,57
1834,Electronica Smart Pro 01834,Electronica,25.86,53
1835,Electronica Pro Home 01835,Electronica,7.55,23
1836,Libros Nova Smart 01836,Libros,11.54,50
1837,Hogar Core Mini 01837,Hogar,41.77,35
1838,Hogar Eco Nova 01838,Hogar,8.72,52
1839,Electronica Lite Mini 01839,Electronica,64.22,43
1840,Electronica Max Mini 01840,Electronica,22.33,32
1841,Deporte Pro Lite 01841,Deporte,72.29,30
1842,Instrumentos musicales Air Studio 01842,Instrumentos musicales,28.08,38
1843,Informatica Prime Pro 01843,Informatica,30.38,45
1844,Informatica Core Nova 01844,Informatica,52.03,26
1845,Electronica Home Max 01845,Electronica,15.03,18
1846,Jardineria Pro Mini 01846,Jardineria,16.86,28
1847,Electronica Home Prime 01847,Electronica,16.98,91
1848,Electronica Max Mini 01848,Electronica,25.79,14
1849,Electronica Pro Plus 01849,Electronica,38.72,12
1850,Electronica Nova Ultra 01850,Electronica,20.02,49
1851,Informatica Smart Home 01851,Informatica,21.31,40
1852,Hogar Prime Studio 01852,Hogar,67.46,20
1853,Electronica Air Lite 01853,Electronica,60.18,31
1854,Informatica Lite Max 01854,Informatica,118.86,25
1855,Moda Smart Lite 01855,Moda,25.73,41
1856,Electronica Pro Air 01856,Electronica,24.10,32
1857,Electronica Mini Lite 01857,Electronica,64.74,18
1858,Electronica Ultra Eco 01858,Electronica,52.17,58
1859,Libros Mini Home 01859,Libros,24.50,38
1860,Informatica Mini Ultra 01860,Informatica,24.04,89
1861,Informatica Prime Prime 01861,Informatica,41.02,12
1862,Informatica Pro Air 01862,Informatica,39.90,25
1863,Informatica Eco Mini 01863,Informatica,27.57,83
1864,Electronica Mini Nova 01864,Electronica,62.78,84
1865,Electronica Air Ultra 01865,Electronica,67.16,30
1866,Electronica Eco Studio 01866,Electronica,64.29,45
1867,Informatica Lite Home 01867,Informatica,58.51,23
1868,Moda Max Air 01868,Moda,21.88,39
1869,Deporte Pro Smart 01869,Deporte,22.33,23
1870,Deporte Studio Air 01870,Deporte,8.58,32
1871,Juguetes Prime Air 01871,Juguetes,50.01,31
1872,Moda Studio Eco 01872,Moda,20.31,19
1873,Moda Pro Prime 01873,Moda,47.14,12
1874,Electronica Smart Home 01874,Electronica,66.57,26
1875,Electronica Smart Nova 01875,Electronica,13.31,43
1876,Informatica Max Core 01876,Informatica,5.98,38
1877,Informatica Lite Ultra 01877,Informatica,8.19,112
1878,Deporte Max Prime 01878,Deporte,14.61,31
1879,Informatica Pro Home 01879,Informatica,101.30,108
1880,Electronica Eco Ultra 01880,Electronica,53.21,45
1881,Mascotas Smart Prime 01881,Mascotas,73.00,5
1882,Moda Lite Plus 01882,Moda,13.32,100
1883,Hogar Home Prime 01883,Hogar,59.88,46
1884,Electronica Mini Prime 01884,Electronica,21.52,32
1885,Electronica Smart Mini 01885,Electronica,11.05,28
1886,Electronica Core Mini 01886,Electronica,22.66,47
1887,Informatica Ultra Mini 01887,Informatica,3.94,77
1888,Hogar Nova Max 01888,Hogar,147.27,79
1889,Deporte Mini Mini 01889,Deporte,14.15,33
1890,Hogar Pro Ultra 01890,Hogar,12.94,32
1891,Hogar Mini Smart 01891,Hogar,10.29,87
1892,Electronica Eco Eco 01892,Electronica,46.64,20
1893,Deporte Eco Ultra 01893,Deporte,37.33,56
1894,Electronica Max Home 01894,Electronica,30.02,16
1895,Informatica Pro Smart 01895,Informatica,10.01,17
1896,Jardineria Prime Nova 01896,Jardineria,52.33,43
1897,Libros Eco Smart 01897,Libros,23.61,87
1898,Juguetes Studio Ultra 01898,Juguetes,31.91,39
1899,Informatica Core Max 01899,Informatica,78.03,32
1900,Electronica Plus Nova 01900,Electronica,7.49,31
1901,Juguetes Lite Eco 01901,Juguetes,39.82,44
1902,Instrumentos musicales Smart Smart 01902,Instrumentos musicales,25.43,45
1903,Deporte Nova Nova 01903,Deporte,17.17,24
1904,Hogar Max Core 01904,Hogar,16.78,5
1905,Libros Eco Pro 01905,Libros,109.40,5
1906,Electronica Air Pro 01906,Electronica,32.89,16
1907,Electronica Lite Lite 01907,Electronica,29.71,19
1908,Moda Air Plus 01908,Moda,143.63,45
1909,Hogar Nova Pro 01909,Hogar,34.53,19
1910,Informatica Prime Prime 01910,Informatica,22.96,14
1911,Deporte Nova Home 01911,Deporte,44.79,13
1912,Juguetes Pro Max 01912,Juguetes,45.80,45
1913,Moda Air Prime 01913,Moda,4.60,26
1914,Hogar Pro Smart 01914,Hogar,46.13,85
1915,Hogar Smart Home 01915,Hogar,201.42,62
1916,Informatica Eco Home 01916,Informatica,24.76,40
1917,Moda Prime Studio 01917,Moda,38.64,37
1918,Hogar Studio Lite 01918,Hogar,46.83,38
1919,Electronica Prime Smart 01919,Electronica,15.17,27
1920,Hogar Nova Mini 01920,Hogar,35.78,22
1921,Electronica Plus Nova 01921,Electronica,12.29,35
1922,Informatica Core Home 01922,Informatica,77.92,105
1923,Informatica Home Ultra 01923,Informatica,11.56,5
1924,Libros Plus Plus 01924,Libros,61.98,7
1925,Libros Nova Plus 01925,Libros,22.60,28
1926,Instrumentos musicales Nova Max 01926,Instrumentos musicales,32.14,31
1927,Electronica Plus Core 01927,Electronica,16.31,109
1928,Libros Studio Mini 01928,Libros,14.58,13
1929,Electronica Air Plus 01929,Electronica,5.92,26
1930,Mascotas Pro Smart 01930,Mascotas,12.87,48
1931,Hogar Eco Lite 01931,Hogar,10.09,31
1932,Informatica Smart Pro 01932,Informatica,8.62,18
1933,Libros Plus Air 01933,Libros,22.17,19
1934,Electronica Core Prime 01934,Electronica,41.37,14
1935,Electronica Prime Air 01935,Electronica,14.17,31
1936,Electronica Plus Core 01936,Electronica,17.62,38
1937,Libros Core Core 01937,Libros,96.55,42
1938,Hogar Pro Lite 01938,Hogar,9.00,27
1939,Electronica Prime Smart 01939,Electronica,20.00,18
1940,Hogar Mini Pro 01940,Hogar,39.27,63
1941,Electronica Plus Lite 01941,Electronica,31.80,38
1942,Deporte Ultra Nova 01942,Deporte,43.53,19
1943,Informatica Prime Max 01943,Informatica,40.50,19
1944,Informatica Core Home 01944,Informatica,17.51,103
1945,Informatica Air Air 01945,Informatica,13.79,24
1946,Libros Core Eco 01946,Libros,15.03,111
1947,Juguetes Nova Home 01947,Juguetes,13.02,68
1948,Instrumentos musicales Lite Mini 01948,Instrumentos musicales,28.08,33
1949,Moda Plus Max 01949,Moda,114.55,29
1950,Electronica Plus Plus 01950,Electronica,66.09,39
1951,Informatica Lite Smart 01951,Informatica,40.38,36
1952,Electronica Prime Lite 01952,Electronica,97.84,27
1953,Libros Ultra Ultra 01953,Libros,4.28,45
1954,Libros Smart Mini 01954,Libros,54.81,76
1955,Hogar Studio Prime 01955,Hogar,31.22,28
1956,Electronica Nova Studio 01956,Electronica,88.77,30
1957,Electronica Home Core 01957,Electronica,16.97,16
1958,Informatica Max Ultra 01958,Informatica,51.81,6
1959,Libros Studio Eco 01959,Libros,24.76,28
1960,Instrumentos musicales Air Ultra 01960,Instrumentos musicales,9.86,52
1961,Informatica Air Max 01961,Informatica,97.96,42
1962,Electronica Plus Eco 01962,Electronica,164.87,27
1963,Instrumentos musicales Core Core 01963,Instrumentos musicales,96.17,5
1964,Libros Prime Smart 01964,Libros,61.35,40
1965,Hogar Pro Max 01965,Hogar,50.32,68
1966,Mascotas Nova Prime 01966,Mascotas,56.08,45
1967,Jardineria Mini Eco 01967,Jardineria,6.18,12
1968,Electronica Nova Home 01968,Electronica,29.07,36
1969,Informatica Ultra Studio 01969,Informatica,14.55,23
1970,Libros Nova Smart 01970,Libros,23.42,41
1971,Juguetes Smart Ultra 01971,Juguetes,27.02,28
1972,Informatica Pro Plus 01972,Informatica,18.41,45
1973,Hogar Eco Air 01973,Hogar,179.82,44
1974,Moda Home Nova 01974,Moda,14.86,48
1975,Hogar Air Mini 01975,Hogar,52.43,29
1976,Deporte Max Nova 01976,Deporte,12.64,21
1977,Libros Lite Plus 01977,Libros,43.90,13
1978,Informatica Max Smart 01978,Informatica,37.30,35
1979,Juguetes Lite Plus 01979,Juguetes,14.49,24
1980,Informatica Pro Lite 01980,Informatica,10.77,30
1981,Informatica Home Eco 01981,Informatica,186.33,39
1982,Electronica Eco Nova 01982,Electronica,11.55,31
1983,Informatica Smart Nova 01983,Informatica,30.47,111
1984,Libros Mini Ultra 01984,Libros,25.11,30
1985,Electronica Home Plus 01985,Electronica,19.20,6
1986,Hogar Pro Ultra 01986,Hogar,28.34,27
1987,Jardineria Pro Air 01987,Jardineria,15.23,22
1988,Electronica Prime Plus 01988,Electronica,14.50,42
1989,Electronica Nova Max 01989,Electronica,27.71,66
1990,Hogar Pro Max 01990,Hogar,11.69,42
1991,Electronica Pro Mini 01991,Electronica,22.61,7
1992,Electronica Ultra Smart 01992,Electronica,13.99,68
1993,Electronica Mini Ultra 01993,Electronica,11.11,22
1994,Instrumentos musicales Studio Max 01994,Instrumentos musicales,42.23,21
1995,Hogar Prime Eco 01995,Hogar,146.92,83
1996,Deporte Smart Prime 01996,Deporte,10.49,6
1997,Electronica Air Studio 01997,Electronica,63.74,58
1998,Moda Nova Pro 01998,Moda,27.17,34
1999,Juguetes Eco Mini 01999,Juguetes,221.19,92
2000,Hogar Air Prime 02000,Hogar,36.76,67
2001,Informatica Eco Studio 02001,Informatica,28.22,67
2002,Electronica Smart Air 02002,Electronica,40.01,27
2003,Informatica Core Air 02003,Informatica,9.33,44
2004,Informatica Prime Core 02004,Informatica,66.43,6
2005,Electronica Home Nova 02005,Electronica,3.02,39
2006,Jardineria Max Eco 02006,Jardineria,35.32,38
2007,Moda Plus Nova 02007,Moda,10.36,17
2008,Informatica Studio Home 02008,Informatica,5.00,34
2009,Hogar Air Pro 02009,Hogar,26.93,31
2010,Moda Smart Lite 02010,Moda,106.69,5
2011,Deporte Eco Eco 02011,Deporte,33.54,38
2012,Hogar Mini Studio 02012,Hogar,13.93,19
2013,Informatica Prime Nova 02013,Informatica,6.73,99
2014,Electronica Prime Plus 02014,Electronica,6.28,41
2015,Hogar Pro Studio 02015,Hogar,10.17,45
2016,Hogar Studio Pro 02016,Hogar,30.41,62
2017,Libros Max Max 02017,Libros,38.59,29
2018,Electronica Max Smart 02018,Electronica,35.69,29
2019,Informatica Home Prime 02019,Informatica,24.96,115
2020,Electronica Pro Mini 02020,Electronica,27.50,23
2021,Libros Max Mini 02021,Libros,11.28,14
2022,Moda Home Pro 02022,Moda,15.26,78
2023,Informatica Max Air 02023,Informatica,28.03,41
2024,Electronica Eco Max 02024,Electronica,7.46,38
2025,Hogar Max Core 02025,Hogar,72.67,110
2026,Juguetes Core Core 02026,Juguetes,36.54,92
2027,Moda Pro Home 02027,Moda,37.47,34
2028,Informatica Mini Nova 02028,Informatica,10.90,35
2029,Electronica Nova Prime 02029,Electronica,9.27,14
2030,Hogar Nova Nova 02030,Hogar,22.20,59
2031,Juguetes Studio Eco 02031,Juguetes,37.02,99
2032,Electronica Mini Max 02032,Electronica,12.29,91
2033,Moda Prime Pro 02033,Moda,11.92,41
2034,Electronica Nova Lite 02034,Electronica,19.08,25
2035,Deporte Lite Nova 02035,Deporte,35.71,16
2036,Informatica Air Pro 02036,Informatica,16.52,44
2037,Libros Smart Prime 02037,Libros,53.96,35
2038,Informatica Mini Studio 02038,Informatica,23.96,40
2039,Juguetes Lite Core 02039,Juguetes,9.65,44
2040,Informatica Prime Ultra 02040,Informatica,150.89,57
2041,Informatica Mini Home 02041,Informatica,28.43,31
2042,Electronica Mini Plus 02042,Electronica,25.26,45
2043,Juguetes Mini Smart 02043,Juguetes,33.01,99
2044,Jardineria Mini Nova 02044,Jardineria,11.89,32
2045,Moda Pro Mini 02045,Moda,23.19,40
2046,Hogar Lite Mini 02046,Hogar,9.03,50
2047,Deporte Smart Core 02047,Deporte,98.42,33
2048,Libros Prime Eco 02048,Libros,21.99,59
2049,Moda Prime Mini 02049,Moda,17.73,93
2050,Hogar Studio Nova 02050,Hogar,50.12,28
2051,Moda Prime Eco 02051,Moda,16.13,44
2052,Electronica Studio Home 02052,Electronica,80.62,12
2053,Informatica Eco Eco 02053,Informatica,8.25,44
2054,Mascotas Core Nova 02054,Mascotas,16.77,5
2055,Hogar Core Eco 02055,Hogar,59.35,25
2056,Moda Studio Max 02056,Moda,20.76,12
2057,Libros Smart Air 02057,Libros,40.46,23
2058,Juguetes Smart Plus 02058,Juguetes,13.46,27
2059,Electronica Core Nova 02059,Electronica,17.52,8
2060,Electronica Plus Core 02060,Electronica,8.80,50
2061,Deporte Ultra Smart 02061,Deporte,13.25,75
2062,Libros Prime Air 02062,Libros,21.05,56
2063,Electronica Lite Max 02063,Electronica,65.71,51
2064,Hogar Max Mini 02064,Hogar,22.70,26
2065,Instrumentos musicales Mini Ultra 02065,Instrumentos musicales,42.19,29
2066,Instrumentos musicales Max Plus 02066,Instrumentos musicales,17.24,33
2067,Instrumentos musicales Smart Core 02067,Instrumentos musicales,63.49,36
2068,Electronica Max Eco 02068,Electronica,84.04,18
2069,Electronica Lite Core 02069,Electronica,20.81,45
2070,Electronica Plus Core 02070,Electronica,18.61,19
2071,Informatica Mini Air 02071,Informatica,21.96,15
2072,Hogar Eco Ultra 02072,Hogar,17.41,22
2073,Electronica Home Smart 02073,Electronica,29.47,16
2074,Electronica Nova Max 02074,Electronica,21.67,26
2075,Electronica Smart Pro 02075,Electronica,21.78,58
2076,Informatica Pro Home 02076,Informatica,28.11,98
2077,Informatica Prime Ultra 02077,Informatica,14.08,76
2078,Informatica Prime Studio 02078,Informatica,59.42,78
2079,Electronica Mini Mini 02079,Electronica,10.60,31
2080,Hogar Mini Studio 02080,Hogar,113.97,37
2081,Juguetes Studio Ultra 02081,Juguetes,30.47,18
2082,Moda Smart Mini 02082,Moda,7.22,38
2083,Instrumentos musicales Mini Nova 02083,Instrumentos musicales,35.65,81
2084,Electronica Plus Studio 02084,Electronica,30.97,27
2085,Informatica Studio Ultra 02085,Informatica,63.07,12
2086,Moda Air Lite 02086,Moda,55.13,35
2087,Jardineria Air Lite 02087,Jardineria,16.60,15
2088,Libros Eco Studio 02088,Libros,16.29,28
2089,Deporte Home Ultra 02089,Deporte,7.56,62
2090,Electronica Max Lite 02090,Electronica,20.82,30
2091,Informatica Prime Smart 02091,Informatica,23.56,20
2092,Juguetes Max Home 02092,Juguetes,23.55,21
2093,Hogar Smart Lite 02093,Hogar,26.11,15
2094,Electronica Plus Prime 02094,Electronica,141.53,24
2095,Juguetes Smart Mini 02095,Juguetes,30.83,12
2096,Hogar Core Air 02096,Hogar,132.25,7
2097,Juguetes Nova Air 02097,Juguetes,38.47,57
2098,Electronica Mini Core 02098,Electronica,42.68,31
2099,Informatica Pro Eco 02099,Informatica,31.75,76
2100,Jardineria Mini Max 02100,Jardineria,85.13,69
2101,Mascotas Air Eco 02101,Mascotas,5.08,23
2102,Electronica Eco Eco 02102,Electronica,24.61,13
2103,Electronica Studio Nova 02103,Electronica,29.57,24
2104,Instrumentos musicales Plus Prime 02104,Instrumentos musicales,21.15,51
2105,Jardineria Air Nova 02105,Jardineria,57.70,76
2106,Electronica Eco Max 02106,Electronica,68.02,9
2107,Libros Lite Mini 02107,Libros,8.12,31
2108,Informatica Mini Mini 02108,Informatica,46.46,36
2109,Moda Home Air 02109,Moda,238.59,47
2110,Electronica Pro Core 02110,Electronica,39.32,36
2111,Moda Lite Smart 02111,Moda,83.15,41
2112,Deporte Home Eco 02112,Deporte,17.63,110
2113,Libros Mini Studio 02113,Libros,28.38,45
2114,Electronica Eco Nova 02114,Electronica,4.79,38
2115,Hogar Nova Pro 02115,Hogar,58.71,86
2116,Informatica Max Nova 02116,Informatica,8.13,10
2117,Jardineria Eco Max 02117,Jardineria,12.85,12
2118,Jardineria Mini Plus 02118,Jardineria,11.15,38
2119,Informatica Eco Studio 02119,Informatica,36.98,40
2120,Mascotas Plus Home 02120,Mascotas,19.33,100
2121,Hogar Max Eco 02121,Hogar,16.48,37
2122,Informatica Mini Core 02122,Informatica,20.41,31
2123,Mascotas Smart Nova 02123,Mascotas,13.24,54
2124,Libros Pro Plus 02124,Libros,29.69,44
2125,Hogar Pro Air 02125,Hogar,28.10,86
2126,Libros Home Ultra 02126,Libros,8.16,23
2127,Electronica Mini Mini 02127,Electronica,38.06,23
2128,Informatica Max Pro 02128,Informatica,13.15,20
2129,Juguetes Mini Ultra 02129,Juguetes,71.00,54
2130,Jardineria Mini Studio 02130,Jardineria,34.97,27
2131,Moda Eco Eco 02131,Moda,99.63,34
2132,Electronica Air Studio 02132,Electronica,31.92,102
2133,Hogar Nova Core 02133,Hogar,12.39,41
2134,Moda Smart Prime 02134,Moda,63.87,36
2135,Electronica Pro Mini 02135,Electronica,9.91,10
2136,Hogar Nova Prime 02136,Hogar,9.18,79
2137,Libros Smart Mini 02137,Libros,8.16,112
2138,Electronica Mini Smart 02138,Electronica,52.66,40
2139,Jardineria Prime Nova 02139,Jardineria,35.57,24
2140,Informatica Core Pro 02140,Informatica,18.53,109
2141,Hogar Air Home 02141,Hogar,78.13,35
2142,Hogar Eco Core 02142,Hogar,11.28,27
2143,Informatica Eco Lite 02143,Informatica,74.27,11
2144,Juguetes Prime Pro 02144,Juguetes,60.87,61
2145,Moda Nova Air 02145,Moda,106.98,57
2146,Deporte Ultra Mini 02146,Deporte,19.83,20
2147,Electronica Home Smart 02147,Electronica,21.64,27
2148,Juguetes Max Mini 02148,Juguetes,16.87,110
2149,Moda Plus Ultra 02149,Moda,112.79,44
2150,Hogar Prime Ultra 02150,Hogar,7.31,38
2151,Electronica Ultra Prime 02151,Electronica,33.69,93
2152,Electronica Prime Ultra 02152,Electronica,32.74,47
2153,Libros Studio Lite 02153,Libros,8.38,110
2154,Electronica Air Home 02154,Electronica,29.01,27
2155,Electronica Prime Eco 02155,Electronica,14.97,49
2156,Hogar Plus Pro 02156,Hogar,13.49,48
2157,Instrumentos musicales Core Max 02157,Instrumentos musicales,31.61,31
2158,Mascotas Prime Eco 02158,Mascotas,34.56,108
2159,Hogar Plus Pro 02159,Hogar,16.85,42
2160,Informatica Nova Studio 02160,Informatica,70.45,114
2161,Moda Ultra Prime 02161,Moda,6.95,24
2162,Hogar Air Lite 02162,Hogar,59.45,16
2163,Juguetes Pro Max 02163,Juguetes,84.98,51
2164,Informatica Max Studio 02164,Informatica,20.44,108
2165,Moda Mini Max 02165,Moda,31.59,42
2166,Moda Eco Air 02166,Moda,36.66,30
2167,Hogar Pro Core 02167,Hogar,2.74,25
2168,Mascotas Air Mini 02168,Mascotas,54.47,15
2169,Electronica Max Nova 02169,Electronica,5.34,36
2170,Libros Mini Ultra 02170,Libros,70.66,18
2171,Electronica Ultra Studio 02171,Electronica,3.91,31
2172,Moda Home Air 02172,Moda,201.88,24
2173,Hogar Studio Core 02173,Hogar,51.87,26
2174,Informatica Core Plus 02174,Informatica,6.56,35
2175,Electronica Mini Prime 02175,Electronica,30.15,49
2176,Electronica Prime Smart 02176,Electronica,15.43,85
2177,Moda Studio Nova 02177,Moda,9.63,30
2178,Hogar Home Air 02178,Hogar,102.26,25
2179,Jardineria Smart Home 02179,Jardineria,52.92,41
2180,Hogar Pro Mini 02180,Hogar,16.99,49
2181,Deporte Core Lite 02181,Deporte,12.26,97
2182,Deporte Eco Smart 02182,Deporte,60.99,28
2183,Jardineria Pro Prime 02183,Jardineria,23.53,28
2184,Electronica Pro Home 02184,Electronica,36.32,66
2185,Libros Max Max 02185,Libros,51.34,23
2186,Electronica Pro Smart 02186,Electronica,25.36,48
2187,Instrumentos musicales Lite Home 02187,Instrumentos musicales,36.96,20
2188,Electronica Smart Lite 02188,Electronica,15.72,90
2189,Hogar Plus Nova 02189,Hogar,16.81,7
2190,Informatica Pro Pro 02190,Informatica,32.10,20
2191,Moda Mini Plus 02191,Moda,42.58,38
2192,Jardineria Core Lite 02192,Jardineria,45.84,13
2193,Deporte Smart Prime 02193,Deporte,29.53,51
2194,Electronica Air Plus 02194,Electronica,14.29,42
2195,Deporte Air Eco 02195,Deporte,194.72,102
2196,Jardineria Ultra Lite 02196,Jardineria,33.72,72
2197,Juguetes Eco Home 02197,Juguetes,18.72,8
2198,Jardineria Max Pro 02198,Jardineria,31.18,22
2199,Juguetes Studio Pro 02199,Juguetes,52.62,57
2200,Informatica Core Eco 02200,Informatica,20.09,40
2201,Libros Prime Nova 02201,Libros,15.63,16
2202,Deporte Mini Pro 02202,Deporte,21.13,97
2203,Informatica Lite Prime 02203,Informatica,100.82,11
2204,Juguetes Lite Smart 02204,Juguetes,42.73,18
2205,Libros Prime Eco 02205,Libros,6.73,41
2206,Instrumentos musicales Max Home 02206,Instrumentos musicales,15.86,46
2207,Informatica Mini Pro 02207,Informatica,40.88,38
2208,Libros Lite Prime 02208,Libros,8.53,56
2209,Electronica Mini Prime 02209,Electronica,147.55,91
2210,Jardineria Air Eco 02210,Jardineria,73.77,27
2211,Hogar Ultra Smart 02211,Hogar,38.69,23
2212,Hogar Home Home 02212,Hogar,31.29,21
2213,Juguetes Smart Eco 02213,Juguetes,43.88,30
2214,Jardineria Smart Studio 02214,Jardineria,15.20,44
2215,Juguetes Home Eco 02215,Juguetes,31.32,12
2216,Libros Studio Smart 02216,Libros,49.09,21
2217,Informatica Mini Core 02217,Informatica,12.21,7
2218,Informatica Air Mini 02218,Informatica,63.65,25
2219,Deporte Pro Mini 02219,Deporte,224.66,26
2220,Electronica Prime Eco 02220,Electronica,15.64,17
2221,Informatica Nova Nova 02221,Informatica,20.62,71
2222,Moda Air Home 02222,Moda,28.69,45
2223,Informatica Mini Studio 02223,Informatica,8.28,46
2224,Informatica Plus Studio 02224,Informatica,67.82,34
2225,Deporte Pro Prime 02225,Deporte,10.46,17
2226,Electronica Nova Studio 02226,Electronica,12.43,82
2227,Juguetes Nova Air 02227,Juguetes,92.56,46
2228,Moda Ultra Eco 02228,Moda,13.40,80
2229,Informatica Studio Eco 02229,Informatica,62.12,8
2230,Libros Plus Eco 02230,Libros,88.50,89
2231,Deporte Studio Plus 02231,Deporte,5.77,13
2232,Libros Pro Ultra 02232,Libros,4.63,30
2233,Hogar Core Prime 02233,Hogar,45.66,31
2234,Jardineria Nova Core 02234,Jardineria,50.08,22
2235,Jardineria Pro Prime 02235,Jardineria,2.50,66
2236,Informatica Air Pro 02236,Informatica,7.35,20
2237,Deporte Pro Core 02237,Deporte,3.93,15
2238,Electronica Studio Eco 02238,Electronica,15.74,38
2239,Hogar Lite Smart 02239,Hogar,23.07,100
2240,Libros Mini Pro 02240,Libros,12.70,10
2241,Hogar Max Studio 02241,Hogar,60.22,109
2242,Electronica Home Prime 02242,Electronica,25.86,73
2243,Electronica Pro Smart 02243,Electronica,61.43,8
2244,Electronica Air Studio 02244,Electronica,23.39,54
2245,Moda Prime Lite 02245,Moda,35.91,13
2246,Electronica Studio Max 02246,Electronica,26.15,10
2247,Informatica Prime Pro 02247,Informatica,8.37,27
2248,Electronica Eco Lite 02248,Electronica,15.84,16
2249,Juguetes Ultra Eco 02249,Juguetes,8.69,13
2250,Instrumentos musicales Plus Nova 02250,Instrumentos musicales,20.94,46
2251,Jardineria Core Plus 02251,Jardineria,58.95,45
2252,Moda Prime Home 02252,Moda,193.83,86
2253,Electronica Smart Eco 02253,Electronica,26.20,17
2254,Mascotas Home Lite 02254,Mascotas,13.56,18
2255,Deporte Max Pro 02255,Deporte,69.44,110
2256,Moda Air Eco 02256,Moda,15.23,10
2257,Informatica Ultra Mini 02257,Informatica,32.19,43
2258,Informatica Core Home 02258,Informatica,33.33,111
2259,Deporte Home Eco 02259,Deporte,23.19,26
2260,Moda Ultra Core 02260,Moda,8.83,113
2261,Hogar Smart Plus 02261,Hogar,9.59,23
2262,Electronica Pro Eco 02262,Electronica,27.71,16
2263,Mascotas Core Plus 02263,Mascotas,51.86,38
2264,Moda Ultra Smart 02264,Moda,176.30,22
2265,Libros Plus Plus 02265,Libros,21.23,14
2266,Informatica Mini Plus 02266,Informatica,39.35,20
2267,Electronica Max Plus 02267,Electronica,43.77,114
2268,Libros Smart Lite 02268,Libros,63.48,20
2269,Informatica Lite Studio 02269,Informatica,15.30,33
2270,Moda Pro Air 02270,Moda,17.17,9
2271,Moda Prime Pro 02271,Moda,28.17,83
2272,Electronica Lite Lite 02272,Electronica,50.17,46
2273,Informatica Prime Eco 02273,Informatica,77.71,24
2274,Libros Lite Ultra 02274,Libros,9.50,28
2275,Hogar Core Pro 02275,Hogar,6.72,37
2276,Instrumentos musicales Mini Nova 02276,Instrumentos musicales,121.16,15
2277,Moda Air Plus 02277,Moda,15.27,31
2278,Electronica Pro Mini 02278,Electronica,10.72,40
2279,Electronica Home Mini 02279,Electronica,20.62,23
2280,Juguetes Plus Lite 02280,Juguetes,15.37,26
2281,Moda Air Pro 02281,Moda,8.29,14
2282,Juguetes Air Pro 02282,Juguetes,17.16,57
2283,Libros Ultra Prime 02283,Libros,96.93,42
2284,Libros Lite Ultra 02284,Libros,39.51,78
2285,Moda Core Max 02285,Moda,20.60,41
2286,Informatica Lite Pro 02286,Informatica,22.98,45
2287,Informatica Max Max 02287,Informatica,8.26,41
2288,Electronica Mini Home 02288,Electronica,19.43,96
2289,Juguetes Mini Max 02289,Juguetes,17.44,75
2290,Jardineria Smart Studio 02290,Jardineria,12.86,8
2291,Hogar Max Air 02291,Hogar,260.99,8
2292,Juguetes Mini Pro 02292,Juguetes,15.10,16
2293,Electronica Air Nova 02293,Electronica,111.59,14
2294,Moda Core Plus 02294,Moda,43.16,63
2295,Deporte Mini Prime 02295,Deporte,85.73,68
2296,Libros Smart Mini 02296,Libros,7.97,30
2297,Hogar Home Lite 02297,Hogar,12.78,115
2298,Deporte Smart Eco 02298,Deporte,33.08,9
2299,Informatica Home Ultra 02299,Informatica,6.86,10
2300,Moda Mini Nova 02300,Moda,69.92,22
2301,Electronica Ultra Eco 02301,Electronica,51.89,16
2302,Jardineria Pro Core 02302,Jardineria,24.22,39
2303,Libros Smart Plus 02303,Libros,86.00,103
2304,Deporte Smart Eco 02304,Deporte,79.55,36
2305,Hogar Home Studio 02305,Hogar,18.55,76
2306,Hogar Max Air 02306,Hogar,44.68,63
2307,Electronica Smart Lite 02307,Electronica,45.83,29
2308,Libros Core Ultra 02308,Libros,106.48,39
2309,Deporte Eco Prime 02309,Deporte,10.10,38
2310,Hogar Air Ultra 02310,Hogar,38.55,109
2311,Jardineria Mini Air 02311,Jardineria,109.46,45
2312,Electronica Pro Home 02312,Electronica,16.72,28
2313,Electronica Nova Lite 02313,Electronica,176.99,82
2314,Juguetes Air Pro 02314,Juguetes,16.55,32
2315,Hogar Prime Eco 02315,Hogar,69.82,41
2316,Mascotas Home Nova 02316,Mascotas,10.02,36
2317,Moda Prime Home 02317,Moda,8.04,12
2318,Informatica Core Home 02318,Informatica,40.39,12
2319,Moda Ultra Core 02319,Moda,34.85,34
2320,Electronica Prime Studio 02320,Electronica,9.98,43
2321,Deporte Lite Ultra 02321,Deporte,27.40,31
2322,Hogar Air Studio 02322,Hogar,160.60,47
2323,Moda Nova Max 02323,Moda,26.27,23
2324,Instrumentos musicales Pro Eco 02324,Instrumentos musicales,16.26,34
2325,Hogar Smart Prime 02325,Hogar,16.62,41
2326,Informatica Max Eco 02326,Informatica,17.78,79
2327,Electronica Prime Air 02327,Electronica,12.95,61
2328,Informatica Plus Ultra 02328,Informatica,11.69,34
2329,Informatica Studio Nova 02329,Informatica,68.79,41
2330,Deporte Eco Eco 02330,Deporte,16.67,70
2331,Libros Eco Lite 02331,Libros,38.05,34
2332,Electronica Studio Smart 02332,Electronica,32.70,21
2333,Libros Pro Eco 02333,Libros,39.06,90
2334,Moda Core Home 02334,Moda,56.74,44
2335,Jardineria Studio Max 02335,Jardineria,5.81,12
2336,Mascotas Prime Plus 02336,Mascotas,11.28,78
2337,Informatica Lite Max 02337,Informatica,60.78,13
2338,Moda Nova Core 02338,Moda,10.09,20
2339,Electronica Pro Mini 02339,Electronica,59.37,115
2340,Informatica Plus Studio 02340,Informatica,20.47,47
2341,Deporte Pro Mini 02341,Deporte,13.86,38
2342,Electronica Plus Eco 02342,Electronica,30.16,29
2343,Jardineria Smart Nova 02343,Jardineria,47.34,81
2344,Deporte Core Smart 02344,Deporte,8.16,9
2345,Informatica Ultra Max 02345,Informatica,46.05,28
2346,Libros Nova Eco 02346,Libros,67.13,45
2347,Informatica Core Eco 02347,Informatica,9.16,37
2348,Electronica Pro Pro 02348,Electronica,27.35,48
2349,Instrumentos musicales Ultra Home 02349,Instrumentos musicales,44.31,50
2350,Deporte Lite Max 02350,Deporte,40.83,15
2351,Electronica Air Prime 02351,Electronica,61.91,48
2352,Jardineria Lite Smart 02352,Jardineria,11.93,97
2353,Jardineria Eco Smart 02353,Jardineria,58.77,43
2354,Electronica Core Pro 02354,Electronica,51.68,33
2355,Electronica Eco Plus 02355,Electronica,15.32,113
2356,Electronica Max Studio 02356,Electronica,58.48,27
2357,Informatica Max Lite 02357,Informatica,32.17,40
2358,Informatica Pro Max 02358,Informatica,66.99,31
2359,Libros Pro Mini 02359,Libros,40.68,48
2360,Moda Studio Max 02360,Moda,14.82,95
2361,Juguetes Pro Lite 02361,Juguetes,29.92,21
2362,Electronica Air Smart 02362,Electronica,292.96,89
2363,Informatica Mini Smart 02363,Informatica,48.11,44
2364,Hogar Max Plus 02364,Hogar,18.49,49
2365,Juguetes Nova Plus 02365,Juguetes,22.90,37
2366,Electronica Smart Studio 02366,Electronica,11.06,25
2367,Mascotas Core Studio 02367,Mascotas,21.37,33
2368,Informatica Max Prime 02368,Informatica,49.14,17
2369,Informatica Lite Pro 02369,Informatica,8.80,44
2370,Informatica Pro Pro 02370,Informatica,34.46,9
2371,Hogar Plus Home 02371,Hogar,12.81,58
2372,Deporte Lite Smart 02372,Deporte,20.31,15
2373,Electronica Core Plus 02373,Electronica,32.26,48
2374,Hogar Smart Mini 02374,Hogar,28.81,16
2375,Informatica Mini Pro 02375,Informatica,15.53,68
2376,Libros Prime Smart 02376,Libros,74.53,42
2377,Electronica Eco Nova 02377,Electronica,5.45,54
2378,Juguetes Nova Air 02378,Juguetes,51.90,13
2379,Informatica Lite Nova 02379,Informatica,5.95,49
2380,Electronica Eco Studio 02380,Electronica,23.27,33
2381,Deporte Ultra Eco 02381,Deporte,23.77,77
2382,Electronica Home Eco 02382,Electronica,24.39,18
2383,Hogar Eco Lite 02383,Hogar,13.10,23
2384,Jardineria Eco Core 02384,Jardineria,38.86,18
2385,Electronica Pro Max 02385,Electronica,22.21,84
2386,Informatica Home Plus 02386,Informatica,7.45,103
2387,Jardineria Eco Ultra 02387,Jardineria,25.24,90
2388,Electronica Lite Nova 02388,Electronica,28.40,5
2389,Electronica Lite Air 02389,Electronica,12.01,12
2390,Hogar Ultra Max 02390,Hogar,106.49,42
2391,Electronica Home Studio 02391,Electronica,70.13,45
2392,Informatica Mini Home 02392,Informatica,21.65,36
2393,Hogar Lite Nova 02393,Hogar,72.74,113
2394,Jardineria Max Air 02394,Jardineria,31.24,6
2395,Hogar Prime Prime 02395,Hogar,16.40,54
2396,Moda Lite Smart 02396,Moda,66.51,46
2397,Informatica Core Ultra 02397,Informatica,2.51,101
2398,Informatica Air Studio 02398,Informatica,46.52,21
2399,Electronica Ultra Core 02399,Electronica,40.26,37
2400,Electronica Ultra Smart 02400,Electronica,23.71,65
2401,Jardineria Lite Mini 02401,Jardineria,28.66,32
2402,Hogar Prime Max 02402,Hogar,14.31,112
2403,Electronica Nova Nova 02403,Electronica,16.55,34
2404,Mascotas Air Studio 02404,Mascotas,12.07,34
2405,Hogar Ultra Mini 02405,Hogar,19.17,29
2406,Informatica Home Max 02406,Informatica,61.22,5
2407,Informatica Ultra Home 02407,Informatica,5.06,46
2408,Deporte Home Eco 02408,Deporte,11.63,10
2409,Electronica Plus Plus 02409,Electronica,51.28,77
2410,Electronica Pro Home 02410,Electronica,16.99,23
2411,Electronica Studio Prime 02411,Electronica,59.09,18
2412,Moda Studio Prime 02412,Moda,73.17,56
2413,Hogar Studio Nova 02413,Hogar,23.82,40
2414,Libros Studio Studio 02414,Libros,33.33,27
2415,Electronica Lite Studio 02415,Electronica,5.04,40
2416,Electronica Nova Core 02416,Electronica,141.14,8
2417,Deporte Prime Max 02417,Deporte,62.05,20
2418,Juguetes Smart Core 02418,Juguetes,19.14,88
2419,Electronica Lite Core 02419,Electronica,24.78,19
2420,Deporte Home Plus 02420,Deporte,9.98,96
2421,Hogar Ultra Lite 02421,Hogar,5.74,11
2422,Libros Prime Max 02422,Libros,69.58,52
2423,Electronica Nova Mini 02423,Electronica,53.28,29
2424,Electronica Mini Lite 02424,Electronica,37.81,13
2425,Informatica Pro Nova 02425,Informatica,19.71,115
2426,Libros Core Eco 02426,Libros,23.15,114
2427,Moda Ultra Lite 02427,Moda,15.35,23
2428,Informatica Smart Ultra 02428,Informatica,10.58,32
2429,Electronica Home Nova 02429,Electronica,11.32,41
2430,Moda Smart Air 02430,Moda,31.68,29
2431,Hogar Core Ultra 02431,Hogar,33.22,106
2432,Juguetes Core Nova 02432,Juguetes,21.27,57
2433,Moda Eco Lite 02433,Moda,24.65,14
2434,Electronica Studio Ultra 02434,Electronica,52.92,21
2435,Informatica Plus Eco 02435,Informatica,70.74,86
2436,Electronica Mini Ultra 02436,Electronica,34.58,13
2437,Juguetes Eco Air 02437,Juguetes,7.65,111
2438,Juguetes Mini Air 02438,Juguetes,3.72,49
2439,Deporte Smart Ultra 02439,Deporte,61.12,16
2440,Electronica Plus Core 02440,Electronica,10.87,28
2441,Juguetes Max Pro 02441,Juguetes,63.59,39
2442,Juguetes Pro Pro 02442,Juguetes,109.30,14
2443,Instrumentos musicales Ultra Home 02443,Instrumentos musicales,37.30,48
2444,Hogar Pro Plus 02444,Hogar,15.31,111
2445,Electronica Plus Pro 02445,Electronica,46.95,26
2446,Moda Plus Plus 02446,Moda,8.72,8
2447,Juguetes Ultra Core 02447,Juguetes,111.52,26
2448,Moda Smart Eco 02448,Moda,24.87,78
2449,Informatica Mini Smart 02449,Informatica,15.02,24
2450,Deporte Lite Air 02450,Deporte,39.45,47
2451,Juguetes Studio Nova 02451,Juguetes,50.72,29
2452,Informatica Core Core 02452,Informatica,22.22,39
2453,Hogar Ultra Mini 02453,Hogar,45.49,97
2454,Moda Prime Nova 02454,Moda,15.52,44
2455,Instrumentos musicales Smart Prime 02455,Instrumentos musicales,12.45,44
2456,Electronica Plus Smart 02456,Electronica,30.39,86
2457,Deporte Nova Air 02457,Deporte,25.47,29
2458,Informatica Studio Smart 02458,Informatica,13.39,31
2459,Libros Ultra Plus 02459,Libros,195.57,63
2460,Instrumentos musicales Lite Nova 02460,Instrumentos musicales,14.59,15
2461,Informatica Ultra Air 02461,Informatica,42.81,16
2462,Moda Pro Eco 02462,Moda,24.77,32
2463,Informatica Max Studio 02463,Informatica,22.88,102
2464,Instrumentos musicales Home Ultra 02464,Instrumentos musicales,44.68,16
2465,Informatica Eco Nova 02465,Informatica,19.13,23
2466,Libros Plus Eco 02466,Libros,23.18,32
2467,Informatica Air Nova 02467,Informatica,36.63,33
2468,Deporte Core Studio 02468,Deporte,11.05,15
2469,Informatica Smart Air 02469,Informatica,24.03,59
2470,Electronica Core Home 02470,Electronica,12.47,65
2471,Jardineria Nova Prime 02471,Jardineria,30.21,7
2472,Electronica Pro Studio 02472,Electronica,26.51,44
2473,Libros Studio Core 02473,Libros,89.48,82
2474,Hogar Eco Nova 02474,Hogar,22.63,32
2475,Libros Air Ultra 02475,Libros,8.83,39
2476,Hogar Max Pro 02476,Hogar,35.83,43
2477,Moda Ultra Home 02477,Moda,32.62,33
2478,Hogar Ultra Pro 02478,Hogar,40.51,32
2479,Juguetes Home Eco 02479,Juguetes,100.55,17
2480,Hogar Mini Nova 02480,Hogar,29.65,88
2481,Electronica Max Max 02481,Electronica,42.78,110
2482,Juguetes Plus Home 02482,Juguetes,57.38,81
2483,Hogar Pro Max 02483,Hogar,11.28,24
2484,Electronica Home Lite 02484,Electronica,35.50,68
2485,Deporte Ultra Mini 02485,Deporte,39.99,13
2486,Libros Max Home 02486,Libros,27.02,77
2487,Libros Air Pro 02487,Libros,73.19,5
2488,Deporte Air Pro 02488,Deporte,37.43,112
2489,Electronica Smart Air 02489,Electronica,10.08,12
2490,Informatica Eco Lite 02490,Informatica,36.89,83
2491,Deporte Prime Air 02491,Deporte,34.22,36
2492,Instrumentos musicales Plus Smart 02492,Instrumentos musicales,38.74,53
2493,Hogar Eco Eco 02493,Hogar,64.53,54
2494,Hogar Eco Prime 02494,Hogar,26.39,37
2495,Mascotas Ultra Prime 02495,Mascotas,19.63,48
2496,Moda Plus Lite 02496,Moda,9.63,48
2497,Moda Core Studio 02497,Moda,13.01,8
2498,Informatica Mini Core 02498,Informatica,6.48,28
2499,Moda Ultra Max 02499,Moda,45.39,70
2500,Libros Studio Max 02500,Libros,17.22,19
2501,Jardineria Core Nova 02501,Jardineria,26.14,21
2502,Electronica Lite Mini 02502,Electronica,42.01,35
2503,Juguetes Home Ultra 02503,Juguetes,2.50,33
2504,Moda Plus Plus 02504,Moda,153.56,29
2505,Libros Mini Ultra 02505,Libros,12.79,72
2506,Electronica Plus Plus 02506,Electronica,38.79,76
2507,Electronica Pro Core 02507,Electronica,53.47,45
2508,Electronica Studio Prime 02508,Electronica,16.69,35
2509,Moda Pro Eco 02509,Moda,67.91,43
2510,Jardineria Ultra Eco 02510,Jardineria,24.34,6
2511,Informatica Smart Mini 02511,Informatica,36.01,58
2512,Informatica Core Air 02512,Informatica,24.25,40
2513,Deporte Lite Nova 02513,Deporte,40.09,112
2514,Informatica Pro Air 02514,Informatica,168.35,8
2515,Electronica Ultra Mini 02515,Electronica,49.98,30
2516,Juguetes Eco Home 02516,Juguetes,18.06,19
2517,Electronica Lite Eco 02517,Electronica,29.10,30
2518,Electronica Nova Prime 02518,Electronica,23.36,102
2519,Electronica Lite Prime 02519,Electronica,30.16,40
2520,Libros Plus Plus 02520,Libros,16.99,23
2521,Libros Max Plus 02521,Libros,122.97,45
2522,Juguetes Mini Pro 02522,Juguetes,34.03,21
2523,Informatica Pro Max 02523,Informatica,31.43,32
2524,Electronica Air Ultra 02524,Electronica,98.71,7
2525,Hogar Nova Lite 02525,Hogar,22.44,37
2526,Informatica Nova Home 02526,Informatica,42.81,41
2527,Hogar Nova Ultra 02527,Hogar,26.07,24
2528,Electronica Eco Studio 02528,Electronica,83.74,38
2529,Electronica Smart Pro 02529,Electronica,34.41,31
2530,Juguetes Smart Max 02530,Juguetes,18.64,77
2531,Hogar Eco Nova 02531,Hogar,25.94,29
2532,Electronica Ultra Mini 02532,Electronica,12.96,6
2533,Electronica Max Home 02533,Electronica,38.43,12
2534,Electronica Air Ultra 02534,Electronica,18.27,67
2535,Electronica Smart Smart 02535,Electronica,11.07,63
2536,Informatica Home Air 02536,Informatica,5.11,12
2537,Deporte Ultra Air 02537,Deporte,52.16,26
2538,Informatica Prime Eco 02538,Informatica,26.43,11
2539,Hogar Eco Eco 02539,Hogar,14.05,44
2540,Jardineria Ultra Lite 02540,Jardineria,30.01,38
2541,Jardineria Ultra Core 02541,Jardineria,38.40,17
2542,Jardineria Lite Core 02542,Jardineria,58.37,41
2543,Moda Plus Home 02543,Moda,46.81,23
2544,Libros Plus Lite 02544,Libros,47.15,36
2545,Informatica Air Pro 02545,Informatica,14.32,45
2546,Moda Max Ultra 02546,Moda,6.02,76
2547,Hogar Core Eco 02547,Hogar,52.85,76
2548,Jardineria Studio Prime 02548,Jardineria,33.40,38
2549,Hogar Max Mini 02549,Hogar,12.23,7
2550,Electronica Plus Studio 02550,Electronica,9.21,44
2551,Instrumentos musicales Max Plus 02551,Instrumentos musicales,40.44,24
2552,Libros Home Studio 02552,Libros,22.94,19
2553,Informatica Smart Pro 02553,Informatica,24.82,87
2554,Electronica Nova Max 02554,Electronica,31.96,21
2555,Hogar Home Plus 02555,Hogar,98.71,39
2556,Juguetes Air Home 02556,Juguetes,20.75,36
2557,Informatica Mini Ultra 02557,Informatica,20.54,80
2558,Moda Smart Nova 02558,Moda,47.71,39
2559,Hogar Core Mini 02559,Hogar,42.19,11
2560,Electronica Smart Plus 02560,Electronica,25.60,19
2561,Jardineria Ultra Max 02561,Jardineria,50.28,99
2562,Libros Lite Home 02562,Libros,23.87,91
2563,Electronica Air Air 02563,Electronica,2.50,102
2564,Moda Pro Plus 02564,Moda,23.67,6
2565,Informatica Mini Lite 02565,Informatica,194.96,33
2566,Informatica Air Lite 02566,Informatica,7.93,100
2567,Electronica Studio Lite 02567,Electronica,71.14,15
2568,Informatica Lite Lite 02568,Informatica,17.97,112
2569,Libros Prime Eco 02569,Libros,11.61,22
2570,Hogar Max Studio 02570,Hogar,20.00,27
2571,Electronica Ultra Mini 02571,Electronica,4.48,90
2572,Deporte Lite Eco 02572,Deporte,39.15,59
2573,Deporte Core Core 02573,Deporte,35.41,76
2574,Informatica Eco Max 02574,Informatica,14.69,17
2575,Juguetes Smart Air 02575,Juguetes,15.76,31
2576,Informatica Max Smart 02576,Informatica,48.10,12
2577,Deporte Pro Air 02577,Deporte,9.06,70
2578,Informatica Air Core 02578,Informatica,2.50,5
2579,Electronica Home Prime 02579,Electronica,46.80,84
2580,Moda Air Eco 02580,Moda,68.58,48
2581,Hogar Lite Lite 02581,Hogar,31.39,29
2582,Hogar Air Prime 02582,Hogar,24.82,21
2583,Electronica Prime Home 02583,Electronica,59.40,24
2584,Juguetes Pro Smart 02584,Juguetes,5.73,26
2585,Hogar Studio Lite 02585,Hogar,32.83,106
2586,Moda Smart Core 02586,Moda,18.89,30
2587,Moda Prime Ultra 02587,Moda,62.40,99
2588,Electronica Lite Smart 02588,Electronica,17.87,33
2589,Juguetes Ultra Air 02589,Juguetes,46.36,9
2590,Libros Ultra Core 02590,Libros,30.59,35
2591,Hogar Ultra Ultra 02591,Hogar,9.60,18
2592,Informatica Mini Home 02592,Informatica,37.72,24
2593,Moda Mini Prime 02593,Moda,16.05,17
2594,Moda Eco Ultra 02594,Moda,50.19,6
2595,Hogar Core Core 02595,Hogar,40.66,23
2596,Hogar Eco Air 02596,Hogar,19.18,21
2597,Deporte Nova Eco 02597,Deporte,92.06,33
2598,Informatica Pro Plus 02598,Informatica,5.67,21
2599,Juguetes Mini Ultra 02599,Juguetes,302.72,14
2600,Informatica Studio Prime 02600,Informatica,13.48,22
2601,Hogar Studio Prime 02601,Hogar,13.20,10
2602,Informatica Prime Eco 02602,Informatica,160.32,22
2603,Electronica Ultra Home 02603,Electronica,25.61,38
2604,Libros Max Nova 02604,Libros,48.57,36
2605,Juguetes Studio Studio 02605,Juguetes,12.09,44
2606,Hogar Max Smart 02606,Hogar,4.32,10
2607,Informatica Studio Mini 02607,Informatica,28.06,28
2608,Electronica Plus Air 02608,Electronica,26.60,49
2609,Libros Eco Pro 02609,Libros,15.05,49
2610,Moda Pro Lite 02610,Moda,15.54,48
2611,Electronica Ultra Mini 02611,Electronica,78.88,107
2612,Deporte Nova Ultra 02612,Deporte,10.12,27
2613,Hogar Nova Core 02613,Hogar,31.66,36
2614,Electronica Mini Pro 02614,Electronica,6.22,49
2615,Moda Prime Plus 02615,Moda,50.69,6
2616,Deporte Smart Core 02616,Deporte,16.10,32
2617,Informatica Max Prime 02617,Informatica,56.17,26
2618,Instrumentos musicales Eco Core 02618,Instrumentos musicales,37.28,75
2619,Moda Mini Studio 02619,Moda,19.98,42
2620,Electronica Mini Nova 02620,Electronica,23.18,16
2621,Libros Prime Nova 02621,Libros,120.76,13
2622,Hogar Core Air 02622,Hogar,38.30,73
2623,Moda Mini Mini 02623,Moda,23.86,55
2624,Juguetes Home Pro 02624,Juguetes,40.42,16
2625,Hogar Air Max 02625,Hogar,13.95,9
2626,Moda Lite Eco 02626,Moda,36.87,49
2627,Informatica Pro Nova 02627,Informatica,92.34,39
2628,Juguetes Eco Pro 02628,Juguetes,18.06,15
2629,Libros Core Smart 02629,Libros,50.54,9
2630,Informatica Studio Pro 02630,Informatica,44.10,40
2631,Electronica Plus Prime 02631,Electronica,90.61,43
2632,Electronica Mini Prime 02632,Electronica,16.71,39
2633,Juguetes Ultra Pro 02633,Juguetes,22.23,81
2634,Informatica Prime Smart 02634,Informatica,140.63,18
2635,Juguetes Core Studio 02635,Juguetes,93.08,37
2636,Electronica Studio Air 02636,Electronica,30.29,15
2637,Hogar Ultra Studio 02637,Hogar,47.28,107
2638,Jardineria Smart Prime 02638,Jardineria,13.84,47
2639,Hogar Mini Lite 02639,Hogar,59.79,30
2640,Informatica Lite Max 02640,Informatica,29.80,100
2641,Hogar Eco Eco 02641,Hogar,32.80,9
2642,Hogar Pro Nova 02642,Hogar,10.65,5
2643,Libros Pro Smart 02643,Libros,26.27,14
2644,Electronica Studio Lite 02644,Electronica,14.10,31
2645,Deporte Eco Mini 02645,Deporte,36.65,114
2646,Libros Nova Air 02646,Libros,35.87,31
2647,Electronica Eco Plus 02647,Electronica,60.69,18
2648,Deporte Prime Nova 02648,Deporte,41.76,20
2649,Informatica Mini Air 02649,Informatica,12.18,36
2650,Hogar Pro Mini 02650,Hogar,30.75,45
2651,Deporte Pro Lite 02651,Deporte,12.69,33
2652,Informatica Core Prime 02652,Informatica,26.72,106
2653,Libros Max Lite 02653,Libros,91.76,18
2654,Informatica Ultra Plus 02654,Informatica,11.86,31
2655,Informatica Prime Max 02655,Informatica,18.27,20
2656,Hogar Home Mini 02656,Hogar,12.88,13
2657,Informatica Max Pro 02657,Informatica,42.13,46
2658,Informatica Eco Plus 02658,Informatica,30.57,45
2659,Electronica Plus Mini 02659,Electronica,4.53,37
2660,Hogar Plus Core 02660,Hogar,7.36,29
2661,Deporte Studio Eco 02661,Deporte,19.47,26
2662,Informatica Smart Ultra 02662,Informatica,34.58,16
2663,Libros Prime Studio 02663,Libros,38.70,24
2664,Hogar Eco Mini 02664,Hogar,68.06,37
2665,Juguetes Core Plus 02665,Juguetes,21.96,103
2666,Moda Home Pro 02666,Moda,26.67,78
2667,Libros Pro Ultra 02667,Libros,33.45,20
2668,Informatica Prime Pro 02668,Informatica,22.65,33
2669,Informatica Studio Pro 02669,Informatica,49.43,45
2670,Electronica Nova Smart 02670,Electronica,14.38,15
2671,Electronica Lite Prime 02671,Electronica,8.27,30
2672,Libros Air Smart 02672,Libros,23.31,86
2673,Moda Ultra Plus 02673,Moda,13.40,30
2674,Moda Plus Max 02674,Moda,28.55,36
2675,Electronica Eco Plus 02675,Electronica,45.79,20
2676,Electronica Pro Air 02676,Electronica,16.34,44
2677,Moda Ultra Eco 02677,Moda,21.38,34
2678,Juguetes Home Core 02678,Juguetes,71.06,102
2679,Electronica Studio Lite 02679,Electronica,8.32,34
2680,Electronica Core Eco 02680,Electronica,98.91,27
2681,Juguetes Max Lite 02681,Juguetes,25.11,26
2682,Hogar Smart Ultra 02682,Hogar,91.02,36
2683,Moda Home Nova 02683,Moda,11.88,22
2684,Moda Eco Smart 02684,Moda,67.90,5
2685,Juguetes Ultra Plus 02685,Juguetes,15.95,17
2686,Juguetes Ultra Smart 02686,Juguetes,13.59,18
2687,Informatica Max Eco 02687,Informatica,11.69,11
2688,Electronica Max Ultra 02688,Electronica,42.44,35
2689,Electronica Pro Max 02689,Electronica,46.43,13
2690,Electronica Ultra Prime 02690,Electronica,3.53,32
2691,Mascotas Nova Plus 02691,Mascotas,31.26,48
2692,Electronica Mini Ultra 02692,Electronica,47.31,27
2693,Electronica Home Lite 02693,Electronica,16.22,36
2694,Juguetes Max Pro 02694,Juguetes,13.70,54
2695,Juguetes Prime Eco 02695,Juguetes,126.53,87
2696,Libros Prime Core 02696,Libros,166.02,42
2697,Moda Studio Max 02697,Moda,3.05,42
2698,Informatica Max Mini 02698,Informatica,11.61,32
2699,Moda Studio Home 02699,Moda,18.51,8
2700,Informatica Eco Ultra 02700,Informatica,40.79,40
2701,Electronica Max Plus 02701,Electronica,14.58,21
2702,Juguetes Mini Pro 02702,Juguetes,27.12,35
2703,Electronica Eco Core 02703,Electronica,17.92,37
2704,Informatica Smart Air 02704,Informatica,17.01,23
2705,Libros Pro Air 02705,Libros,136.08,24
2706,Hogar Lite Pro 02706,Hogar,27.57,31
2707,Juguetes Lite Core 02707,Juguetes,38.88,38
2708,Instrumentos musicales Smart Nova 02708,Instrumentos musicales,30.07,42
2709,Electronica Pro Eco 02709,Electronica,113.42,28
2710,Deporte Plus Prime 02710,Deporte,37.72,47
2711,Moda Pro Pro 02711,Moda,55.82,18
2712,Electronica Studio Eco 02712,Electronica,35.60,10
2713,Moda Plus Prime 02713,Moda,30.73,19
2714,Deporte Lite Core 02714,Deporte,9.84,17
2715,Informatica Eco Studio 02715,Informatica,16.60,48
2716,Libros Studio Smart 02716,Libros,11.04,28
2717,Informatica Air Air 02717,Informatica,36.15,13
2718,Electronica Ultra Smart 02718,Electronica,124.61,30
2719,Libros Pro Ultra 02719,Libros,24.90,17
2720,Informatica Eco Pro 02720,Informatica,25.13,10
2721,Moda Mini Air 02721,Moda,5.80,26
2722,Instrumentos musicales Smart Plus 02722,Instrumentos musicales,5.98,45
2723,Electronica Pro Max 02723,Electronica,25.76,9
2724,Hogar Air Prime 02724,Hogar,24.25,23
2725,Libros Nova Ultra 02725,Libros,16.58,13
2726,Hogar Ultra Prime 02726,Hogar,6.98,14
2727,Electronica Prime Studio 02727,Electronica,22.40,109
2728,Juguetes Studio Plus 02728,Juguetes,5.37,10
2729,Moda Max Home 02729,Moda,2.73,27
2730,Juguetes Plus Max 02730,Juguetes,15.24,37
2731,Electronica Eco Pro 02731,Electronica,21.45,38
2732,Libros Core Smart 02732,Libros,26.15,85
2733,Juguetes Core Prime 02733,Juguetes,22.41,26
2734,Electronica Ultra Nova 02734,Electronica,51.40,36
2735,Jardineria Home Air 02735,Jardineria,44.41,108
2736,Electronica Home Studio 02736,Electronica,26.30,33
2737,Libros Nova Lite 02737,Libros,99.12,112
2738,Informatica Max Prime 02738,Informatica,12.46,32
2739,Electronica Nova Lite 02739,Electronica,60.66,55
2740,Libros Prime Pro 02740,Libros,29.93,106
2741,Jardineria Eco Ultra 02741,Jardineria,17.44,30
2742,Libros Nova Home 02742,Libros,5.16,35
2743,Moda Nova Nova 02743,Moda,8.14,7
2744,Moda Plus Lite 02744,Moda,50.68,12
2745,Electronica Air Prime 02745,Electronica,8.33,47
2746,Informatica Prime Home 02746,Informatica,12.93,6
2747,Jardineria Core Plus 02747,Jardineria,22.25,14
2748,Moda Plus Plus 02748,Moda,51.75,23
2749,Moda Smart Studio 02749,Moda,13.12,56
2750,Libros Pro Eco 02750,Libros,26.45,107
2751,Hogar Prime Mini 02751,Hogar,39.75,26
2752,Jardineria Core Air 02752,Jardineria,65.75,88
2753,Moda Home Home 02753,Moda,17.38,69
2754,Juguetes Home Mini 02754,Juguetes,27.54,66
2755,Electronica Plus Pro 02755,Electronica,10.29,96
2756,Libros Pro Lite 02756,Libros,10.75,91
2757,Electronica Air Lite 02757,Electronica,13.87,13
2758,Electronica Lite Home 02758,Electronica,23.49,7
2759,Moda Core Pro 02759,Moda,48.75,24
2760,Informatica Home Prime 02760,Informatica,32.36,37
2761,Libros Max Max 02761,Libros,12.74,98
2762,Informatica Mini Plus 02762,Informatica,29.26,35
2763,Electronica Pro Studio 02763,Electronica,33.56,31
2764,Mascotas Max Smart 02764,Mascotas,39.25,29
2765,Instrumentos musicales Ultra Ultra 02765,Instrumentos musicales,8.80,19
2766,Jardineria Max Pro 02766,Jardineria,14.39,34
2767,Deporte Lite Studio 02767,Deporte,37.43,25
2768,Libros Pro Ultra 02768,Libros,50.40,14
2769,Electronica Eco Lite 02769,Electronica,20.37,22
2770,Electronica Lite Core 02770,Electronica,29.11,23
2771,Electronica Mini Lite 02771,Electronica,118.26,76
2772,Informatica Home Home 02772,Informatica,11.62,49
2773,Hogar Prime Prime 02773,Hogar,13.04,73
2774,Electronica Ultra Mini 02774,Electronica,43.69,7
2775,Deporte Smart Lite 02775,Deporte,33.72,102
2776,Electronica Prime Smart 02776,Electronica,28.19,29
2777,Informatica Max Ultra 02777,Informatica,19.59,26
2778,Instrumentos musicales Plus Studio 02778,Instrumentos musicales,16.96,15
2779,Electronica Studio Nova 02779,Electronica,107.31,47
2780,Electronica Nova Ultra 02780,Electronica,115.50,9
2781,Juguetes Home Air 02781,Juguetes,29.02,41
2782,Libros Studio Smart 02782,Libros,29.05,13
2783,Juguetes Smart Max 02783,Juguetes,19.50,30
2784,Jardineria Eco Max 02784,Jardineria,26.71,38
2785,Libros Studio Lite 02785,Libros,15.20,87
2786,Deporte Nova Lite 02786,Deporte,11.31,96
2787,Juguetes Plus Ultra 02787,Juguetes,49.50,31
2788,Informatica Max Max 02788,Informatica,44.41,27
2789,Juguetes Plus Eco 02789,Juguetes,58.00,16
2790,Deporte Mini Eco 02790,Deporte,15.64,29
2791,Hogar Air Ultra 02791,Hogar,7.48,43
2792,Electronica Prime Pro 02792,Electronica,24.02,32
2793,Electronica Home Home 02793,Electronica,16.83,66
2794,Informatica Air Studio 02794,Informatica,20.29,53
2795,Moda Plus Plus 02795,Moda,52.48,45
2796,Hogar Nova Air 02796,Hogar,13.69,30
2797,Libros Plus Studio 02797,Libros,20.31,33
2798,Jardineria Plus Pro 02798,Jardineria,25.06,56
2799,Informatica Max Studio 02799,Informatica,19.00,75
2800,Instrumentos musicales Pro Plus 02800,Instrumentos musicales,66.87,33
2801,Instrumentos musicales Nova Lite 02801,Instrumentos musicales,102.10,46
2802,Deporte Lite Home 02802,Deporte,21.94,11
2803,Hogar Home Max 02803,Hogar,22.04,89
2804,Moda Core Ultra 02804,Moda,41.42,18
2805,Electronica Studio Mini 02805,Electronica,44.97,20
2806,Hogar Nova Studio 02806,Hogar,5.12,83
2807,Mascotas Plus Max 02807,Mascotas,7.58,31
2808,Electronica Nova Air 02808,Electronica,20.63,80
2809,Electronica Air Air 02809,Electronica,21.34,9
2810,Deporte Pro Eco 02810,Deporte,12.51,10
2811,Informatica Ultra Mini 02811,Informatica,56.18,5
2812,Juguetes Eco Eco 02812,Juguetes,13.75,36
2813,Informatica Pro Prime 02813,Informatica,12.72,31
2814,Informatica Core Ultra 02814,Informatica,31.16,29
2815,Hogar Eco Prime 02815,Hogar,31.32,113
2816,Informatica Ultra Nova 02816,Informatica,6.13,26
2817,Informatica Ultra Mini 02817,Informatica,21.61,115
2818,Electronica Nova Air 02818,Electronica,9.84,57
2819,Informatica Air Smart 02819,Informatica,93.12,45
2820,Informatica Prime Lite 02820,Informatica,17.33,23
2821,Hogar Home Studio 02821,Hogar,54.94,92
2822,Hogar Studio Eco 02822,Hogar,24.58,34
2823,Mascotas Nova Prime 02823,Mascotas,40.05,28
2824,Deporte Studio Air 02824,Deporte,14.96,33
2825,Deporte Max Studio 02825,Deporte,17.60,16
2826,Libros Home Ultra 02826,Libros,124.85,37
2827,Mascotas Prime Prime 02827,Mascotas,22.79,23
2828,Informatica Ultra Max 02828,Informatica,49.44,46
2829,Jardineria Core Core 02829,Jardineria,88.77,34
2830,Informatica Prime Eco 02830,Informatica,5.58,29
2831,Informatica Studio Core 02831,Informatica,6.62,22
2832,Informatica Pro Smart 02832,Informatica,28.41,27
2833,Electronica Mini Mini 02833,Electronica,9.12,16
2834,Electronica Core Nova 02834,Electronica,27.95,19
2835,Hogar Eco Ultra 02835,Hogar,43.83,19
2836,Deporte Air Core 02836,Deporte,123.56,44
2837,Deporte Home Studio 02837,Deporte,7.77,30
2838,Libros Home Plus 02838,Libros,25.63,28
2839,Hogar Core Nova 02839,Hogar,27.56,30
2840,Moda Pro Studio 02840,Moda,32.12,19
2841,Libros Eco Nova 02841,Libros,15.50,28
2842,Informatica Core Lite 02842,Informatica,46.77,39
2843,Hogar Eco Plus 02843,Hogar,18.47,111
2844,Juguetes Ultra Smart 02844,Juguetes,53.25,45
2845,Informatica Pro Prime 02845,Informatica,34.21,40
2846,Hogar Studio Nova 02846,Hogar,46.95,40
2847,Informatica Home Pro 02847,Informatica,47.44,23
2848,Juguetes Studio Studio 02848,Juguetes,23.19,35
2849,Hogar Lite Max 02849,Hogar,10.87,44
2850,Informatica Core Eco 02850,Informatica,20.99,20
2851,Electronica Mini Ultra 02851,Electronica,26.13,90
2852,Libros Pro Studio 02852,Libros,20.46,30
2853,Juguetes Lite Pro 02853,Juguetes,45.88,21
2854,Libros Max Eco 02854,Libros,26.51,20
2855,Electronica Smart Smart 02855,Electronica,23.40,83
2856,Electronica Core Studio 02856,Electronica,8.06,16
2857,Juguetes Lite Air 02857,Juguetes,55.18,18
2858,Informatica Mini Eco 02858,Informatica,3.87,6
2859,Informatica Pro Home 02859,Informatica,32.43,112
2860,Moda Max Plus 02860,Moda,16.33,40
2861,Informatica Prime Lite 02861,Informatica,20.00,23
2862,Electronica Nova Mini 02862,Electronica,82.22,26
2863,Hogar Prime Ultra 02863,Hogar,19.42,9
2864,Informatica Core Mini 02864,Informatica,28.57,12
2865,Hogar Max Core 02865,Hogar,55.75,58
2866,Electronica Mini Smart 02866,Electronica,18.39,102
2867,Moda Pro Core 02867,Moda,34.85,9
2868,Electronica Nova Ultra 02868,Electronica,72.30,6
2869,Jardineria Smart Studio 02869,Jardineria,10.68,110
2870,Hogar Max Max 02870,Hogar,35.74,13
2871,Deporte Air Core 02871,Deporte,32.27,41
2872,Electronica Eco Home 02872,Electronica,28.32,50
2873,Electronica Plus Pro 02873,Electronica,43.03,32
2874,Electronica Studio Home 02874,Electronica,38.30,23
2875,Moda Core Plus 02875,Moda,61.09,55
2876,Moda Mini Ultra 02876,Moda,26.93,16
2877,Libros Pro Ultra 02877,Libros,20.46,12
2878,Hogar Eco Eco 02878,Hogar,25.99,15
2879,Informatica Air Air 02879,Informatica,12.64,50
2880,Informatica Ultra Smart 02880,Informatica,21.69,41
2881,Moda Plus Max 02881,Moda,18.24,54
2882,Juguetes Nova Home 02882,Juguetes,38.64,43
2883,Hogar Air Lite 02883,Hogar,45.88,25
2884,Electronica Prime Mini 02884,Electronica,41.07,6
2885,Libros Prime Nova 02885,Libros,19.74,32
2886,Juguetes Home Home 02886,Juguetes,11.00,30
2887,Deporte Max Smart 02887,Deporte,17.68,30
2888,Hogar Pro Core 02888,Hogar,14.30,47
2889,Informatica Mini Nova 02889,Informatica,23.09,7
2890,Hogar Pro Ultra 02890,Hogar,28.82,13
2891,Libros Air Smart 02891,Libros,37.65,44
2892,Juguetes Nova Home 02892,Juguetes,36.83,49
2893,Juguetes Smart Smart 02893,Juguetes,48.72,31
2894,Jardineria Lite Nova 02894,Jardineria,74.73,96
2895,Juguetes Air Ultra 02895,Juguetes,16.95,20
2896,Hogar Mini Mini 02896,Hogar,81.87,48
2897,Moda Core Nova 02897,Moda,27.95,40
2898,Electronica Mini Lite 02898,Electronica,8.82,9
2899,Hogar Prime Air 02899,Hogar,12.30,14
2900,Juguetes Max Max 02900,Juguetes,15.24,22
2901,Deporte Lite Plus 02901,Deporte,44.44,52
2902,Informatica Prime Home 02902,Informatica,23.13,34
2903,Informatica Studio Core 02903,Informatica,49.57,19
2904,Informatica Mini Smart 02904,Informatica,11.32,12
2905,Electronica Studio Plus 02905,Electronica,58.06,43
2906,Hogar Studio Ultra 02906,Hogar,9.54,26
2907,Informatica Max Plus 02907,Informatica,16.23,23
2908,Instrumentos musicales Core Studio 02908,Instrumentos musicales,12.69,68
2909,Electronica Home Air 02909,Electronica,8.69,74
2910,Electronica Eco Ultra 02910,Electronica,22.92,8
2911,Informatica Home Mini 02911,Informatica,16.37,43
2912,Moda Plus Air 02912,Moda,21.77,18
2913,Libros Eco Pro 02913,Libros,6.93,42
2914,Informatica Ultra Ultra 02914,Informatica,114.35,34
2915,Informatica Max Home 02915,Informatica,66.58,75
2916,Electronica Smart Nova 02916,Electronica,214.86,49
2917,Electronica Pro Mini 02917,Electronica,49.36,34
2918,Moda Nova Prime 02918,Moda,32.04,22
2919,Libros Pro Pro 02919,Libros,4.54,62
2920,Jardineria Prime Air 02920,Jardineria,7.86,41
2921,Moda Prime Lite 02921,Moda,15.64,28
2922,Informatica Core Eco 02922,Informatica,5.28,26
2923,Libros Air Pro 02923,Libros,25.75,23
2924,Hogar Lite Smart 02924,Hogar,11.10,39
2925,Electronica Plus Mini 02925,Electronica,7.89,10
2926,Libros Ultra Lite 02926,Libros,15.73,99
2927,Electronica Eco Mini 02927,Electronica,15.00,23
2928,Libros Ultra Pro 02928,Libros,47.66,32
2929,Electronica Prime Max 02929,Electronica,12.65,27
2930,Mascotas Studio Smart 02930,Mascotas,8.92,38
2931,Electronica Air Air 02931,Electronica,50.70,50
2932,Hogar Air Mini 02932,Hogar,94.38,58
2933,Moda Ultra Nova 02933,Moda,16.64,54
2934,Deporte Eco Home 02934,Deporte,25.74,28
2935,Juguetes Max Air 02935,Juguetes,28.03,93
2936,Informatica Smart Eco 02936,Informatica,4.12,12
2937,Hogar Core Home 02937,Hogar,199.28,37
2938,Electronica Pro Studio 02938,Electronica,40.61,15
2939,Deporte Air Home 02939,Deporte,29.30,80
2940,Juguetes Eco Core 02940,Juguetes,20.27,42
2941,Hogar Eco Pro 02941,Hogar,58.68,25
2942,Hogar Mini Air 02942,Hogar,26.55,34
2943,Informatica Pro Pro 02943,Informatica,111.06,88
2944,Hogar Mini Studio 02944,Hogar,15.15,40
2945,Libros Lite Prime 02945,Libros,42.38,111
2946,Hogar Nova Studio 02946,Hogar,24.97,25
2947,Informatica Nova Air 02947,Informatica,23.91,29
2948,Electronica Ultra Nova 02948,Electronica,13.62,41
2949,Informatica Eco Smart 02949,Informatica,78.93,26
2950,Moda Studio Max 02950,Moda,24.75,44
2951,Informatica Home Core 02951,Informatica,53.48,11
2952,Electronica Core Core 02952,Electronica,9.49,44
2953,Informatica Mini Ultra 02953,Informatica,8.58,7
2954,Moda Eco Eco 02954,Moda,24.48,97
2955,Electronica Max Air 02955,Electronica,6.42,83
2956,Electronica Prime Plus 02956,Electronica,8.07,97
2957,Electronica Lite Smart 02957,Electronica,27.92,33
2958,Deporte Nova Ultra 02958,Deporte,17.85,92
2959,Informatica Air Studio 02959,Informatica,5.99,43
2960,Electronica Home Eco 02960,Electronica,11.09,77
2961,Electronica Plus Prime 02961,Electronica,28.40,80
2962,Moda Nova Core 02962,Moda,4.35,73
2963,Electronica Plus Pro 02963,Electronica,9.90,78
2964,Electronica Pro Smart 02964,Electronica,15.59,21
2965,Hogar Studio Pro 02965,Hogar,25.54,29
2966,Juguetes Air Lite 02966,Juguetes,36.48,27
2967,Juguetes Prime Eco 02967,Juguetes,17.88,12
2968,Hogar Lite Pro 02968,Hogar,85.29,78
2969,Informatica Core Core 02969,Informatica,40.12,32
2970,Juguetes Smart Air 02970,Juguetes,5.86,22
2971,Deporte Core Mini 02971,Deporte,53.40,44
2972,Electronica Mini Pro 02972,Electronica,21.93,34
2973,Libros Lite Lite 02973,Libros,44.20,9
2974,Informatica Nova Home 02974,Informatica,46.42,30
2975,Electronica Prime Lite 02975,Electronica,10.81,34
2976,Moda Studio Plus 02976,Moda,15.45,46
2977,Informatica Core Plus 02977,Informatica,56.35,34
2978,Electronica Nova Mini 02978,Electronica,25.40,14
2979,Informatica Nova Plus 02979,Informatica,5.45,21
2980,Hogar Eco Core 02980,Hogar,3.91,93
2981,Hogar Nova Max 02981,Hogar,30.21,76
2982,Moda Pro Core 02982,Moda,52.84,10
2983,Electronica Plus Ultra 02983,Electronica,63.00,25
2984,Moda Prime Eco 02984,Moda,56.11,45
2985,Electronica Nova Air 02985,Electronica,20.06,10
2986,Deporte Prime Pro 02986,Deporte,78.59,39
2987,Mascotas Air Eco 02987,Mascotas,33.45,28
2988,Moda Air Max 02988,Moda,64.31,25
2989,Libros Lite Plus 02989,Libros,63.13,21
2990,Informatica Max Smart 02990,Informatica,69.44,8
2991,Informatica Smart Eco 02991,Informatica,32.69,16
2992,Informatica Pro Ultra 02992,Informatica,37.70,21
2993,Hogar Max Mini 02993,Hogar,34.99,38
2994,Hogar Smart Ultra 02994,Hogar,27.01,27
2995,Electronica Plus Nova 02995,Electronica,4.26,45
2996,Moda Core Nova 02996,Moda,33.09,88
2997,Informatica Lite Max 02997,Informatica,52.13,35
2998,Moda Air Max 02998,Moda,93.48,43
2999,Electronica Eco Home 02999,Electronica,27.28,18
3000,Moda Pro Air 03000,Moda,159.92,24
3001,Informatica Max Pro 03001,Informatica,112.56,27
3002,Informatica Smart Smart 03002,Informatica,30.21,38
3003,Electronica Lite Eco 03003,Electronica,21.18,62
3004,Informatica Nova Studio 03004,Informatica,8.42,14
3005,Deporte Home Home 03005,Deporte,60.65,9
3006,Electronica Core Nova 03006,Electronica,17.05,41
3007,Informatica Lite Pro 03007,Informatica,96.94,89
3008,Electronica Studio Ultra 03008,Electronica,15.44,21
3009,Informatica Max Eco 03009,Informatica,106.84,55
3010,Instrumentos musicales Home Core 03010,Instrumentos musicales,47.37,28
3011,Informatica Prime Max 03011,Informatica,13.92,14
3012,Hogar Plus Mini 03012,Hogar,29.87,42
3013,Moda Eco Max 03013,Moda,37.79,28
3014,Instrumentos musicales Studio Air 03014,Instrumentos musicales,25.16,17
3015,Deporte Smart Mini 03015,Deporte,7.32,31
3016,Moda Plus Nova 03016,Moda,21.19,25
3017,Juguetes Eco Studio 03017,Juguetes,72.01,107
3018,Informatica Home Home 03018,Informatica,22.38,39
3019,Moda Ultra Pro 03019,Moda,10.59,53
3020,Hogar Studio Max 03020,Hogar,20.14,18
3021,Moda Home Pro 03021,Moda,24.03,49
3022,Jardineria Air Plus 03022,Jardineria,14.12,18
3023,Libros Mini Pro 03023,Libros,106.31,51
3024,Hogar Air Pro 03024,Hogar,19.49,21
3025,Libros Lite Ultra 03025,Libros,6.64,32
3026,Electronica Mini Max 03026,Electronica,69.02,33
3027,Hogar Prime Lite 03027,Hogar,125.61,34
3028,Electronica Plus Plus 03028,Electronica,6.68,12
3029,Electronica Prime Core 03029,Electronica,27.98,35
3030,Electronica Home Max 03030,Electronica,36.74,39
3031,Libros Mini Air 03031,Libros,22.71,22
3032,Moda Plus Nova 03032,Moda,6.66,7
3033,Jardineria Prime Plus 03033,Jardineria,33.19,25
3034,Electronica Ultra Plus 03034,Electronica,47.71,12
3035,Informatica Air Home 03035,Informatica,24.33,39
3036,Moda Studio Ultra 03036,Moda,35.92,42
3037,Moda Lite Lite 03037,Moda,21.90,28
3038,Libros Lite Mini 03038,Libros,31.63,17
3039,Moda Ultra Prime 03039,Moda,26.06,29
3040,Informatica Home Prime 03040,Informatica,7.60,92
3041,Libros Core Studio 03041,Libros,28.57,21
3042,Deporte Pro Studio 03042,Deporte,10.55,71
3043,Informatica Ultra Smart 03043,Informatica,33.27,37
3044,Informatica Studio Air 03044,Informatica,47.01,106
3045,Juguetes Studio Studio 03045,Juguetes,23.84,44
3046,Informatica Studio Air 03046,Informatica,11.90,20
3047,Informatica Plus Ultra 03047,Informatica,28.53,41
3048,Moda Mini Home 03048,Moda,41.08,5
3049,Informatica Mini Core 03049,Informatica,5.71,113
3050,Electronica Mini Mini 03050,Electronica,107.53,10
3051,Deporte Mini Prime 03051,Deporte,23.21,7
3052,Libros Eco Nova 03052,Libros,20.27,37
3053,Libros Lite Studio 03053,Libros,20.35,9
3054,Informatica Lite Pro 03054,Informatica,40.68,45
3055,Jardineria Smart Pro 03055,Jardineria,172.68,13
3056,Hogar Smart Smart 03056,Hogar,50.01,34
3057,Electronica Smart Home 03057,Electronica,83.11,41
3058,Jardineria Prime Max 03058,Jardineria,77.71,20
3059,Informatica Core Smart 03059,Informatica,47.12,68
3060,Informatica Mini Max 03060,Informatica,63.12,102
3061,Jardineria Air Lite 03061,Jardineria,10.94,43
3062,Jardineria Pro Air 03062,Jardineria,26.18,10
3063,Informatica Lite Smart 03063,Informatica,22.62,40
3064,Moda Prime Core 03064,Moda,24.20,7
3065,Libros Studio Pro 03065,Libros,23.73,30
3066,Electronica Pro Plus 03066,Electronica,10.10,29
3067,Electronica Prime Smart 03067,Electronica,42.98,12
3068,Moda Plus Eco 03068,Moda,29.57,10
3069,Deporte Nova Plus 03069,Deporte,18.52,57
3070,Informatica Lite Nova 03070,Informatica,14.89,41
3071,Electronica Prime Home 03071,Electronica,19.97,17
3072,Electronica Eco Prime 03072,Electronica,6.47,106
3073,Hogar Prime Pro 03073,Hogar,58.61,26
3074,Electronica Studio Ultra 03074,Electronica,41.84,35
3075,Electronica Lite Smart 03075,Electronica,23.71,37
3076,Mascotas Studio Home 03076,Mascotas,40.77,20
3077,Electronica Plus Pro 03077,Electronica,97.02,12
3078,Libros Core Nova 03078,Libros,54.03,5
3079,Juguetes Max Prime 03079,Juguetes,12.70,42
3080,Informatica Air Ultra 03080,Informatica,32.37,35
3081,Electronica Core Pro 03081,Electronica,22.26,35
3082,Informatica Plus Plus 03082,Informatica,23.50,113
3083,Juguetes Core Air 03083,Juguetes,25.47,41
3084,Libros Eco Core 03084,Libros,28.55,39
3085,Deporte Pro Core 03085,Deporte,17.86,10
3086,Moda Nova Home 03086,Moda,41.51,81
3087,Electronica Smart Studio 03087,Electronica,13.29,96
3088,Informatica Plus Lite 03088,Informatica,15.47,105
3089,Informatica Prime Core 03089,Informatica,56.45,6
3090,Informatica Smart Core 03090,Informatica,26.30,29
3091,Jardineria Prime Lite 03091,Jardineria,9.38,44
3092,Electronica Home Eco 03092,Electronica,19.13,37
3093,Instrumentos musicales Plus Prime 03093,Instrumentos musicales,225.52,25
3094,Informatica Lite Lite 03094,Informatica,237.36,33
3095,Juguetes Air Home 03095,Juguetes,11.48,9
3096,Electronica Pro Core 03096,Electronica,18.67,9
3097,Deporte Core Home 03097,Deporte,31.50,13
3098,Hogar Max Max 03098,Hogar,54.19,37
3099,Electronica Core Lite 03099,Electronica,13.36,29
3100,Informatica Plus Studio 03100,Informatica,67.25,38
3101,Deporte Ultra Prime 03101,Deporte,60.13,15
3102,Juguetes Plus Home 03102,Juguetes,51.42,43
3103,Informatica Lite Max 03103,Informatica,11.01,18
3104,Hogar Ultra Ultra 03104,Hogar,42.94,115
3105,Informatica Studio Mini 03105,Informatica,50.51,48
3106,Moda Core Max 03106,Moda,6.97,42
3107,Hogar Prime Core 03107,Hogar,17.66,24
3108,Juguetes Smart Core 03108,Juguetes,56.39,19
3109,Moda Mini Air 03109,Moda,48.61,45
3110,Moda Prime Core 03110,Moda,62.45,33
3111,Deporte Prime Core 03111,Deporte,10.60,34
3112,Moda Prime Mini 03112,Moda,48.87,41
3113,Juguetes Prime Smart 03113,Juguetes,94.38,51
3114,Juguetes Lite Ultra 03114,Juguetes,7.82,44
3115,Moda Mini Air 03115,Moda,5.67,15
3116,Electronica Plus Nova 03116,Electronica,12.75,10
3117,Informatica Ultra Prime 03117,Informatica,9.82,42
3118,Electronica Core Studio 03118,Electronica,5.90,95
3119,Informatica Lite Plus 03119,Informatica,79.92,9
3120,Informatica Ultra Studio 03120,Informatica,51.38,44
3121,Electronica Plus Plus 03121,Electronica,12.63,36
3122,Libros Core Plus 03122,Libros,13.05,28
3123,Juguetes Smart Mini 03123,Juguetes,57.91,38
3124,Deporte Lite Home 03124,Deporte,18.25,49
3125,Mascotas Pro Home 03125,Mascotas,11.40,23
3126,Hogar Pro Eco 03126,Hogar,42.25,12
3127,Jardineria Eco Plus 03127,Jardineria,14.62,42
3128,Mascotas Plus Lite 03128,Mascotas,15.64,109
3129,Electronica Core Pro 03129,Electronica,22.20,34
3130,Informatica Air Air 03130,Informatica,8.73,10
3131,Moda Smart Core 03131,Moda,19.16,24
3132,Informatica Smart Ultra 03132,Informatica,8.75,64
3133,Hogar Mini Studio 03133,Hogar,72.65,45
3134,Electronica Ultra Studio 03134,Electronica,29.56,84
3135,Deporte Ultra Core 03135,Deporte,16.52,28
3136,Electronica Air Home 03136,Electronica,31.02,20
3137,Hogar Mini Studio 03137,Hogar,12.48,34
3138,Juguetes Lite Home 03138,Juguetes,64.71,11
3139,Mascotas Smart Plus 03139,Mascotas,26.98,27
3140,Informatica Home Home 03140,Informatica,48.78,31
3141,Electronica Eco Mini 03141,Electronica,122.94,46
3142,Moda Studio Ultra 03142,Moda,13.82,51
3143,Moda Max Ultra 03143,Moda,29.17,23
3144,Electronica Prime Prime 03144,Electronica,7.86,13
3145,Informatica Studio Smart 03145,Informatica,25.56,31
3146,Jardineria Pro Plus 03146,Jardineria,43.24,17
3147,Hogar Home Mini 03147,Hogar,5.53,10
3148,Hogar Max Nova 03148,Hogar,16.81,87
3149,Jardineria Core Ultra 03149,Jardineria,29.22,22
3150,Electronica Pro Max 03150,Electronica,13.87,96
3151,Informatica Max Smart 03151,Informatica,61.37,50
3152,Electronica Core Home 03152,Electronica,20.21,30
3153,Hogar Mini Home 03153,Hogar,82.73,9
3154,Jardineria Pro Core 03154,Jardineria,24.38,40
3155,Hogar Home Core 03155,Hogar,7.80,61
3156,Hogar Eco Mini 03156,Hogar,21.09,83
3157,Moda Mini Nova 03157,Moda,85.27,20
3158,Hogar Lite Studio 03158,Hogar,53.43,48
3159,Electronica Smart Air 03159,Electronica,4.04,30
3160,Hogar Pro Plus 03160,Hogar,23.05,23
3161,Informatica Eco Pro 03161,Informatica,15.87,45
3162,Juguetes Mini Air 03162,Juguetes,54.28,42
3163,Libros Prime Max 03163,Libros,10.94,46
3164,Informatica Pro Home 03164,Informatica,182.61,33
3165,Electronica Lite Core 03165,Electronica,11.12,37
3166,Moda Mini Eco 03166,Moda,14.28,42
3167,Electronica Core Home 03167,Electronica,28.23,7
3168,Deporte Max Ultra 03168,Deporte,44.47,64
3169,Informatica Smart Core 03169,Informatica,36.25,35
3170,Informatica Mini Nova 03170,Informatica,45.00,40
3171,Informatica Eco Pro 03171,Informatica,10.31,80
3172,Electronica Core Smart 03172,Electronica,5.34,108
3173,Electronica Smart Eco 03173,Electronica,8.51,17
3174,Libros Core Studio 03174,Libros,33.82,5
3175,Informatica Max Smart 03175,Informatica,7.48,49
3176,Electronica Lite Pro 03176,Electronica,31.80,9
3177,Jardineria Lite Nova 03177,Jardineria,49.60,33
3178,Juguetes Ultra Lite 03178,Juguetes,49.67,45
3179,Electronica Core Prime 03179,Electronica,14.59,18
3180,Hogar Lite Mini 03180,Hogar,17.28,111
3181,Informatica Lite Prime 03181,Informatica,12.22,17
3182,Informatica Core Studio 03182,Informatica,17.01,21
3183,Libros Mini Home 03183,Libros,39.85,59
3184,Electronica Air Max 03184,Electronica,120.32,54
3185,Informatica Studio Eco 03185,Informatica,14.97,37
3186,Hogar Lite Prime 03186,Hogar,6.02,45
3187,Informatica Ultra Core 03187,Informatica,60.34,21
3188,Electronica Mini Lite 03188,Electronica,79.34,67
3189,Electronica Air Pro 03189,Electronica,44.56,40
3190,Mascotas Eco Nova 03190,Mascotas,11.09,15
3191,Electronica Prime Lite 03191,Electronica,29.33,70
3192,Instrumentos musicales Home Plus 03192,Instrumentos musicales,33.44,58
3193,Informatica Max Lite 03193,Informatica,17.81,24
3194,Jardineria Ultra Prime 03194,Jardineria,77.84,14
3195,Moda Pro Max 03195,Moda,9.78,16
3196,Juguetes Eco Max 03196,Juguetes,9.74,18
3197,Hogar Air Air 03197,Hogar,16.17,49
3198,Jardineria Mini Pro 03198,Jardineria,18.54,13
3199,Deporte Prime Pro 03199,Deporte,4.77,79
3200,Libros Ultra Eco 03200,Libros,22.21,24
3201,Hogar Eco Nova 03201,Hogar,40.81,38
3202,Juguetes Air Ultra 03202,Juguetes,34.55,22
3203,Libros Ultra Eco 03203,Libros,16.54,29
3204,Libros Nova Eco 03204,Libros,40.61,6
3205,Electronica Air Plus 03205,Electronica,21.48,10
3206,Electronica Lite Plus 03206,Electronica,170.33,11
3207,Deporte Mini Pro 03207,Deporte,20.50,92
3208,Electronica Max Air 03208,Electronica,16.06,108
3209,Jardineria Smart Eco 03209,Jardineria,23.21,53
3210,Electronica Lite Prime 03210,Electronica,27.90,25
3211,Deporte Pro Nova 03211,Deporte,27.59,22
3212,Informatica Pro Air 03212,Informatica,22.95,89
3213,Electronica Eco Smart 03213,Electronica,58.47,13
3214,Libros Lite Core 03214,Libros,19.91,47
3215,Informatica Home Plus 03215,Informatica,25.06,99
3216,Moda Air Air 03216,Moda,26.03,109
3217,Moda Air Core 03217,Moda,44.01,27
3218,Electronica Prime Prime 03218,Electronica,13.95,33
3219,Hogar Max Home 03219,Hogar,76.59,56
3220,Moda Air Air 03220,Moda,56.47,36
3221,Electronica Plus Home 03221,Electronica,57.00,62
3222,Libros Pro Smart 03222,Libros,23.87,15
3223,Libros Air Core 03223,Libros,11.05,64
3224,Juguetes Home Studio 03224,Juguetes,24.70,52
3225,Jardineria Core Pro 03225,Jardineria,65.81,30
3226,Mascotas Core Smart 03226,Mascotas,33.01,103
3227,Electronica Ultra Max 03227,Electronica,34.02,14
3228,Mascotas Ultra Home 03228,Mascotas,148.38,33
3229,Deporte Home Air 03229,Deporte,63.36,37
3230,Informatica Max Prime 03230,Informatica,51.04,17
3231,Hogar Prime Lite 03231,Hogar,55.90,46
3232,Libros Lite Studio 03232,Libros,18.85,9
3233,Deporte Lite Studio 03233,Deporte,45.16,53
3234,Informatica Ultra Nova 03234,Informatica,24.25,33
3235,Instrumentos musicales Core Prime 03235,Instrumentos musicales,34.32,17
3236,Electronica Plus Prime 03236,Electronica,9.76,39
3237,Electronica Air Core 03237,Electronica,62.11,78
3238,Informatica Lite Prime 03238,Informatica,2.50,13
3239,Informatica Ultra Ultra 03239,Informatica,23.20,6
3240,Informatica Home Prime 03240,Informatica,53.12,29
3241,Hogar Ultra Eco 03241,Hogar,35.00,59
3242,Electronica Max Pro 03242,Electronica,7.88,43
3243,Electronica Eco Home 03243,Electronica,43.12,12
3244,Moda Air Prime 03244,Moda,35.31,86
3245,Juguetes Air Core 03245,Juguetes,2.73,47
3246,Informatica Pro Home 03246,Informatica,60.79,49
3247,Electronica Nova Lite 03247,Electronica,8.53,57
3248,Moda Lite Home 03248,Moda,113.90,34
3249,Informatica Air Plus 03249,Informatica,20.91,10
3250,Moda Air Eco 03250,Moda,27.44,20
3251,Hogar Studio Home 03251,Hogar,29.45,15
3252,Jardineria Studio Nova 03252,Jardineria,32.75,105
3253,Libros Nova Smart 03253,Libros,12.48,35
3254,Electronica Studio Max 03254,Electronica,32.57,36
3255,Juguetes Air Prime 03255,Juguetes,17.43,22
3256,Electronica Max Ultra 03256,Electronica,166.83,100
3257,Hogar Air Plus 03257,Hogar,16.82,26
3258,Hogar Ultra Air 03258,Hogar,134.57,41
3259,Hogar Air Lite 03259,Hogar,20.35,91
3260,Electronica Air Home 03260,Electronica,24.91,25
3261,Deporte Pro Mini 03261,Deporte,39.67,28
3262,Instrumentos musicales Core Eco 03262,Instrumentos musicales,75.56,98
3263,Electronica Pro Smart 03263,Electronica,27.42,10
3264,Electronica Mini Smart 03264,Electronica,33.97,38
3265,Electronica Smart Pro 03265,Electronica,5.18,9
3266,Hogar Prime Home 03266,Hogar,4.93,44
3267,Hogar Max Nova 03267,Hogar,19.28,97
3268,Electronica Air Eco 03268,Electronica,42.33,30
3269,Electronica Air Pro 03269,Electronica,20.40,24
3270,Hogar Core Air 03270,Hogar,37.62,48
3271,Mascotas Prime Pro 03271,Mascotas,8.85,33
3272,Libros Max Max 03272,Libros,46.45,8
3273,Informatica Eco Lite 03273,Informatica,44.48,79
3274,Jardineria Prime Smart 03274,Jardineria,17.99,101
3275,Informatica Air Air 03275,Informatica,90.34,103
3276,Electronica Eco Studio 03276,Electronica,47.00,19
3277,Moda Mini Smart 03277,Moda,16.28,35
3278,Deporte Max Mini 03278,Deporte,36.38,13
3279,Electronica Mini Max 03279,Electronica,52.83,90
3280,Hogar Lite Home 03280,Hogar,87.48,23
3281,Juguetes Eco Ultra 03281,Juguetes,45.34,22
3282,Informatica Air Plus 03282,Informatica,9.89,44
3283,Electronica Smart Air 03283,Electronica,26.30,6
3284,Moda Lite Prime 03284,Moda,3.96,17
3285,Electronica Home Lite 03285,Electronica,58.35,45
3286,Moda Max Prime 03286,Moda,15.51,30
3287,Electronica Plus Mini 03287,Electronica,27.17,8
3288,Informatica Pro Mini 03288,Informatica,12.51,32
3289,Instrumentos musicales Home Prime 03289,Instrumentos musicales,43.97,24
3290,Jardineria Ultra Prime 03290,Jardineria,64.69,33
3291,Juguetes Core Ultra 03291,Juguetes,46.61,48
3292,Deporte Prime Ultra 03292,Deporte,28.21,31
3293,Jardineria Core Smart 03293,Jardineria,15.16,9
3294,Informatica Nova Prime 03294,Informatica,28.36,43
3295,Electronica Air Ultra 03295,Electronica,27.52,44
3296,Deporte Nova Pro 03296,Deporte,45.15,39
3297,Juguetes Mini Home 03297,Juguetes,79.58,26
3298,Electronica Prime Core 03298,Electronica,19.07,37
3299,Moda Nova Studio 03299,Moda,18.30,8
3300,Hogar Max Max 03300,Hogar,17.73,30
3301,Hogar Core Max 03301,Hogar,108.27,43
3302,Jardineria Studio Lite 03302,Jardineria,846.54,41
3303,Deporte Pro Home 03303,Deporte,70.87,24
3304,Jardineria Eco Plus 03304,Jardineria,9.08,104
3305,Jardineria Home Smart 03305,Jardineria,83.15,40
3306,Juguetes Prime Studio 03306,Juguetes,30.32,14
3307,Juguetes Plus Studio 03307,Juguetes,37.56,34
3308,Hogar Plus Max 03308,Hogar,76.02,101
3309,Electronica Home Core 03309,Electronica,9.71,38
3310,Informatica Studio Ultra 03310,Informatica,13.89,37
3311,Moda Prime Studio 03311,Moda,3.75,99
3312,Moda Studio Eco 03312,Moda,12.39,44
3313,Juguetes Eco Prime 03313,Juguetes,20.32,23
3314,Informatica Studio Nova 03314,Informatica,72.39,98
3315,Informatica Plus Prime 03315,Informatica,39.68,27
3316,Deporte Nova Ultra 03316,Deporte,5.08,54
3317,Moda Air Plus 03317,Moda,11.13,39
3318,Electronica Max Smart 03318,Electronica,73.64,108
3319,Moda Studio Studio 03319,Moda,9.90,34
3320,Libros Lite Prime 03320,Libros,42.21,8
3321,Moda Pro Smart 03321,Moda,85.96,58
3322,Juguetes Max Plus 03322,Juguetes,23.37,43
3323,Electronica Lite Home 03323,Electronica,35.29,78
3324,Informatica Eco Nova 03324,Informatica,13.61,106
3325,Informatica Prime Pro 03325,Informatica,8.66,30
3326,Juguetes Ultra Lite 03326,Juguetes,38.30,44
3327,Hogar Home Ultra 03327,Hogar,50.51,34
3328,Electronica Eco Mini 03328,Electronica,12.92,33
3329,Deporte Eco Pro 03329,Deporte,23.31,12
3330,Electronica Max Smart 03330,Electronica,2.50,30
3331,Hogar Air Lite 03331,Hogar,15.35,34
3332,Electronica Prime Air 03332,Electronica,23.36,95
3333,Hogar Studio Core 03333,Hogar,39.37,41
3334,Libros Core Eco 03334,Libros,16.99,56
3335,Jardineria Studio Home 03335,Jardineria,59.70,41
3336,Deporte Air Core 03336,Deporte,11.35,32
3337,Deporte Ultra Eco 03337,Deporte,69.06,28
3338,Juguetes Prime Nova 03338,Juguetes,21.98,28
3339,Juguetes Mini Eco 03339,Juguetes,56.09,45
3340,Informatica Studio Mini 03340,Informatica,42.74,16
3341,Juguetes Core Max 03341,Juguetes,20.39,16
3342,Jardineria Studio Lite 03342,Jardineria,31.18,49
3343,Deporte Mini Plus 03343,Deporte,3.08,41
3344,Electronica Plus Prime 03344,Electronica,54.20,15
3345,Electronica Home Air 03345,Electronica,22.61,70
3346,Electronica Ultra Lite 03346,Electronica,14.54,76
3347,Informatica Air Core 03347,Informatica,62.16,45
3348,Jardineria Eco Mini 03348,Jardineria,46.36,28
3349,Hogar Core Studio 03349,Hogar,62.50,23
3350,Hogar Pro Core 03350,Hogar,38.01,47
3351,Electronica Studio Smart 03351,Electronica,17.20,44
3352,Moda Max Studio 03352,Moda,5.32,21
3353,Deporte Max Core 03353,Deporte,24.07,37
3354,Electronica Air Nova 03354,Electronica,4.72,109
3355,Mascotas Prime Nova 03355,Mascotas,14.52,46
3356,Juguetes Ultra Mini 03356,Juguetes,12.16,7
3357,Juguetes Plus Home 03357,Juguetes,61.76,31
3358,Electronica Pro Ultra 03358,Electronica,8.41,65
3359,Hogar Pro Max 03359,Hogar,9.16,98
3360,Juguetes Lite Air 03360,Juguetes,54.69,59
3361,Hogar Nova Eco 03361,Hogar,15.15,31
3362,Moda Nova Pro 03362,Moda,34.57,36
3363,Electronica Studio Nova 03363,Electronica,17.52,43
3364,Moda Eco Ultra 03364,Moda,31.35,53
3365,Moda Air Core 03365,Moda,39.61,33
3366,Informatica Air Studio 03366,Informatica,7.00,86
3367,Mascotas Mini Ultra 03367,Mascotas,60.97,14
3368,Hogar Smart Ultra 03368,Hogar,28.06,21
3369,Informatica Lite Ultra 03369,Informatica,10.67,68
3370,Electronica Smart Studio 03370,Electronica,15.37,32
3371,Moda Ultra Ultra 03371,Moda,18.15,45
3372,Instrumentos musicales Nova Eco 03372,Instrumentos musicales,16.30,15
3373,Moda Smart Eco 03373,Moda,52.25,7
3374,Juguetes Lite Mini 03374,Juguetes,3.85,34
3375,Informatica Nova Prime 03375,Informatica,52.24,8
3376,Electronica Ultra Studio 03376,Electronica,18.63,15
3377,Hogar Air Smart 03377,Hogar,9.47,26
3378,Informatica Studio Core 03378,Informatica,7.87,110
3379,Moda Max Plus 03379,Moda,47.21,24
3380,Instrumentos musicales Air Core 03380,Instrumentos musicales,13.86,76
3381,Moda Air Home 03381,Moda,58.08,83
3382,Informatica Plus Prime 03382,Informatica,7.32,24
3383,Deporte Studio Max 03383,Deporte,14.16,106
3384,Libros Plus Home 03384,Libros,20.79,63
3385,Informatica Lite Studio 03385,Informatica,53.53,32
3386,Jardineria Nova Pro 03386,Jardineria,5.95,25
3387,Hogar Pro Plus 03387,Hogar,38.10,59
3388,Informatica Max Plus 03388,Informatica,15.23,43
3389,Electronica Eco Studio 03389,Electronica,60.63,42
3390,Moda Studio Core 03390,Moda,54.20,37
3391,Moda Nova Core 03391,Moda,13.77,71
3392,Mascotas Eco Lite 03392,Mascotas,22.42,39
3393,Libros Lite Smart 03393,Libros,30.59,59
3394,Electronica Ultra Prime 03394,Electronica,8.71,103
3395,Electronica Ultra Core 03395,Electronica,38.15,15
3396,Mascotas Pro Prime 03396,Mascotas,25.87,40
3397,Hogar Air Smart 03397,Hogar,115.33,38
3398,Juguetes Mini Plus 03398,Juguetes,27.35,104
3399,Electronica Ultra Eco 03399,Electronica,13.90,66
3400,Instrumentos musicales Studio Eco 03400,Instrumentos musicales,7.91,41
3401,Moda Prime Pro 03401,Moda,15.46,19
3402,Hogar Studio Lite 03402,Hogar,33.42,67
3403,Juguetes Eco Lite 03403,Juguetes,34.57,35
3404,Juguetes Studio Studio 03404,Juguetes,21.60,91
3405,Hogar Smart Air 03405,Hogar,67.04,20
3406,Informatica Max Air 03406,Informatica,25.03,90
3407,Hogar Prime Studio 03407,Hogar,15.28,26
3408,Moda Air Mini 03408,Moda,26.59,42
3409,Hogar Mini Smart 03409,Hogar,424.29,18
3410,Informatica Studio Nova 03410,Informatica,4.05,23
3411,Informatica Home Prime 03411,Informatica,21.83,12
3412,Juguetes Eco Max 03412,Juguetes,38.64,20
3413,Hogar Eco Ultra 03413,Hogar,28.57,79
3414,Libros Core Core 03414,Libros,10.30,23
3415,Juguetes Max Prime 03415,Juguetes,6.06,22
3416,Juguetes Mini Eco 03416,Juguetes,25.75,38
3417,Deporte Studio Smart 03417,Deporte,54.67,31
3418,Hogar Home Studio 03418,Hogar,26.86,85
3419,Hogar Core Eco 03419,Hogar,14.44,13
3420,Libros Ultra Eco 03420,Libros,63.25,26
3421,Moda Mini Pro 03421,Moda,69.91,45
3422,Informatica Lite Plus 03422,Informatica,52.37,42
3423,Juguetes Pro Core 03423,Juguetes,23.68,44
3424,Electronica Home Air 03424,Electronica,82.08,91
3425,Juguetes Ultra Nova 03425,Juguetes,19.98,41
3426,Electronica Mini Plus 03426,Electronica,34.63,20
3427,Deporte Mini Mini 03427,Deporte,30.56,59
3428,Moda Max Mini 03428,Moda,33.26,29
3429,Hogar Smart Nova 03429,Hogar,10.55,24
3430,Hogar Prime Pro 03430,Hogar,20.37,22
3431,Informatica Ultra Plus 03431,Informatica,23.50,70
3432,Informatica Studio Prime 03432,Informatica,14.96,53
3433,Electronica Eco Nova 03433,Electronica,116.96,24
3434,Libros Studio Studio 03434,Libros,12.60,26
3435,Instrumentos musicales Pro Eco 03435,Instrumentos musicales,54.97,67
3436,Libros Air Eco 03436,Libros,24.09,39
3437,Electronica Plus Smart 03437,Electronica,356.53,24
3438,Jardineria Studio Core 03438,Jardineria,24.89,19
3439,Juguetes Pro Plus 03439,Juguetes,7.67,26
3440,Electronica Plus Nova 03440,Electronica,49.94,104
3441,Moda Eco Smart 03441,Moda,24.45,105
3442,Instrumentos musicales Mini Core 03442,Instrumentos musicales,25.77,18
3443,Electronica Pro Max 03443,Electronica,51.86,10
3444,Jardineria Eco Core 03444,Jardineria,28.48,33
3445,Moda Plus Nova 03445,Moda,13.41,9
3446,Hogar Plus Plus 03446,Hogar,20.59,45
3447,Libros Ultra Nova 03447,Libros,3.72,12
3448,Moda Prime Plus 03448,Moda,149.23,44
3449,Electronica Smart Eco 03449,Electronica,30.75,49
3450,Libros Air Plus 03450,Libros,42.32,56
3451,Moda Core Mini 03451,Moda,24.05,45
3452,Informatica Air Prime 03452,Informatica,42.50,68
3453,Moda Smart Plus 03453,Moda,53.70,41
3454,Informatica Smart Air 03454,Informatica,34.27,90
3455,Informatica Studio Max 03455,Informatica,31.75,7
3456,Electronica Home Nova 03456,Electronica,13.79,38
3457,Juguetes Studio Plus 03457,Juguetes,21.31,37
3458,Electronica Home Ultra 03458,Electronica,11.34,44
3459,Electronica Smart Nova 03459,Electronica,9.83,86
3460,Electronica Studio Mini 03460,Electronica,10.39,20
3461,Hogar Mini Studio 03461,Hogar,28.37,90
3462,Deporte Air Home 03462,Deporte,14.41,33
3463,Informatica Smart Ultra 03463,Informatica,8.36,23
3464,Hogar Smart Lite 03464,Hogar,61.78,24
3465,Juguetes Pro Home 03465,Juguetes,7.98,13
3466,Moda Ultra Home 03466,Moda,13.02,85
3467,Deporte Eco Home 03467,Deporte,33.43,28
3468,Juguetes Home Ultra 03468,Juguetes,13.29,47
3469,Informatica Lite Air 03469,Informatica,60.44,16
3470,Instrumentos musicales Plus Core 03470,Instrumentos musicales,78.94,41
3471,Moda Smart Mini 03471,Moda,28.55,52
3472,Juguetes Nova Eco 03472,Juguetes,17.64,25
3473,Hogar Plus Plus 03473,Hogar,98.86,81
3474,Informatica Ultra Pro 03474,Informatica,48.81,108
3475,Electronica Pro Nova 03475,Electronica,10.36,92
3476,Electronica Air Prime 03476,Electronica,17.08,33
3477,Hogar Max Prime 03477,Hogar,130.80,25
3478,Informatica Mini Lite 03478,Informatica,34.39,105
3479,Informatica Lite Max 03479,Informatica,13.23,45
3480,Jardineria Pro Core 03480,Jardineria,17.16,32
3481,Jardineria Lite Core 03481,Jardineria,64.99,11
3482,Electronica Mini Air 03482,Electronica,10.29,5
3483,Moda Air Plus 03483,Moda,13.09,45
3484,Hogar Plus Nova 03484,Hogar,13.83,18
3485,Electronica Ultra Smart 03485,Electronica,72.44,26
3486,Mascotas Eco Eco 03486,Mascotas,78.66,30
3487,Electronica Core Studio 03487,Electronica,12.44,36
3488,Hogar Lite Smart 03488,Hogar,4.58,19
3489,Informatica Core Eco 03489,Informatica,45.36,28
3490,Libros Eco Core 03490,Libros,35.51,30
3491,Electronica Eco Nova 03491,Electronica,34.98,37
3492,Informatica Plus Smart 03492,Informatica,54.59,84
3493,Moda Smart Eco 03493,Moda,4.85,9
3494,Hogar Studio Mini 03494,Hogar,36.80,7
3495,Electronica Lite Lite 03495,Electronica,9.85,109
3496,Hogar Studio Prime 03496,Hogar,20.05,34
3497,Informatica Pro Home 03497,Informatica,30.68,28
3498,Electronica Ultra Nova 03498,Electronica,107.96,52
3499,Libros Plus Studio 03499,Libros,89.95,25
3500,Hogar Ultra Eco 03500,Hogar,30.33,19
3501,Informatica Studio Studio 03501,Informatica,40.25,18
3502,Libros Home Studio 03502,Libros,45.17,26
3503,Moda Smart Lite 03503,Moda,28.86,84
3504,Juguetes Ultra Mini 03504,Juguetes,17.67,103
3505,Instrumentos musicales Max Plus 03505,Instrumentos musicales,24.46,19
3506,Libros Core Smart 03506,Libros,14.25,23
3507,Deporte Eco Home 03507,Deporte,69.88,19
3508,Hogar Ultra Prime 03508,Hogar,7.74,28
3509,Informatica Plus Pro 03509,Informatica,23.63,52
3510,Libros Home Studio 03510,Libros,25.41,33
3511,Hogar Mini Max 03511,Hogar,2.90,44
3512,Libros Home Prime 03512,Libros,12.99,11
3513,Libros Air Prime 03513,Libros,104.76,14
3514,Hogar Core Pro 03514,Hogar,69.55,56
3515,Electronica Max Smart 03515,Electronica,21.46,31
3516,Jardineria Smart Mini 03516,Jardineria,12.28,58
3517,Deporte Plus Plus 03517,Deporte,16.57,19
3518,Moda Plus Max 03518,Moda,48.60,37
3519,Jardineria Lite Smart 03519,Jardineria,19.47,78
3520,Informatica Lite Prime 03520,Informatica,67.26,11
3521,Electronica Plus Nova 03521,Electronica,8.47,44
3522,Deporte Max Lite 03522,Deporte,13.93,39
3523,Electronica Lite Home 03523,Electronica,40.62,15
3524,Juguetes Smart Studio 03524,Juguetes,100.13,12
3525,Informatica Ultra Nova 03525,Informatica,17.05,61
3526,Informatica Home Home 03526,Informatica,22.06,20
3527,Informatica Smart Prime 03527,Informatica,70.67,25
3528,Electronica Prime Ultra 03528,Electronica,23.19,16
3529,Hogar Lite Home 03529,Hogar,42.64,24
3530,Deporte Nova Eco 03530,Deporte,42.03,35
3531,Moda Plus Lite 03531,Moda,76.03,28
3532,Informatica Mini Smart 03532,Informatica,107.43,49
3533,Hogar Home Nova 03533,Hogar,20.02,24
3534,Electronica Pro Max 03534,Electronica,8.50,96
3535,Libros Pro Plus 03535,Libros,44.84,90
3536,Deporte Ultra Prime 03536,Deporte,20.06,32
3537,Electronica Home Air 03537,Electronica,38.50,47
3538,Electronica Pro Studio 03538,Electronica,51.50,20
3539,Libros Mini Mini 03539,Libros,29.68,26
3540,Electronica Smart Mini 03540,Electronica,14.97,61
3541,Informatica Home Air 03541,Informatica,26.02,103
3542,Electronica Core Smart 03542,Electronica,45.34,98
3543,Moda Studio Smart 03543,Moda,23.49,87
3544,Hogar Lite Mini 03544,Hogar,50.33,18
3545,Moda Core Ultra 03545,Moda,86.01,110
3546,Moda Max Max 03546,Moda,5.74,33
3547,Juguetes Core Smart 03547,Juguetes,11.23,79
3548,Deporte Air Mini 03548,Deporte,61.46,25
3549,Electronica Plus Pro 03549,Electronica,37.89,113
3550,Informatica Plus Nova 03550,Informatica,25.48,11
3551,Electronica Smart Studio 03551,Electronica,10.89,91
3552,Electronica Plus Air 03552,Electronica,46.58,80
3553,Juguetes Home Mini 03553,Juguetes,3.98,38
3554,Moda Home Home 03554,Moda,20.95,79
3555,Electronica Smart Nova 03555,Electronica,45.70,31
3556,Deporte Studio Ultra 03556,Deporte,13.51,7
3557,Moda Ultra Nova 03557,Moda,39.18,41
3558,Mascotas Max Plus 03558,Mascotas,70.08,68
3559,Moda Plus Max 03559,Moda,28.45,33
3560,Jardineria Smart Core 03560,Jardineria,14.95,48
3561,Informatica Home Prime 03561,Informatica,62.55,27
3562,Libros Home Home 03562,Libros,16.81,41
3563,Hogar Pro Mini 03563,Hogar,65.72,12
3564,Informatica Ultra Lite 03564,Informatica,10.84,98
3565,Hogar Lite Max 03565,Hogar,9.41,114
3566,Instrumentos musicales Max Plus 03566,Instrumentos musicales,40.23,8
3567,Juguetes Core Air 03567,Juguetes,29.74,18
3568,Libros Lite Mini 03568,Libros,87.20,40
3569,Deporte Home Air 03569,Deporte,51.08,24
3570,Moda Pro Core 03570,Moda,10.71,89
3571,Instrumentos musicales Eco Air 03571,Instrumentos musicales,62.57,37
3572,Informatica Pro Home 03572,Informatica,76.96,55
3573,Juguetes Eco Pro 03573,Juguetes,2.54,77
3574,Hogar Home Max 03574,Hogar,22.20,35
3575,Moda Smart Mini 03575,Moda,76.57,28
3576,Moda Lite Nova 03576,Moda,16.16,6
3577,Electronica Air Prime 03577,Electronica,23.60,94
3578,Informatica Air Mini 03578,Informatica,29.54,44
3579,Moda Home Air 03579,Moda,5.14,44
3580,Electronica Nova Max 03580,Electronica,33.41,13
3581,Hogar Home Air 03581,Hogar,12.21,5
3582,Deporte Eco Ultra 03582,Deporte,30.28,38
3583,Informatica Smart Eco 03583,Informatica,180.30,53
3584,Electronica Home Air 03584,Electronica,32.28,34
3585,Moda Home Lite 03585,Moda,15.17,85
3586,Electronica Air Studio 03586,Electronica,7.68,27
3587,Electronica Prime Smart 03587,Electronica,20.99,60
3588,Jardineria Home Prime 03588,Jardineria,5.65,94
3589,Informatica Max Air 03589,Informatica,20.08,44
3590,Juguetes Eco Prime 03590,Juguetes,41.93,5
3591,Electronica Core Studio 03591,Electronica,12.68,10
3592,Instrumentos musicales Air Studio 03592,Instrumentos musicales,24.52,15
3593,Juguetes Smart Lite 03593,Juguetes,27.58,102
3594,Instrumentos musicales Plus Air 03594,Instrumentos musicales,71.07,30
3595,Informatica Mini Air 03595,Informatica,81.88,9
3596,Moda Lite Plus 03596,Moda,51.79,26
3597,Libros Studio Core 03597,Libros,101.10,25
3598,Juguetes Core Nova 03598,Juguetes,43.51,41
3599,Electronica Plus Eco 03599,Electronica,132.75,59
3600,Informatica Home Prime 03600,Informatica,20.03,52
3601,Libros Prime Smart 03601,Libros,8.87,33
3602,Libros Air Nova 03602,Libros,35.15,31
3603,Jardineria Ultra Core 03603,Jardineria,8.34,26
3604,Hogar Air Prime 03604,Hogar,91.16,10
3605,Hogar Pro Air 03605,Hogar,23.19,98
3606,Moda Lite Mini 03606,Moda,179.97,90
3607,Deporte Eco Plus 03607,Deporte,35.85,25
3608,Hogar Mini Eco 03608,Hogar,13.39,11
3609,Moda Eco Prime 03609,Moda,13.85,21
3610,Hogar Plus Mini 03610,Hogar,70.21,49
3611,Electronica Air Studio 03611,Electronica,32.24,39
3612,Electronica Smart Smart 03612,Electronica,5.74,44
3613,Moda Lite Eco 03613,Moda,18.66,49
3614,Moda Lite Air 03614,Moda,62.99,30
3615,Jardineria Plus Smart 03615,Jardineria,46.33,9
3616,Informatica Plus Ultra 03616,Informatica,28.15,42
3617,Deporte Prime Lite 03617,Deporte,10.45,44
3618,Electronica Smart Studio 03618,Electronica,18.51,26
3619,Electronica Pro Studio 03619,Electronica,20.14,23
3620,Deporte Core Ultra 03620,Deporte,60.57,21
3621,Deporte Plus Nova 03621,Deporte,20.78,40
3622,Hogar Plus Prime 03622,Hogar,12.51,104
3623,Libros Core Pro 03623,Libros,6.37,11
3624,Electronica Eco Nova 03624,Electronica,40.02,54
3625,Hogar Home Home 03625,Hogar,46.61,43
3626,Hogar Lite Home 03626,Hogar,190.37,69
3627,Hogar Home Plus 03627,Hogar,10.62,35
3628,Informatica Core Nova 03628,Informatica,139.67,14
3629,Instrumentos musicales Air Prime 03629,Instrumentos musicales,21.38,66
3630,Jardineria Nova Pro 03630,Jardineria,107.46,103
3631,Hogar Max Core 03631,Hogar,9.79,27
3632,Hogar Lite Plus 03632,Hogar,49.37,37
3633,Informatica Max Mini 03633,Informatica,24.63,28
3634,Instrumentos musicales Eco Home 03634,Instrumentos musicales,54.00,19
3635,Instrumentos musicales Home Nova 03635,Instrumentos musicales,14.10,42
3636,Mascotas Home Eco 03636,Mascotas,11.23,114
3637,Informatica Studio Air 03637,Informatica,25.23,40
3638,Moda Pro Air 03638,Moda,11.40,32
3639,Informatica Eco Prime 03639,Informatica,17.09,16
3640,Instrumentos musicales Eco Smart 03640,Instrumentos musicales,14.88,18
3641,Electronica Eco Ultra 03641,Electronica,32.73,21
3642,Hogar Pro Lite 03642,Hogar,79.31,10
3643,Electronica Home Core 03643,Electronica,27.65,32
3644,Deporte Studio Mini 03644,Deporte,70.68,26
3645,Electronica Mini Air 03645,Electronica,5.75,32
3646,Juguetes Ultra Max 03646,Juguetes,27.18,12
3647,Jardineria Prime Core 03647,Jardineria,11.16,20
3648,Informatica Lite Max 03648,Informatica,56.39,53
3649,Electronica Ultra Ultra 03649,Electronica,67.62,49
3650,Informatica Studio Mini 03650,Informatica,43.12,36
3651,Hogar Air Plus 03651,Hogar,53.88,6
3652,Moda Home Prime 03652,Moda,21.13,10
3653,Moda Ultra Eco 03653,Moda,16.08,21
3654,Moda Max Core 03654,Moda,148.55,37
3655,Electronica Prime Lite 03655,Electronica,13.89,76
3656,Hogar Smart Lite 03656,Hogar,15.91,86
3657,Libros Plus Lite 03657,Libros,19.78,29
3658,Informatica Pro Max 03658,Informatica,7.04,75
3659,Electronica Nova Core 03659,Electronica,9.87,7
3660,Juguetes Ultra Smart 03660,Juguetes,54.97,14
3661,Juguetes Plus Prime 03661,Juguetes,22.59,34
3662,Electronica Max Eco 03662,Electronica,32.19,31
3663,Jardineria Plus Smart 03663,Jardineria,87.99,25
3664,Informatica Lite Home 03664,Informatica,16.54,8
3665,Mascotas Air Plus 03665,Mascotas,11.46,88
3666,Hogar Max Mini 03666,Hogar,20.29,43
3667,Moda Home Mini 03667,Moda,85.09,65
3668,Hogar Studio Air 03668,Hogar,36.45,32
3669,Informatica Air Lite 03669,Informatica,19.76,10
3670,Informatica Lite Nova 03670,Informatica,32.50,49
3671,Hogar Core Air 03671,Hogar,20.64,43
3672,Informatica Nova Mini 03672,Informatica,152.71,56
3673,Moda Plus Air 03673,Moda,69.49,36
3674,Electronica Ultra Core 03674,Electronica,18.92,111
3675,Electronica Studio Studio 03675,Electronica,8.69,16
3676,Electronica Ultra Studio 03676,Electronica,46.40,46
3677,Informatica Studio Core 03677,Informatica,45.33,40
3678,Hogar Mini Ultra 03678,Hogar,6.61,33
3679,Juguetes Lite Home 03679,Juguetes,20.82,20
3680,Electronica Smart Home 03680,Electronica,14.62,41
3681,Informatica Core Smart 03681,Informatica,60.08,19
3682,Juguetes Air Nova 03682,Juguetes,8.20,104
3683,Hogar Eco Smart 03683,Hogar,38.75,71
3684,Libros Lite Air 03684,Libros,33.44,102
3685,Mascotas Plus Core 03685,Mascotas,32.59,5
3686,Moda Smart Pro 03686,Moda,38.15,6
3687,Electronica Mini Lite 03687,Electronica,10.96,47
3688,Informatica Eco Core 03688,Informatica,47.12,29
3689,Moda Pro Eco 03689,Moda,14.40,15
3690,Hogar Plus Max 03690,Hogar,7.44,112
3691,Moda Nova Home 03691,Moda,15.59,103
3692,Informatica Plus Prime 03692,Informatica,31.58,38
3693,Moda Studio Studio 03693,Moda,31.78,20
3694,Informatica Core Plus 03694,Informatica,38.23,101
3695,Moda Smart Pro 03695,Moda,20.73,53
3696,Deporte Mini Mini 03696,Deporte,47.96,33
3697,Juguetes Studio Smart 03697,Juguetes,15.77,41
3698,Electronica Smart Air 03698,Electronica,26.47,37
3699,Hogar Plus Air 03699,Hogar,26.36,46
3700,Moda Air Eco 03700,Moda,80.53,43
3701,Informatica Ultra Smart 03701,Informatica,5.58,22
3702,Electronica Studio Prime 03702,Electronica,6.07,37
3703,Instrumentos musicales Smart Prime 03703,Instrumentos musicales,33.47,43
3704,Juguetes Nova Air 03704,Juguetes,91.33,42
3705,Libros Air Pro 03705,Libros,7.12,8
3706,Informatica Lite Mini 03706,Informatica,27.52,87
3707,Juguetes Ultra Nova 03707,Juguetes,58.42,16
3708,Instrumentos musicales Eco Pro 03708,Instrumentos musicales,95.22,33
3709,Deporte Pro Eco 03709,Deporte,27.84,39
3710,Electronica Nova Eco 03710,Electronica,7.13,21
3711,Juguetes Lite Pro 03711,Juguetes,43.40,12
3712,Hogar Core Ultra 03712,Hogar,26.54,24
3713,Moda Smart Prime 03713,Moda,170.78,44
3714,Hogar Studio Air 03714,Hogar,14.24,13
3715,Hogar Core Pro 03715,Hogar,37.47,28
3716,Juguetes Lite Home 03716,Juguetes,19.70,5
3717,Hogar Lite Nova 03717,Hogar,83.54,27
3718,Moda Mini Mini 03718,Moda,25.36,41
3719,Libros Pro Core 03719,Libros,24.61,82
3720,Informatica Smart Lite 03720,Informatica,52.10,31
3721,Informatica Air Air 03721,Informatica,19.47,22
3722,Electronica Home Nova 03722,Electronica,23.08,6
3723,Hogar Studio Home 03723,Hogar,13.73,32
3724,Hogar Lite Lite 03724,Hogar,8.19,43
3725,Electronica Smart Prime 03725,Electronica,31.33,108
3726,Hogar Plus Lite 03726,Hogar,129.85,11
3727,Hogar Plus Eco 03727,Hogar,72.84,52
3728,Electronica Air Prime 03728,Electronica,4.59,29
3729,Deporte Pro Lite 03729,Deporte,11.10,42
3730,Juguetes Ultra Plus 03730,Juguetes,6.82,57
3731,Hogar Mini Max 03731,Hogar,114.24,20
3732,Hogar Pro Prime 03732,Hogar,14.90,20
3733,Libros Max Air 03733,Libros,19.93,67
3734,Juguetes Home Plus 03734,Juguetes,7.36,42
3735,Mascotas Eco Ultra 03735,Mascotas,38.12,40
3736,Informatica Lite Mini 03736,Informatica,25.63,42
3737,Moda Ultra Air 03737,Moda,21.79,38
3738,Moda Max Ultra 03738,Moda,12.45,30
3739,Electronica Home Plus 03739,Electronica,19.17,37
3740,Libros Prime Studio 03740,Libros,9.03,38
3741,Jardineria Plus Max 03741,Jardineria,35.59,56
3742,Hogar Pro Lite 03742,Hogar,26.48,65
3743,Electronica Mini Air 03743,Electronica,51.81,30
3744,Informatica Pro Mini 03744,Informatica,118.40,50
3745,Mascotas Smart Air 03745,Mascotas,27.46,98
3746,Electronica Plus Plus 03746,Electronica,101.98,30
3747,Electronica Nova Plus 03747,Electronica,5.81,24
3748,Moda Max Core 03748,Moda,56.26,28
3749,Libros Pro Lite 03749,Libros,14.54,18
3750,Informatica Mini Prime 03750,Informatica,58.80,67
3751,Hogar Ultra Pro 03751,Hogar,34.46,93
3752,Juguetes Smart Max 03752,Juguetes,10.38,26
3753,Electronica Ultra Nova 03753,Electronica,7.63,44
3754,Instrumentos musicales Smart Prime 03754,Instrumentos musicales,16.39,42
3755,Deporte Lite Eco 03755,Deporte,10.57,46
3756,Electronica Home Max 03756,Electronica,59.16,7
3757,Moda Prime Prime 03757,Moda,24.64,17
3758,Informatica Smart Ultra 03758,Informatica,17.40,51
3759,Electronica Eco Core 03759,Electronica,6.68,18
3760,Hogar Home Ultra 03760,Hogar,23.20,88
3761,Libros Home Smart 03761,Libros,170.67,27
3762,Juguetes Prime Ultra 03762,Juguetes,24.22,5
3763,Libros Plus Ultra 03763,Libros,25.13,46
3764,Hogar Prime Home 03764,Hogar,15.46,36
3765,Informatica Prime Studio 03765,Informatica,15.52,53
3766,Hogar Plus Nova 03766,Hogar,9.24,42
3767,Electronica Studio Max 03767,Electronica,4.54,57
3768,Informatica Core Pro 03768,Informatica,24.11,44
3769,Deporte Lite Smart 03769,Deporte,40.34,13
3770,Electronica Air Plus 03770,Electronica,2.50,43
3771,Jardineria Core Air 03771,Jardineria,62.74,18
3772,Juguetes Air Max 03772,Juguetes,19.53,41
3773,Electronica Studio Smart 03773,Electronica,27.93,23
3774,Hogar Mini Mini 03774,Hogar,25.80,12
3775,Electronica Studio Prime 03775,Electronica,225.77,18
3776,Moda Prime Core 03776,Moda,95.96,88
3777,Electronica Studio Nova 03777,Electronica,87.35,59
3778,Hogar Plus Plus 03778,Hogar,61.70,53
3779,Juguetes Mini Core 03779,Juguetes,88.66,39
3780,Jardineria Eco Lite 03780,Jardineria,89.21,83
3781,Electronica Studio Studio 03781,Electronica,35.29,22
3782,Libros Prime Air 03782,Libros,37.17,25
3783,Hogar Nova Mini 03783,Hogar,110.09,20
3784,Hogar Plus Pro 03784,Hogar,17.95,41
3785,Hogar Lite Max 03785,Hogar,28.91,35
3786,Moda Eco Lite 03786,Moda,45.13,29
3787,Informatica Eco Studio 03787,Informatica,50.10,22
3788,Electronica Prime Max 03788,Electronica,35.23,112
3789,Deporte Nova Smart 03789,Deporte,28.29,35
3790,Hogar Prime Lite 03790,Hogar,31.59,31
3791,Informatica Home Nova 03791,Informatica,7.57,13
3792,Deporte Ultra Ultra 03792,Deporte,57.14,102
3793,Informatica Plus Studio 03793,Informatica,35.79,15
3794,Deporte Eco Eco 03794,Deporte,31.05,17
3795,Electronica Air Mini 03795,Electronica,17.19,100
3796,Hogar Eco Smart 03796,Hogar,4.45,98
3797,Hogar Mini Home 03797,Hogar,38.55,25
3798,Libros Mini Home 03798,Libros,30.22,8
3799,Moda Mini Nova 03799,Moda,45.92,30
3800,Electronica Air Plus 03800,Electronica,6.90,5
3801,Deporte Max Eco 03801,Deporte,80.45,20
3802,Moda Max Nova 03802,Moda,17.13,38
3803,Electronica Mini Core 03803,Electronica,29.42,88
3804,Hogar Prime Plus 03804,Hogar,18.08,108
3805,Deporte Core Max 03805,Deporte,19.98,90
3806,Moda Nova Plus 03806,Moda,2.50,24
3807,Informatica Mini Studio 03807,Informatica,26.28,19
3808,Hogar Plus Lite 03808,Hogar,134.30,97
3809,Electronica Eco Ultra 03809,Electronica,42.71,31
3810,Juguetes Home Eco 03810,Juguetes,12.94,12
3811,Deporte Air Smart 03811,Deporte,9.08,25
3812,Juguetes Nova Prime 03812,Juguetes,7.60,85
3813,Deporte Ultra Mini 03813,Deporte,11.09,23
3814,Electronica Mini Max 03814,Electronica,15.37,29
3815,Hogar Smart Air 03815,Hogar,26.34,23
3816,Electronica Home Prime 03816,Electronica,51.41,37
3817,Jardineria Pro Air 03817,Jardineria,24.57,42
3818,Informatica Prime Max 03818,Informatica,11.09,21
3819,Electronica Ultra Nova 03819,Electronica,11.99,43
3820,Libros Prime Studio 03820,Libros,2.50,50
3821,Jardineria Air Ultra 03821,Jardineria,12.01,48
3822,Hogar Ultra Home 03822,Hogar,6.76,108
3823,Juguetes Nova Lite 03823,Juguetes,28.02,27
3824,Hogar Pro Mini 03824,Hogar,14.98,25
3825,Hogar Plus Nova 03825,Hogar,26.57,6
3826,Deporte Pro Max 03826,Deporte,24.55,25
3827,Informatica Lite Smart 03827,Informatica,5.86,17
3828,Informatica Plus Eco 03828,Informatica,12.61,14
3829,Moda Air Lite 03829,Moda,11.70,22
3830,Mascotas Core Core 03830,Mascotas,54.58,38
3831,Juguetes Mini Pro 03831,Juguetes,24.97,91
3832,Instrumentos musicales Lite Lite 03832,Instrumentos musicales,29.08,64
3833,Libros Nova Ultra 03833,Libros,14.90,16
3834,Electronica Max Air 03834,Electronica,37.75,19
3835,Electronica Home Air 03835,Electronica,40.13,114
3836,Informatica Eco Plus 03836,Informatica,11.04,26
3837,Libros Prime Nova 03837,Libros,27.38,41
3838,Mascotas Plus Lite 03838,Mascotas,4.23,28
3839,Electronica Core Prime 03839,Electronica,25.77,42
3840,Deporte Air Nova 03840,Deporte,22.58,10
3841,Deporte Lite Plus 03841,Deporte,15.52,31
3842,Electronica Mini Lite 03842,Electronica,59.94,82
3843,Libros Plus Ultra 03843,Libros,8.07,87
3844,Deporte Prime Eco 03844,Deporte,13.56,26
3845,Moda Home Mini 03845,Moda,28.21,69
3846,Hogar Lite Prime 03846,Hogar,9.37,30
3847,Informatica Lite Home 03847,Informatica,18.50,30
3848,Electronica Air Eco 03848,Electronica,15.91,92
3849,Electronica Pro Nova 03849,Electronica,31.99,40
3850,Hogar Nova Studio 03850,Hogar,13.75,16
3851,Hogar Ultra Core 03851,Hogar,75.01,59
3852,Juguetes Nova Pro 03852,Juguetes,96.31,43
3853,Electronica Home Core 03853,Electronica,85.52,43
3854,Informatica Air Pro 03854,Informatica,84.44,75
3855,Instrumentos musicales Air Mini 03855,Instrumentos musicales,33.25,100
3856,Electronica Smart Studio 03856,Electronica,5.29,21
3857,Electronica Nova Core 03857,Electronica,33.47,47
3858,Electronica Mini Prime 03858,Electronica,24.56,81
3859,Electronica Lite Pro 03859,Electronica,87.67,27
3860,Moda Smart Eco 03860,Moda,31.70,7
3861,Electronica Nova Ultra 03861,Electronica,23.93,87
3862,Informatica Prime Smart 03862,Informatica,30.79,41
3863,Hogar Nova Core 03863,Hogar,176.77,41
3864,Informatica Lite Nova 03864,Informatica,38.98,14
3865,Informatica Core Eco 03865,Informatica,99.73,31
3866,Hogar Studio Air 03866,Hogar,21.15,113
3867,Electronica Smart Mini 03867,Electronica,9.83,22
3868,Moda Pro Ultra 03868,Moda,11.01,53
3869,Moda Core Max 03869,Moda,28.89,8
3870,Electronica Home Eco 03870,Electronica,38.77,13
3871,Hogar Core Home 03871,Hogar,8.74,30
3872,Electronica Core Air 03872,Electronica,8.33,34
3873,Juguetes Home Prime 03873,Juguetes,15.42,12
3874,Electronica Studio Home 03874,Electronica,19.25,23
3875,Hogar Mini Core 03875,Hogar,30.48,97
3876,Hogar Eco Ultra 03876,Hogar,7.14,15
3877,Deporte Ultra Ultra 03877,Deporte,15.69,13
3878,Jardineria Pro Studio 03878,Jardineria,23.06,44
3879,Moda Nova Lite 03879,Moda,28.02,16
3880,Libros Plus Lite 03880,Libros,50.65,7
3881,Informatica Max Eco 03881,Informatica,28.74,45
3882,Informatica Lite Core 03882,Informatica,3.16,31
3883,Moda Ultra Air 03883,Moda,100.18,37
3884,Electronica Plus Nova 03884,Electronica,87.75,85
3885,Moda Studio Home 03885,Moda,57.25,26
3886,Moda Air Ultra 03886,Moda,19.40,35
3887,Juguetes Prime Nova 03887,Juguetes,23.44,25
3888,Electronica Core Pro 03888,Electronica,3.85,17
3889,Juguetes Max Pro 03889,Juguetes,22.49,22
3890,Electronica Studio Max 03890,Electronica,10.98,8
3891,Moda Nova Air 03891,Moda,13.95,36
3892,Moda Studio Plus 03892,Moda,36.94,48
3893,Electronica Max Mini 03893,Electronica,147.89,50
3894,Moda Plus Mini 03894,Moda,19.55,42
3895,Moda Air Smart 03895,Moda,38.91,86
3896,Moda Eco Studio 03896,Moda,7.24,13
3897,Informatica Air Nova 03897,Informatica,128.63,51
3898,Electronica Max Home 03898,Electronica,16.97,98
3899,Electronica Eco Ultra 03899,Electronica,9.11,16
3900,Deporte Plus Plus 03900,Deporte,135.93,38
3901,Informatica Air Nova 03901,Informatica,10.59,16
3902,Libros Home Core 03902,Libros,55.57,18
3903,Hogar Air Smart 03903,Hogar,63.34,95
3904,Hogar Ultra Studio 03904,Hogar,57.80,59
3905,Deporte Max Pro 03905,Deporte,24.09,53
3906,Moda Plus Plus 03906,Moda,200.81,29
3907,Informatica Plus Core 03907,Informatica,13.88,66
3908,Jardineria Pro Core 03908,Jardineria,15.70,23
3909,Electronica Prime Plus 03909,Electronica,50.80,26
3910,Informatica Home Max 03910,Informatica,35.21,12
3911,Electronica Max Mini 03911,Electronica,30.60,42
3912,Juguetes Lite Home 03912,Juguetes,73.17,49
3913,Moda Home Core 03913,Moda,17.77,57
3914,Jardineria Plus Studio 03914,Jardineria,8.74,31
3915,Electronica Pro Air 03915,Electronica,43.19,38
3916,Informatica Ultra Pro 03916,Informatica,76.42,34
3917,Juguetes Eco Core 03917,Juguetes,28.53,32
3918,Juguetes Smart Core 03918,Juguetes,20.63,98
3919,Electronica Pro Ultra 03919,Electronica,39.87,59
3920,Moda Ultra Eco 03920,Moda,39.62,21
3921,Juguetes Core Home 03921,Juguetes,15.90,29
3922,Hogar Ultra Pro 03922,Hogar,9.94,40
3923,Electronica Eco Air 03923,Electronica,10.94,44
3924,Juguetes Lite Core 03924,Juguetes,24.94,18
3925,Libros Core Pro 03925,Libros,23.01,42
3926,Juguetes Smart Max 03926,Juguetes,17.09,50
3927,Hogar Pro Prime 03927,Hogar,70.43,22
3928,Jardineria Studio Mini 03928,Jardineria,15.58,29
3929,Jardineria Pro Smart 03929,Jardineria,20.10,35
3930,Libros Pro Eco 03930,Libros,8.19,64
3931,Hogar Max Prime 03931,Hogar,27.57,55
3932,Informatica Pro Pro 03932,Informatica,35.23,16
3933,Moda Core Prime 03933,Moda,20.11,17
3934,Hogar Max Smart 03934,Hogar,12.94,63
3935,Mascotas Plus Ultra 03935,Mascotas,12.17,51
3936,Informatica Plus Nova 03936,Informatica,29.09,42
3937,Libros Home Core 03937,Libros,157.08,29
3938,Jardineria Ultra Core 03938,Jardineria,57.18,77
3939,Hogar Ultra Prime 03939,Hogar,34.25,29
3940,Informatica Lite Ultra 03940,Informatica,28.09,45
3941,Deporte Mini Ultra 03941,Deporte,39.08,49
3942,Electronica Ultra Pro 03942,Electronica,24.11,42
3943,Electronica Studio Lite 03943,Electronica,10.71,86
3944,Moda Eco Prime 03944,Moda,129.83,42
3945,Informatica Mini Studio 03945,Informatica,21.09,41
3946,Informatica Max Lite 03946,Informatica,37.23,44
3947,Libros Air Air 03947,Libros,35.95,25
3948,Hogar Nova Eco 03948,Hogar,29.10,40
3949,Informatica Studio Mini 03949,Informatica,75.76,27
3950,Informatica Eco Smart 03950,Informatica,36.37,44
3951,Deporte Mini Nova 03951,Deporte,118.16,21
3952,Juguetes Plus Max 03952,Juguetes,165.43,6
3953,Mascotas Pro Max 03953,Mascotas,16.42,7
3954,Informatica Home Smart 03954,Informatica,118.11,49
3955,Informatica Lite Plus 03955,Informatica,14.29,10
3956,Electronica Air Lite 03956,Electronica,22.22,46
3957,Juguetes Plus Air 03957,Juguetes,18.50,11
3958,Moda Pro Studio 03958,Moda,23.98,22
3959,Electronica Nova Air 03959,Electronica,59.31,34
3960,Electronica Studio Mini 03960,Electronica,6.99,40
3961,Juguetes Air Max 03961,Juguetes,19.38,39
3962,Informatica Pro Core 03962,Informatica,76.07,12
3963,Libros Eco Home 03963,Libros,85.28,44
3964,Electronica Mini Core 03964,Electronica,42.08,39
3965,Libros Pro Nova 03965,Libros,78.13,14
3966,Informatica Prime Ultra 03966,Informatica,22.92,42
3967,Informatica Prime Nova 03967,Informatica,165.81,52
3968,Juguetes Lite Studio 03968,Juguetes,43.26,39
3969,Instrumentos musicales Max Air 03969,Instrumentos musicales,44.42,32
3970,Hogar Home Core 03970,Hogar,33.00,97
3971,Hogar Mini Air 03971,Hogar,26.48,57
3972,Hogar Max Prime 03972,Hogar,56.83,11
3973,Juguetes Ultra Pro 03973,Juguetes,2.50,20
3974,Informatica Smart Smart 03974,Informatica,15.26,8
3975,Informatica Studio Core 03975,Informatica,54.79,88
3976,Informatica Eco Pro 03976,Informatica,22.51,54
3977,Electronica Pro Eco 03977,Electronica,21.56,77
3978,Electronica Home Lite 03978,Electronica,63.92,6
3979,Libros Core Nova 03979,Libros,51.75,14
3980,Informatica Studio Max 03980,Informatica,13.03,6
3981,Moda Nova Studio 03981,Moda,6.85,12
3982,Electronica Ultra Home 03982,Electronica,175.56,33
3983,Electronica Mini Mini 03983,Electronica,18.59,38
3984,Deporte Prime Eco 03984,Deporte,19.90,34
3985,Jardineria Ultra Pro 03985,Jardineria,82.58,28
3986,Electronica Nova Mini 03986,Electronica,22.79,44
3987,Informatica Lite Studio 03987,Informatica,9.24,32
3988,Electronica Studio Air 03988,Electronica,18.23,52
3989,Informatica Studio Pro 03989,Informatica,17.74,10
3990,Deporte Nova Mini 03990,Deporte,22.58,27
3991,Electronica Air Max 03991,Electronica,16.79,42
3992,Deporte Pro Ultra 03992,Deporte,28.94,42
3993,Electronica Mini Max 03993,Electronica,19.53,110
3994,Deporte Studio Smart 03994,Deporte,15.31,77
3995,Deporte Air Smart 03995,Deporte,12.60,40
3996,Jardineria Mini Nova 03996,Jardineria,23.27,52
3997,Deporte Smart Core 03997,Deporte,45.94,14
3998,Hogar Ultra Plus 03998,Hogar,9.49,9
3999,Moda Studio Studio 03999,Moda,47.45,33
4000,Juguetes Lite Max 04000,Juguetes,6.30,18
4001,Deporte Lite Nova 04001,Deporte,13.27,110
4002,Moda Ultra Core 04002,Moda,39.53,10
4003,Informatica Ultra Air 04003,Informatica,221.35,49
4004,Hogar Smart Core 04004,Hogar,12.95,20
4005,Electronica Ultra Nova 04005,Electronica,33.28,47
4006,Hogar Studio Ultra 04006,Hogar,118.93,5
4007,Electronica Core Core 04007,Electronica,18.14,11
4008,Electronica Eco Plus 04008,Electronica,15.02,85
4009,Moda Plus Smart 04009,Moda,55.50,44
4010,Juguetes Prime Ultra 04010,Juguetes,15.12,9
4011,Informatica Core Ultra 04011,Informatica,40.50,43
4012,Informatica Home Plus 04012,Informatica,28.54,25
4013,Informatica Air Max 04013,Informatica,5.52,32
4014,Deporte Ultra Eco 04014,Deporte,11.53,25
4015,Jardineria Prime Air 04015,Jardineria,35.67,11
4016,Electronica Nova Eco 04016,Electronica,62.40,24
4017,Hogar Eco Ultra 04017,Hogar,9.33,26
4018,Electronica Prime Ultra 04018,Electronica,27.78,40
4019,Electronica Mini Mini 04019,Electronica,34.95,25
4020,Libros Pro Studio 04020,Libros,94.76,21
4021,Hogar Prime Nova 04021,Hogar,11.97,59
4022,Jardineria Nova Air 04022,Jardineria,6.76,14
4023,Electronica Core Core 04023,Electronica,67.44,97
4024,Libros Mini Lite 04024,Libros,24.42,94
4025,Moda Core Lite 04025,Moda,5.92,32
4026,Libros Mini Air 04026,Libros,30.76,17
4027,Informatica Home Lite 04027,Informatica,26.89,16
4028,Libros Nova Smart 04028,Libros,12.04,12
4029,Electronica Nova Ultra 04029,Electronica,33.93,26
4030,Electronica Pro Home 04030,Electronica,22.94,16
4031,Moda Studio Home 04031,Moda,37.73,28
4032,Jardineria Max Max 04032,Jardineria,9.96,5
4033,Moda Mini Pro 04033,Moda,14.73,18
4034,Moda Lite Home 04034,Moda,110.30,113
4035,Electronica Pro Eco 04035,Electronica,17.26,13
4036,Informatica Core Nova 04036,Informatica,58.25,27
4037,Electronica Ultra Mini 04037,Electronica,10.96,5
4038,Moda Ultra Pro 04038,Moda,12.92,15
4039,Moda Pro Ultra 04039,Moda,30.32,43
4040,Electronica Plus Eco 04040,Electronica,37.38,28
4041,Electronica Air Mini 04041,Electronica,8.51,17
4042,Electronica Air Mini 04042,Electronica,11.69,16
4043,Electronica Plus Lite 04043,Electronica,42.63,77
4044,Electronica Eco Air 04044,Electronica,29.77,32
4045,Hogar Nova Pro 04045,Hogar,18.77,5
4046,Hogar Mini Studio 04046,Hogar,37.48,8
4047,Hogar Mini Studio 04047,Hogar,23.19,16
4048,Libros Mini Prime 04048,Libros,45.33,31
4049,Juguetes Studio Home 04049,Juguetes,101.08,24
4050,Electronica Ultra Lite 04050,Electronica,51.70,27
4051,Informatica Prime Core 04051,Informatica,11.62,21
4052,Informatica Air Core 04052,Informatica,24.25,47
4053,Hogar Mini Core 04053,Hogar,9.31,33
4054,Deporte Prime Lite 04054,Deporte,13.49,23
4055,Deporte Studio Mini 04055,Deporte,9.34,21
4056,Jardineria Ultra Core 04056,Jardineria,32.75,52
4057,Libros Max Prime 04057,Libros,27.63,31
4058,Libros Mini Lite 04058,Libros,22.56,95
4059,Hogar Mini Smart 04059,Hogar,106.80,55
4060,Deporte Mini Eco 04060,Deporte,38.24,21
4061,Informatica Max Eco 04061,Informatica,38.90,15
4062,Informatica Prime Eco 04062,Informatica,244.65,34
4063,Moda Plus Lite 04063,Moda,26.05,34
4064,Informatica Prime Ultra 04064,Informatica,17.10,85
4065,Informatica Eco Max 04065,Informatica,57.10,23
4066,Informatica Lite Nova 04066,Informatica,7.12,57
4067,Electronica Plus Studio 04067,Electronica,6.99,42
4068,Electronica Pro Prime 04068,Electronica,10.89,38
4069,Juguetes Home Pro 04069,Juguetes,6.39,31
4070,Hogar Mini Prime 04070,Hogar,29.02,38
4071,Informatica Ultra Home 04071,Informatica,28.17,59
4072,Informatica Prime Eco 04072,Informatica,48.49,15
4073,Electronica Lite Max 04073,Electronica,92.24,52
4074,Hogar Smart Smart 04074,Hogar,21.91,24
4075,Electronica Lite Air 04075,Electronica,54.86,62
4076,Informatica Nova Air 04076,Informatica,36.25,81
4077,Electronica Prime Nova 04077,Electronica,14.73,18
4078,Informatica Prime Home 04078,Informatica,21.66,43
4079,Moda Studio Lite 04079,Moda,21.20,14
4080,Informatica Air Studio 04080,Informatica,14.61,41
4081,Informatica Home Eco 04081,Informatica,7.46,33
4082,Instrumentos musicales Ultra Mini 04082,Instrumentos musicales,25.49,53
4083,Informatica Air Ultra 04083,Informatica,65.68,15
4084,Electronica Eco Mini 04084,Electronica,11.56,49
4085,Informatica Plus Home 04085,Informatica,9.45,24
4086,Juguetes Pro Nova 04086,Juguetes,31.07,52
4087,Libros Prime Studio 04087,Libros,23.78,84
4088,Informatica Mini Ultra 04088,Informatica,72.98,99
4089,Deporte Eco Pro 04089,Deporte,26.78,36
4090,Instrumentos musicales Ultra Prime 04090,Instrumentos musicales,19.37,25
4091,Deporte Air Plus 04091,Deporte,3.93,47
4092,Moda Pro Max 04092,Moda,8.83,10
4093,Libros Nova Max 04093,Libros,12.05,22
4094,Juguetes Smart Studio 04094,Juguetes,3.28,93
4095,Moda Smart Ultra 04095,Moda,40.00,75
4096,Electronica Smart Pro 04096,Electronica,48.40,86
4097,Electronica Prime Nova 04097,Electronica,13.66,67
4098,Hogar Core Mini 04098,Hogar,12.24,112
4099,Moda Core Air 04099,Moda,7.36,34
4100,Electronica Ultra Plus 04100,Electronica,23.09,40
4101,Moda Max Studio 04101,Moda,29.71,32
4102,Electronica Air Eco 04102,Electronica,6.63,35
4103,Electronica Lite Smart 04103,Electronica,27.32,43
4104,Informatica Home Max 04104,Informatica,43.89,82
4105,Juguetes Ultra Pro 04105,Juguetes,24.00,97
4106,Libros Ultra Nova 04106,Libros,79.24,43
4107,Electronica Plus Studio 04107,Electronica,53.11,42
4108,Electronica Max Mini 04108,Electronica,18.71,35
4109,Hogar Core Pro 04109,Hogar,83.83,106
4110,Electronica Ultra Pro 04110,Electronica,9.08,8
4111,Informatica Lite Smart 04111,Informatica,27.63,81
4112,Informatica Lite Plus 04112,Informatica,95.15,55
4113,Moda Eco Lite 04113,Moda,28.43,25
4114,Electronica Pro Core 04114,Electronica,27.31,23
4115,Electronica Lite Plus 04115,Electronica,9.08,41
4116,Deporte Prime Prime 04116,Deporte,62.14,25
4117,Moda Mini Nova 04117,Moda,65.54,81
4118,Deporte Studio Smart 04118,Deporte,51.94,78
4119,Moda Max Mini 04119,Moda,32.04,21
4120,Mascotas Air Plus 04120,Mascotas,20.49,5
4121,Electronica Plus Ultra 04121,Electronica,12.24,32
4122,Jardineria Core Studio 04122,Jardineria,133.62,37
4123,Hogar Ultra Nova 04123,Hogar,10.59,26
4124,Hogar Home Prime 04124,Hogar,13.46,54
4125,Libros Studio Eco 04125,Libros,53.65,14
4126,Informatica Smart Mini 04126,Informatica,80.37,37
4127,Hogar Prime Nova 04127,Hogar,71.36,80
4128,Instrumentos musicales Ultra Prime 04128,Instrumentos musicales,3.10,64
4129,Electronica Nova Lite 04129,Electronica,56.44,31
4130,Electronica Lite Ultra 04130,Electronica,179.36,66
4131,Informatica Mini Mini 04131,Informatica,49.18,40
4132,Libros Max Air 04132,Libros,10.11,7
4133,Juguetes Ultra Core 04133,Juguetes,59.37,39
4134,Moda Eco Studio 04134,Moda,67.62,13
4135,Electronica Ultra Studio 04135,Electronica,25.63,21
4136,Informatica Smart Nova 04136,Informatica,53.16,41
4137,Libros Max Lite 04137,Libros,26.85,14
4138,Electronica Studio Ultra 04138,Electronica,48.46,22
4139,Moda Pro Max 04139,Moda,39.04,12
4140,Jardineria Air Nova 04140,Jardineria,26.66,6
4141,Hogar Plus Ultra 04141,Hogar,14.33,38
4142,Deporte Ultra Eco 04142,Deporte,34.79,15
4143,Deporte Plus Lite 04143,Deporte,41.31,67
4144,Informatica Mini Nova 04144,Informatica,30.50,59
4145,Informatica Prime Home 04145,Informatica,13.60,78
4146,Libros Air Air 04146,Libros,7.44,17
4147,Moda Ultra Nova 04147,Moda,33.51,41
4148,Hogar Home Eco 04148,Hogar,48.07,33
4149,Moda Nova Smart 04149,Moda,34.09,5
4150,Informatica Lite Core 04150,Informatica,283.38,112
4151,Deporte Smart Mini 04151,Deporte,96.33,18
4152,Hogar Smart Nova 04152,Hogar,36.36,32
4153,Hogar Home Home 04153,Hogar,17.49,30
4154,Electronica Eco Lite 04154,Electronica,42.15,29
4155,Libros Ultra Studio 04155,Libros,72.19,39
4156,Moda Plus Max 04156,Moda,32.08,39
4157,Jardineria Home Core 04157,Jardineria,167.28,103
4158,Instrumentos musicales Lite Smart 04158,Instrumentos musicales,15.94,14
4159,Electronica Core Studio 04159,Electronica,47.02,19
4160,Hogar Eco Mini 04160,Hogar,23.82,39
4161,Hogar Smart Eco 04161,Hogar,38.09,31
4162,Electronica Plus Prime 04162,Electronica,21.04,96
4163,Hogar Nova Max 04163,Hogar,27.66,33
4164,Informatica Core Ultra 04164,Informatica,18.30,23
4165,Informatica Prime Home 04165,Informatica,338.60,10
4166,Moda Core Air 04166,Moda,7.78,34
4167,Jardineria Max Pro 04167,Jardineria,13.30,70
4168,Moda Nova Nova 04168,Moda,39.62,39
4169,Electronica Ultra Air 04169,Electronica,18.25,84
4170,Deporte Smart Home 04170,Deporte,26.61,35
4171,Informatica Studio Max 04171,Informatica,16.97,14
4172,Instrumentos musicales Nova Nova 04172,Instrumentos musicales,208.68,39
4173,Informatica Lite Mini 04173,Informatica,23.95,34
4174,Moda Air Smart 04174,Moda,145.01,43
4175,Informatica Smart Ultra 04175,Informatica,46.45,46
4176,Electronica Air Air 04176,Electronica,48.64,36
4177,Hogar Pro Ultra 04177,Hogar,20.06,97
4178,Deporte Nova Ultra 04178,Deporte,13.28,45
4179,Informatica Plus Nova 04179,Informatica,5.46,115
4180,Hogar Max Home 04180,Hogar,39.68,21
4181,Informatica Ultra Pro 04181,Informatica,28.18,99
4182,Moda Prime Smart 04182,Moda,48.13,38
4183,Electronica Prime Studio 04183,Electronica,48.82,55
4184,Juguetes Eco Pro 04184,Juguetes,23.90,11
4185,Jardineria Air Lite 04185,Jardineria,93.15,15
4186,Electronica Prime Studio 04186,Electronica,16.14,9
4187,Informatica Core Prime 04187,Informatica,33.39,22
4188,Instrumentos musicales Core Smart 04188,Instrumentos musicales,46.37,31
4189,Electronica Mini Air 04189,Electronica,7.11,9
4190,Moda Studio Home 04190,Moda,150.54,8
4191,Electronica Air Lite 04191,Electronica,26.58,19
4192,Deporte Pro Pro 04192,Deporte,30.13,107
4193,Deporte Ultra Smart 04193,Deporte,9.96,28
4194,Electronica Studio Mini 04194,Electronica,21.41,10
4195,Libros Max Plus 04195,Libros,20.08,60
4196,Libros Smart Studio 04196,Libros,37.47,60
4197,Jardineria Core Core 04197,Jardineria,27.73,29
4198,Informatica Max Smart 04198,Informatica,27.12,44
4199,Moda Plus Ultra 04199,Moda,64.72,50
4200,Deporte Ultra Core 04200,Deporte,25.47,44
4201,Juguetes Prime Studio 04201,Juguetes,4.84,24
4202,Informatica Max Studio 04202,Informatica,26.10,88
4203,Libros Smart Max 04203,Libros,14.76,11
4204,Libros Lite Max 04204,Libros,19.99,24
4205,Electronica Nova Smart 04205,Electronica,107.74,14
4206,Electronica Pro Eco 04206,Electronica,47.98,24
4207,Jardineria Mini Nova 04207,Jardineria,24.95,43
4208,Informatica Smart Home 04208,Informatica,26.82,83
4209,Hogar Prime Eco 04209,Hogar,64.05,22
4210,Informatica Smart Nova 04210,Informatica,52.69,40
4211,Moda Eco Pro 04211,Moda,15.83,36
4212,Juguetes Mini Max 04212,Juguetes,109.79,17
4213,Informatica Studio Smart 04213,Informatica,3.20,12
4214,Moda Eco Core 04214,Moda,47.80,12
4215,Informatica Nova Prime 04215,Informatica,41.67,40
4216,Informatica Nova Core 04216,Informatica,16.84,38
4217,Libros Eco Mini 04217,Libros,37.03,80
4218,Moda Home Plus 04218,Moda,141.73,109
4219,Informatica Pro Smart 04219,Informatica,17.38,25
4220,Hogar Pro Pro 04220,Hogar,41.19,87
4221,Informatica Eco Pro 04221,Informatica,37.34,31
4222,Juguetes Smart Plus 04222,Juguetes,58.22,16
4223,Deporte Air Plus 04223,Deporte,24.18,111
4224,Deporte Nova Home 04224,Deporte,45.96,104
4225,Informatica Pro Studio 04225,Informatica,43.67,44
4226,Libros Core Plus 04226,Libros,15.79,27
4227,Libros Prime Prime 04227,Libros,14.38,42
4228,Hogar Max Nova 04228,Hogar,9.71,61
4229,Moda Mini Max 04229,Moda,16.47,46
4230,Electronica Mini Lite 04230,Electronica,31.48,37
4231,Electronica Studio Pro 04231,Electronica,12.54,18
4232,Informatica Mini Pro 04232,Informatica,7.70,105
4233,Moda Nova Home 04233,Moda,164.08,23
4234,Jardineria Home Prime 04234,Jardineria,32.51,39
4235,Deporte Nova Core 04235,Deporte,3.44,43
4236,Electronica Pro Studio 04236,Electronica,7.02,26
4237,Hogar Prime Air 04237,Hogar,20.84,29
4238,Informatica Lite Core 04238,Informatica,29.65,56
4239,Deporte Air Smart 04239,Deporte,34.92,41
4240,Informatica Ultra Home 04240,Informatica,7.26,11
4241,Electronica Core Air 04241,Electronica,30.03,77
4242,Libros Home Ultra 04242,Libros,39.10,40
4243,Informatica Mini Core 04243,Informatica,48.73,15
4244,Moda Mini Eco 04244,Moda,59.12,43
4245,Hogar Eco Studio 04245,Hogar,34.88,33
4246,Informatica Home Prime 04246,Informatica,8.23,22
4247,Electronica Ultra Core 04247,Electronica,13.76,56
4248,Libros Eco Air 04248,Libros,17.41,30
4249,Informatica Mini Smart 04249,Informatica,20.55,35
4250,Electronica Core Home 04250,Electronica,53.22,65
4251,Juguetes Plus Plus 04251,Juguetes,19.74,28
4252,Electronica Plus Core 04252,Electronica,24.44,41
4253,Informatica Nova Lite 04253,Informatica,20.46,50
4254,Electronica Nova Home 04254,Electronica,34.00,14
4255,Moda Lite Home 04255,Moda,112.38,40
4256,Moda Core Core 04256,Moda,40.08,35
4257,Deporte Home Nova 04257,Deporte,68.25,39
4258,Jardineria Mini Core 04258,Jardineria,32.46,23
4259,Hogar Max Core 04259,Hogar,48.04,53
4260,Moda Prime Prime 04260,Moda,16.17,30
4261,Hogar Eco Max 04261,Hogar,16.02,112
4262,Electronica Air Eco 04262,Electronica,2.92,29
4263,Deporte Ultra Plus 04263,Deporte,37.71,40
4264,Electronica Ultra Prime 04264,Electronica,6.82,35
4265,Moda Core Prime 04265,Moda,8.71,106
4266,Jardineria Mini Air 04266,Jardineria,54.70,70
4267,Moda Eco Prime 04267,Moda,27.47,9
4268,Electronica Prime Mini 04268,Electronica,13.69,66
4269,Electronica Max Smart 04269,Electronica,20.16,23
4270,Hogar Lite Eco 04270,Hogar,11.75,40
4271,Instrumentos musicales Ultra Core 04271,Instrumentos musicales,34.12,26
4272,Jardineria Max Ultra 04272,Jardineria,11.98,25
4273,Mascotas Eco Air 04273,Mascotas,95.51,18
4274,Electronica Pro Ultra 04274,Electronica,49.18,26
4275,Hogar Pro Eco 04275,Hogar,13.66,6
4276,Informatica Lite Prime 04276,Informatica,19.09,11
4277,Hogar Air Ultra 04277,Hogar,5.92,29
4278,Informatica Lite Mini 04278,Informatica,36.24,28
4279,Deporte Lite Nova 04279,Deporte,60.66,114
4280,Hogar Lite Smart 04280,Hogar,4.62,26
4281,Electronica Nova Nova 04281,Electronica,20.63,48
4282,Hogar Eco Eco 04282,Hogar,41.14,45
4283,Informatica Core Air 04283,Informatica,31.01,20
4284,Informatica Home Studio 04284,Informatica,241.45,106
4285,Hogar Pro Lite 04285,Hogar,27.71,38
4286,Informatica Smart Ultra 04286,Informatica,18.51,21
4287,Juguetes Prime Air 04287,Juguetes,41.57,18
4288,Deporte Air Home 04288,Deporte,120.86,32
4289,Hogar Plus Air 04289,Hogar,67.88,38
4290,Moda Home Home 04290,Moda,7.82,43
4291,Juguetes Home Pro 04291,Juguetes,12.70,25
4292,Informatica Pro Studio 04292,Informatica,4.98,91
4293,Informatica Smart Lite 04293,Informatica,18.30,35
4294,Deporte Prime Mini 04294,Deporte,13.80,26
4295,Moda Smart Prime 04295,Moda,60.10,21
4296,Juguetes Studio Max 04296,Juguetes,20.97,42
4297,Moda Prime Plus 04297,Moda,13.19,34
4298,Electronica Pro Studio 04298,Electronica,23.69,29
4299,Electronica Home Ultra 04299,Electronica,31.58,15
4300,Libros Plus Air 04300,Libros,31.73,23
4301,Libros Air Home 04301,Libros,36.37,15
4302,Electronica Smart Eco 04302,Electronica,40.35,40
4303,Electronica Lite Pro 04303,Electronica,4.24,37
4304,Deporte Mini Home 04304,Deporte,49.58,37
4305,Hogar Eco Max 04305,Hogar,20.13,11
4306,Libros Prime Smart 04306,Libros,49.29,54
4307,Moda Smart Core 04307,Moda,21.86,15
4308,Instrumentos musicales Core Air 04308,Instrumentos musicales,7.23,45
4309,Instrumentos musicales Max Pro 04309,Instrumentos musicales,89.79,12
4310,Libros Prime Studio 04310,Libros,23.89,26
4311,Deporte Air Nova 04311,Deporte,6.87,34
4312,Juguetes Max Mini 04312,Juguetes,22.69,11
4313,Juguetes Smart Mini 04313,Juguetes,16.86,18
4314,Informatica Air Core 04314,Informatica,65.36,38
4315,Moda Home Prime 04315,Moda,34.96,32
4316,Moda Prime Lite 04316,Moda,3.61,25
4317,Libros Core Smart 04317,Libros,10.01,37
4318,Hogar Smart Ultra 04318,Hogar,20.95,44
4319,Informatica Prime Eco 04319,Informatica,92.86,42
4320,Informatica Air Lite 04320,Informatica,24.01,15
4321,Electronica Home Max 04321,Electronica,164.66,26
4322,Moda Max Air 04322,Moda,26.92,25
4323,Electronica Prime Lite 04323,Electronica,45.95,33
4324,Jardineria Ultra Studio 04324,Jardineria,9.43,105
4325,Informatica Ultra Max 04325,Informatica,38.85,46
4326,Informatica Pro Lite 04326,Informatica,11.37,44
4327,Instrumentos musicales Max Pro 04327,Instrumentos musicales,6.52,24
4328,Informatica Nova Plus 04328,Informatica,48.66,19
4329,Electronica Eco Ultra 04329,Electronica,17.69,27
4330,Electronica Mini Lite 04330,Electronica,42.61,33
4331,Moda Eco Home 04331,Moda,90.53,45
4332,Hogar Core Home 04332,Hogar,3.29,44
4333,Libros Ultra Pro 04333,Libros,28.65,50
4334,Hogar Max Home 04334,Hogar,12.36,23
4335,Informatica Core Lite 04335,Informatica,22.78,5
4336,Hogar Mini Home 04336,Hogar,13.09,33
4337,Informatica Max Mini 04337,Informatica,46.40,45
4338,Hogar Pro Pro 04338,Hogar,16.56,44
4339,Informatica Smart Eco 04339,Informatica,111.57,23
4340,Electronica Pro Lite 04340,Electronica,32.89,72
4341,Moda Mini Air 04341,Moda,5.58,36
4342,Electronica Smart Plus 04342,Electronica,12.50,27
4343,Informatica Air Eco 04343,Informatica,14.20,65
4344,Deporte Home Prime 04344,Deporte,40.31,31
4345,Libros Eco Pro 04345,Libros,23.87,35
4346,Libros Studio Nova 04346,Libros,30.71,14
4347,Instrumentos musicales Eco Eco 04347,Instrumentos musicales,24.50,32
4348,Jardineria Nova Eco 04348,Jardineria,16.08,39
4349,Electronica Max Ultra 04349,Electronica,35.97,38
4350,Informatica Home Nova 04350,Informatica,6.26,36
4351,Deporte Max Smart 04351,Deporte,16.97,13
4352,Hogar Nova Air 04352,Hogar,58.22,92
4353,Electronica Studio Smart 04353,Electronica,3.44,13
4354,Electronica Home Max 04354,Electronica,66.60,109
4355,Moda Smart Pro 04355,Moda,27.10,59
4356,Hogar Core Smart 04356,Hogar,16.03,26
4357,Electronica Max Home 04357,Electronica,32.68,18
4358,Electronica Plus Mini 04358,Electronica,43.27,34
4359,Jardineria Prime Ultra 04359,Jardineria,81.23,108
4360,Deporte Max Studio 04360,Deporte,42.73,23
4361,Electronica Core Home 04361,Electronica,35.23,38
4362,Informatica Home Air 04362,Informatica,86.57,26
4363,Electronica Eco Max 04363,Electronica,50.62,89
4364,Deporte Lite Studio 04364,Deporte,24.51,27
4365,Moda Nova Eco 04365,Moda,12.85,22
4366,Juguetes Mini Ultra 04366,Juguetes,71.66,28
4367,Deporte Core Studio 04367,Deporte,23.76,105
4368,Electronica Mini Nova 04368,Electronica,24.60,25
4369,Electronica Max Mini 04369,Electronica,42.42,31
4370,Electronica Eco Smart 04370,Electronica,42.67,35
4371,Hogar Prime Smart 04371,Hogar,7.51,14
4372,Informatica Mini Studio 04372,Informatica,15.84,23
4373,Juguetes Prime Smart 04373,Juguetes,7.38,37
4374,Deporte Lite Max 04374,Deporte,24.68,46
4375,Hogar Max Prime 04375,Hogar,9.21,22
4376,Jardineria Eco Core 04376,Jardineria,130.49,101
4377,Electronica Ultra Pro 04377,Electronica,10.39,32
4378,Electronica Ultra Pro 04378,Electronica,27.19,51
4379,Electronica Max Smart 04379,Electronica,48.06,7
4380,Hogar Ultra Smart 04380,Hogar,125.64,32
4381,Moda Pro Lite 04381,Moda,20.88,63
4382,Libros Home Mini 04382,Libros,7.66,41
4383,Deporte Pro Studio 04383,Deporte,29.81,6
4384,Moda Home Lite 04384,Moda,6.78,40
4385,Instrumentos musicales Mini Smart 04385,Instrumentos musicales,70.12,29
4386,Juguetes Air Ultra 04386,Juguetes,13.57,24
4387,Juguetes Plus Studio 04387,Juguetes,42.14,37
4388,Informatica Home Max 04388,Informatica,43.03,45
4389,Electronica Lite Air 04389,Electronica,53.25,106
4390,Hogar Lite Pro 04390,Hogar,20.68,30
4391,Libros Air Nova 04391,Libros,56.57,103
4392,Hogar Eco Air 04392,Hogar,23.83,12
4393,Deporte Plus Smart 04393,Deporte,52.84,31
4394,Informatica Smart Core 04394,Informatica,18.75,32
4395,Electronica Max Plus 04395,Electronica,114.38,32
4396,Informatica Prime Pro 04396,Informatica,56.23,35
4397,Libros Ultra Nova 04397,Libros,41.59,48
4398,Hogar Ultra Mini 04398,Hogar,18.92,22
4399,Deporte Nova Home 04399,Deporte,155.71,104
4400,Informatica Pro Pro 04400,Informatica,17.59,65
4401,Mascotas Home Max 04401,Mascotas,10.47,20
4402,Informatica Air Air 04402,Informatica,33.68,56
4403,Informatica Pro Core 04403,Informatica,4.85,38
4404,Moda Prime Mini 04404,Moda,5.23,98
4405,Electronica Nova Eco 04405,Electronica,64.38,31
4406,Libros Max Core 04406,Libros,60.60,20
4407,Deporte Prime Prime 04407,Deporte,27.73,27
4408,Moda Mini Air 04408,Moda,22.48,30
4409,Informatica Plus Max 04409,Informatica,49.71,34
4410,Libros Smart Max 04410,Libros,41.31,32
4411,Electronica Prime Mini 04411,Electronica,13.12,53
4412,Moda Studio Home 04412,Moda,16.21,49
4413,Libros Studio Pro 04413,Libros,9.77,79
4414,Electronica Plus Mini 04414,Electronica,24.21,35
4415,Informatica Air Max 04415,Informatica,15.77,30
4416,Hogar Studio Nova 04416,Hogar,9.58,63
4417,Informatica Max Eco 04417,Informatica,100.54,56
4418,Juguetes Plus Ultra 04418,Juguetes,15.85,19
4419,Mascotas Eco Max 04419,Mascotas,106.50,15
4420,Libros Max Mini 04420,Libros,3.67,43
4421,Juguetes Plus Mini 04421,Juguetes,25.98,88
4422,Libros Home Eco 04422,Libros,17.43,25
4423,Juguetes Mini Home 04423,Juguetes,32.25,15
4424,Libros Smart Pro 04424,Libros,83.11,31
4425,Electronica Lite Ultra 04425,Electronica,23.85,49
4426,Mascotas Home Core 04426,Mascotas,15.16,67
4427,Moda Nova Studio 04427,Moda,35.40,5
4428,Deporte Home Max 04428,Deporte,65.30,43
4429,Libros Pro Lite 04429,Libros,35.15,113
4430,Jardineria Plus Eco 04430,Jardineria,7.11,50
4431,Electronica Lite Mini 04431,Electronica,149.19,97
4432,Electronica Eco Smart 04432,Electronica,32.71,72
4433,Moda Pro Plus 04433,Moda,4.06,77
4434,Hogar Max Core 04434,Hogar,167.26,55
4435,Libros Core Air 04435,Libros,50.66,43
4436,Electronica Nova Ultra 04436,Electronica,25.46,6
4437,Electronica Home Plus 04437,Electronica,38.44,96
4438,Electronica Eco Air 04438,Electronica,31.87,32
4439,Hogar Air Eco 04439,Hogar,44.14,95
4440,Libros Plus Eco 04440,Libros,14.50,8
4441,Informatica Lite Eco 04441,Informatica,77.24,13
4442,Informatica Studio Mini 04442,Informatica,100.31,19
4443,Electronica Smart Max 04443,Electronica,11.94,74
4444,Electronica Air Plus 04444,Electronica,14.24,37
4445,Deporte Smart Mini 04445,Deporte,84.58,48
4446,Instrumentos musicales Prime Core 04446,Instrumentos musicales,13.79,20
4447,Hogar Prime Mini 04447,Hogar,104.41,65
4448,Juguetes Mini Core 04448,Juguetes,30.83,29
4449,Hogar Air Lite 04449,Hogar,17.66,40
4450,Juguetes Mini Smart 04450,Juguetes,29.86,32
4451,Libros Ultra Studio 04451,Libros,73.78,47
4452,Instrumentos musicales Core Lite 04452,Instrumentos musicales,50.35,27
4453,Moda Mini Pro 04453,Moda,27.10,37
4454,Instrumentos musicales Plus Plus 04454,Instrumentos musicales,11.90,54
4455,Hogar Max Pro 04455,Hogar,14.08,18
4456,Informatica Ultra Mini 04456,Informatica,9.22,21
4457,Electronica Nova Mini 04457,Electronica,36.52,14
4458,Mascotas Studio Core 04458,Mascotas,47.18,24
4459,Hogar Plus Pro 04459,Hogar,38.78,7
4460,Moda Eco Smart 04460,Moda,20.06,115
4461,Moda Core Mini 04461,Moda,10.07,11
4462,Electronica Smart Pro 04462,Electronica,33.46,17
4463,Informatica Home Pro 04463,Informatica,4.02,78
4464,Moda Plus Lite 04464,Moda,50.04,5
4465,Mascotas Prime Home 04465,Mascotas,42.18,6
4466,Electronica Studio Plus 04466,Electronica,11.11,46
4467,Electronica Pro Mini 04467,Electronica,6.81,103
4468,Hogar Air Home 04468,Hogar,42.26,110
4469,Electronica Ultra Lite 04469,Electronica,37.81,33
4470,Informatica Max Mini 04470,Informatica,106.28,53
4471,Jardineria Nova Air 04471,Jardineria,22.34,46
4472,Deporte Smart Mini 04472,Deporte,73.31,9
4473,Hogar Pro Plus 04473,Hogar,25.38,59
4474,Deporte Studio Eco 04474,Deporte,46.67,57
4475,Hogar Eco Pro 04475,Hogar,30.01,36
4476,Moda Home Home 04476,Moda,13.75,8
4477,Moda Air Eco 04477,Moda,84.37,40
4478,Deporte Ultra Mini 04478,Deporte,65.48,87
4479,Electronica Ultra Nova 04479,Electronica,12.93,35
4480,Hogar Eco Core 04480,Hogar,6.21,20
4481,Moda Pro Prime 04481,Moda,17.52,7
4482,Informatica Lite Mini 04482,Informatica,7.28,16
4483,Hogar Nova Max 04483,Hogar,14.75,28
4484,Hogar Eco Prime 04484,Hogar,38.07,15
4485,Hogar Plus Prime 04485,Hogar,64.78,22
4486,Informatica Eco Pro 04486,Informatica,19.12,35
4487,Electronica Eco Core 04487,Electronica,38.67,8
4488,Informatica Home Studio 04488,Informatica,35.38,28
4489,Jardineria Nova Max 04489,Jardineria,49.89,73
4490,Electronica Air Home 04490,Electronica,36.03,29
4491,Hogar Home Smart 04491,Hogar,169.10,28
4492,Electronica Core Prime 04492,Electronica,8.19,75
4493,Moda Prime Plus 04493,Moda,163.75,36
4494,Electronica Lite Home 04494,Electronica,28.00,7
4495,Informatica Home Prime 04495,Informatica,7.66,43
4496,Electronica Home Nova 04496,Electronica,9.02,16
4497,Electronica Home Plus 04497,Electronica,43.72,113
4498,Jardineria Eco Pro 04498,Jardineria,28.02,108
4499,Hogar Air Lite 04499,Hogar,349.19,108
4500,Deporte Ultra Plus 04500,Deporte,40.33,27
4501,Informatica Lite Air 04501,Informatica,46.78,19
4502,Informatica Eco Pro 04502,Informatica,29.65,34
4503,Jardineria Prime Max 04503,Jardineria,14.25,36
4504,Electronica Core Smart 04504,Electronica,36.01,45
4505,Deporte Max Lite 04505,Deporte,8.77,35
4506,Informatica Eco Pro 04506,Informatica,191.50,7
4507,Electronica Air Smart 04507,Electronica,9.50,12
4508,Electronica Smart Air 04508,Electronica,50.45,97
4509,Electronica Eco Air 04509,Electronica,24.24,16
4510,Hogar Pro Home 04510,Hogar,9.04,40
4511,Moda Nova Plus 04511,Moda,16.37,34
4512,Informatica Max Nova 04512,Informatica,8.92,27
4513,Hogar Air Max 04513,Hogar,23.59,54
4514,Moda Pro Mini 04514,Moda,47.77,35
4515,Hogar Nova Core 04515,Hogar,19.45,27
4516,Jardineria Smart Smart 04516,Jardineria,48.63,8
4517,Mascotas Max Mini 04517,Mascotas,65.63,24
4518,Hogar Smart Max 04518,Hogar,18.05,100
4519,Hogar Smart Core 04519,Hogar,13.32,44
4520,Juguetes Smart Prime 04520,Juguetes,14.52,13
4521,Hogar Pro Nova 04521,Hogar,24.51,107
4522,Electronica Home Ultra 04522,Electronica,109.89,29
4523,Libros Ultra Lite 04523,Libros,53.61,27
4524,Informatica Smart Core 04524,Informatica,75.16,44
4525,Informatica Eco Pro 04525,Informatica,34.36,21
4526,Jardineria Nova Max 04526,Jardineria,9.09,51
4527,Electronica Studio Studio 04527,Electronica,24.16,40
4528,Mascotas Smart Max 04528,Mascotas,45.15,14
4529,Libros Core Studio 04529,Libros,6.94,44
4530,Electronica Nova Air 04530,Electronica,92.84,5
4531,Deporte Max Prime 04531,Deporte,101.04,20
4532,Libros Prime Core 04532,Libros,76.12,40
4533,Electronica Nova Mini 04533,Electronica,14.12,36
4534,Juguetes Nova Max 04534,Juguetes,40.88,86
4535,Hogar Home Air 04535,Hogar,13.89,22
4536,Deporte Prime Air 04536,Deporte,47.99,45
4537,Electronica Max Nova 04537,Electronica,25.24,17
4538,Moda Home Home 04538,Moda,20.76,80
4539,Deporte Prime Studio 04539,Deporte,26.46,41
4540,Electronica Ultra Ultra 04540,Electronica,21.03,91
4541,Hogar Studio Studio 04541,Hogar,55.00,36
4542,Juguetes Core Smart 04542,Juguetes,30.41,34
4543,Deporte Pro Mini 04543,Deporte,7.54,38
4544,Juguetes Plus Core 04544,Juguetes,91.52,30
4545,Informatica Core Air 04545,Informatica,143.65,38
4546,Moda Smart Home 04546,Moda,18.02,15
4547,Deporte Home Home 04547,Deporte,58.41,35
4548,Informatica Plus Nova 04548,Informatica,60.81,56
4549,Electronica Plus Plus 04549,Electronica,14.21,54
4550,Moda Air Eco 04550,Moda,20.36,96
4551,Informatica Smart Home 04551,Informatica,38.45,75
4552,Informatica Ultra Prime 04552,Informatica,26.19,78
4553,Hogar Lite Smart 04553,Hogar,55.80,79
4554,Hogar Max Nova 04554,Hogar,22.83,47
4555,Juguetes Plus Eco 04555,Juguetes,50.67,14
4556,Juguetes Eco Prime 04556,Juguetes,26.47,80
4557,Electronica Studio Home 04557,Electronica,5.53,30
4558,Informatica Home Max 04558,Informatica,231.61,5
4559,Moda Home Plus 04559,Moda,30.33,45
4560,Libros Home Plus 04560,Libros,142.39,41
4561,Informatica Lite Pro 04561,Informatica,17.18,13
4562,Hogar Plus Core 04562,Hogar,67.70,97
4563,Electronica Home Plus 04563,Electronica,28.07,37
4564,Informatica Max Core 04564,Informatica,39.06,25
4565,Jardineria Mini Lite 04565,Jardineria,126.56,27
4566,Moda Air Studio 04566,Moda,10.34,39
4567,Hogar Eco Prime 04567,Hogar,67.37,12
4568,Juguetes Plus Studio 04568,Juguetes,53.13,25
4569,Instrumentos musicales Air Core 04569,Instrumentos musicales,85.32,44
4570,Moda Home Core 04570,Moda,24.08,22
4571,Electronica Core Studio 04571,Electronica,50.46,105
4572,Mascotas Air Home 04572,Mascotas,17.09,32
4573,Libros Plus Mini 04573,Libros,13.38,79
4574,Hogar Core Studio 04574,Hogar,8.52,75
4575,Jardineria Max Plus 04575,Jardineria,22.19,23
4576,Deporte Air Smart 04576,Deporte,14.49,100
4577,Libros Air Nova 04577,Libros,16.97,115
4578,Informatica Nova Lite 04578,Informatica,45.86,29
4579,Jardineria Max Lite 04579,Jardineria,104.25,93
4580,Informatica Pro Mini 04580,Informatica,38.91,101
4581,Hogar Plus Nova 04581,Hogar,78.87,44
4582,Libros Air Home 04582,Libros,3.32,35
4583,Jardineria Core Studio 04583,Jardineria,38.92,25
4584,Deporte Air Studio 04584,Deporte,5.21,99
4585,Instrumentos musicales Eco Plus 04585,Instrumentos musicales,17.31,39
4586,Informatica Mini Max 04586,Informatica,45.24,8
4587,Deporte Plus Lite 04587,Deporte,34.82,44
4588,Informatica Air Lite 04588,Informatica,17.47,18
4589,Informatica Eco Home 04589,Informatica,27.05,81
4590,Moda Smart Air 04590,Moda,10.33,7
4591,Deporte Pro Pro 04591,Deporte,237.13,36
4592,Juguetes Studio Max 04592,Juguetes,13.56,43
4593,Moda Prime Air 04593,Moda,23.34,60
4594,Electronica Max Mini 04594,Electronica,28.22,6
4595,Electronica Nova Studio 04595,Electronica,68.70,10
4596,Libros Pro Prime 04596,Libros,189.87,41
4597,Instrumentos musicales Air Ultra 04597,Instrumentos musicales,44.18,40
4598,Libros Lite Air 04598,Libros,57.49,83
4599,Juguetes Home Home 04599,Juguetes,14.61,91
4600,Moda Mini Smart 04600,Moda,20.66,32
4601,Libros Home Air 04601,Libros,126.03,29
4602,Mascotas Eco Air 04602,Mascotas,61.45,29
4603,Informatica Lite Home 04603,Informatica,18.91,39
4604,Deporte Mini Lite 04604,Deporte,91.94,33
4605,Juguetes Mini Eco 04605,Juguetes,25.49,32
4606,Juguetes Pro Air 04606,Juguetes,52.14,12
4607,Electronica Pro Prime 04607,Electronica,20.54,13
4608,Informatica Home Ultra 04608,Informatica,26.39,18
4609,Hogar Nova Lite 04609,Hogar,6.77,53
4610,Electronica Plus Smart 04610,Electronica,35.35,50
4611,Informatica Nova Lite 04611,Informatica,15.18,52
4612,Hogar Eco Pro 04612,Hogar,23.22,100
4613,Moda Air Eco 04613,Moda,18.98,25
4614,Hogar Nova Plus 04614,Hogar,58.46,104
4615,Electronica Core Nova 04615,Electronica,42.35,50
4616,Informatica Smart Plus 04616,Informatica,136.60,44
4617,Electronica Air Lite 04617,Electronica,28.10,25
4618,Hogar Air Lite 04618,Hogar,49.33,26
4619,Informatica Max Plus 04619,Informatica,10.57,108
4620,Informatica Ultra Smart 04620,Informatica,31.95,44
4621,Libros Plus Pro 04621,Libros,37.79,30
4622,Jardineria Lite Prime 04622,Jardineria,16.76,77
4623,Hogar Pro Studio 04623,Hogar,17.75,37
4624,Moda Lite Nova 04624,Moda,65.85,50
4625,Electronica Home Pro 04625,Electronica,20.89,35
4626,Electronica Core Home 04626,Electronica,17.63,108
4627,Hogar Home Studio 04627,Hogar,25.10,92
4628,Deporte Home Home 04628,Deporte,16.31,97
4629,Juguetes Mini Studio 04629,Juguetes,6.61,112
4630,Moda Home Max 04630,Moda,17.86,27
4631,Informatica Pro Max 04631,Informatica,61.49,10
4632,Deporte Plus Pro 04632,Deporte,129.52,20
4633,Jardineria Ultra Plus 04633,Jardineria,30.64,110
4634,Juguetes Studio Lite 04634,Juguetes,25.81,30
4635,Moda Mini Lite 04635,Moda,22.64,9
4636,Moda Nova Pro 04636,Moda,9.64,30
4637,Juguetes Mini Home 04637,Juguetes,65.01,41
4638,Deporte Max Smart 04638,Deporte,26.55,40
4639,Libros Plus Max 04639,Libros,22.41,29
4640,Informatica Pro Core 04640,Informatica,7.62,44
4641,Electronica Home Smart 04641,Electronica,11.75,49
4642,Informatica Nova Ultra 04642,Informatica,22.10,23
4643,Informatica Prime Core 04643,Informatica,34.53,6
4644,Moda Plus Core 04644,Moda,27.79,35
4645,Hogar Prime Prime 04645,Hogar,81.71,63
4646,Juguetes Plus Prime 04646,Juguetes,27.51,90
4647,Informatica Nova Eco 04647,Informatica,34.28,32
4648,Juguetes Smart Air 04648,Juguetes,31.51,71
4649,Electronica Lite Core 04649,Electronica,48.47,100
4650,Informatica Ultra Pro 04650,Informatica,22.64,17
4651,Juguetes Studio Ultra 04651,Juguetes,16.22,44
4652,Informatica Ultra Studio 04652,Informatica,26.88,30
4653,Libros Lite Ultra 04653,Libros,9.57,115
4654,Moda Core Lite 04654,Moda,32.40,36
4655,Mascotas Nova Lite 04655,Mascotas,59.39,59
4656,Electronica Ultra Eco 04656,Electronica,15.94,23
4657,Informatica Ultra Eco 04657,Informatica,14.33,106
4658,Informatica Mini Nova 04658,Informatica,31.19,43
4659,Informatica Core Smart 04659,Informatica,26.54,53
4660,Hogar Pro Home 04660,Hogar,60.13,29
4661,Libros Studio Max 04661,Libros,59.65,84
4662,Jardineria Lite Ultra 04662,Jardineria,4.34,36
4663,Hogar Pro Smart 04663,Hogar,18.37,17
4664,Deporte Max Prime 04664,Deporte,27.02,17
4665,Hogar Air Plus 04665,Hogar,21.45,38
4666,Informatica Home Nova 04666,Informatica,20.89,77
4667,Deporte Mini Air 04667,Deporte,9.76,62
4668,Hogar Air Ultra 04668,Hogar,32.30,39
4669,Instrumentos musicales Max Prime 04669,Instrumentos musicales,81.28,102
4670,Libros Smart Ultra 04670,Libros,19.34,100
4671,Electronica Lite Mini 04671,Electronica,40.17,12
4672,Instrumentos musicales Plus Eco 04672,Instrumentos musicales,80.61,44
4673,Hogar Ultra Eco 04673,Hogar,29.69,43
4674,Informatica Lite Eco 04674,Informatica,5.72,79
4675,Moda Air Nova 04675,Moda,17.24,34
4676,Moda Home Plus 04676,Moda,68.67,80
4677,Electronica Pro Prime 04677,Electronica,70.49,11
4678,Informatica Eco Ultra 04678,Informatica,133.39,14
4679,Moda Pro Core 04679,Moda,10.83,100
4680,Deporte Prime Plus 04680,Deporte,28.36,11
4681,Moda Smart Smart 04681,Moda,103.45,38
4682,Deporte Ultra Core 04682,Deporte,23.06,51
4683,Electronica Core Smart 04683,Electronica,19.18,42
4684,Moda Mini Max 04684,Moda,28.49,75
4685,Libros Studio Nova 04685,Libros,10.23,12
4686,Electronica Nova Mini 04686,Electronica,34.96,43
4687,Moda Ultra Core 04687,Moda,20.71,20
4688,Electronica Max Pro 04688,Electronica,22.78,17
4689,Electronica Eco Nova 04689,Electronica,43.98,44
4690,Electronica Studio Home 04690,Electronica,10.51,13
4691,Informatica Air Core 04691,Informatica,22.59,31
4692,Jardineria Home Pro 04692,Jardineria,16.16,49
4693,Electronica Plus Prime 04693,Electronica,165.95,114
4694,Mascotas Core Studio 04694,Mascotas,19.38,34
4695,Electronica Mini Home 04695,Electronica,24.00,44
4696,Moda Lite Air 04696,Moda,22.86,52
4697,Juguetes Nova Nova 04697,Juguetes,28.27,35
4698,Juguetes Nova Home 04698,Juguetes,11.00,8
4699,Hogar Eco Ultra 04699,Hogar,17.05,26
4700,Informatica Plus Home 04700,Informatica,36.43,45
4701,Juguetes Eco Smart 04701,Juguetes,55.63,32
4702,Libros Core Plus 04702,Libros,4.28,57
4703,Electronica Core Pro 04703,Electronica,47.22,23
4704,Informatica Prime Prime 04704,Informatica,46.09,40
4705,Informatica Studio Plus 04705,Informatica,12.77,45
4706,Instrumentos musicales Core Ultra 04706,Instrumentos musicales,25.78,22
4707,Informatica Prime Pro 04707,Informatica,163.65,36
4708,Informatica Eco Eco 04708,Informatica,15.62,43
4709,Informatica Core Max 04709,Informatica,102.07,10
4710,Libros Core Lite 04710,Libros,246.84,19
4711,Informatica Plus Air 04711,Informatica,45.52,88
4712,Mascotas Plus Smart 04712,Mascotas,6.36,20
4713,Deporte Smart Core 04713,Deporte,42.29,26
4714,Informatica Studio Mini 04714,Informatica,157.19,15
4715,Informatica Plus Home 04715,Informatica,62.20,94
4716,Moda Home Core 04716,Moda,36.56,61
4717,Moda Ultra Pro 04717,Moda,24.45,46
4718,Mascotas Studio Plus 04718,Mascotas,68.36,22
4719,Jardineria Prime Ultra 04719,Jardineria,82.61,45
4720,Libros Pro Lite 04720,Libros,9.05,28
4721,Mascotas Plus Home 04721,Mascotas,23.10,96
4722,Libros Air Air 04722,Libros,17.27,24
4723,Electronica Core Prime 04723,Electronica,29.15,36
4724,Moda Ultra Studio 04724,Moda,7.69,15
4725,Electronica Prime Plus 04725,Electronica,21.87,20
4726,Hogar Max Max 04726,Hogar,16.22,10
4727,Instrumentos musicales Core Pro 04727,Instrumentos musicales,10.98,53
4728,Hogar Core Plus 04728,Hogar,34.19,29
4729,Libros Mini Smart 04729,Libros,33.36,24
4730,Deporte Ultra Mini 04730,Deporte,36.42,33
4731,Informatica Studio Prime 04731,Informatica,12.55,24
4732,Electronica Lite Lite 04732,Electronica,21.71,24
4733,Jardineria Home Prime 04733,Jardineria,32.86,19
4734,Jardineria Max Pro 04734,Jardineria,30.85,45
4735,Deporte Prime Mini 04735,Deporte,35.56,76
4736,Electronica Pro Prime 04736,Electronica,27.81,45
4737,Electronica Smart Eco 04737,Electronica,51.88,29
4738,Electronica Plus Home 04738,Electronica,32.68,8
4739,Electronica Mini Ultra 04739,Electronica,39.48,72
4740,Hogar Prime Eco 04740,Hogar,13.18,49
4741,Libros Pro Core 04741,Libros,9.44,12
4742,Electronica Prime Home 04742,Electronica,44.25,47
4743,Electronica Core Home 04743,Electronica,89.55,30
4744,Libros Max Studio 04744,Libros,13.66,75
4745,Hogar Ultra Core 04745,Hogar,34.25,11
4746,Electronica Home Studio 04746,Electronica,70.27,44
4747,Hogar Air Prime 04747,Hogar,31.45,8
4748,Moda Max Home 04748,Moda,218.29,27
4749,Libros Air Home 04749,Libros,14.03,20
4750,Moda Core Max 04750,Moda,18.55,27
4751,Electronica Eco Eco 04751,Electronica,11.75,53
4752,Juguetes Air Air 04752,Juguetes,34.93,15
4753,Electronica Home Lite 04753,Electronica,30.71,39
4754,Electronica Lite Smart 04754,Electronica,10.88,23
4755,Informatica Pro Ultra 04755,Informatica,17.74,42
4756,Juguetes Max Lite 04756,Juguetes,147.87,12
4757,Juguetes Prime Eco 04757,Juguetes,20.50,51
4758,Instrumentos musicales Studio Air 04758,Instrumentos musicales,73.01,27
4759,Moda Ultra Smart 04759,Moda,22.95,22
4760,Electronica Mini Plus 04760,Electronica,38.38,87
4761,Hogar Ultra Plus 04761,Hogar,20.38,82
4762,Electronica Pro Pro 04762,Electronica,14.65,35
4763,Informatica Prime Lite 04763,Informatica,9.09,21
4764,Hogar Lite Smart 04764,Hogar,66.76,10
4765,Deporte Air Studio 04765,Deporte,82.03,53
4766,Electronica Max Studio 04766,Electronica,130.28,12
4767,Moda Ultra Max 04767,Moda,19.46,43
4768,Deporte Plus Mini 04768,Deporte,17.57,28
4769,Moda Mini Smart 04769,Moda,79.04,88
4770,Informatica Studio Max 04770,Informatica,35.60,30
4771,Hogar Mini Nova 04771,Hogar,29.21,13
4772,Electronica Nova Smart 04772,Electronica,8.20,10
4773,Moda Home Core 04773,Moda,12.32,39
4774,Mascotas Home Eco 04774,Mascotas,17.47,113
4775,Hogar Ultra Mini 04775,Hogar,18.00,42
4776,Mascotas Core Pro 04776,Mascotas,18.19,105
4777,Mascotas Ultra Air 04777,Mascotas,61.16,113
4778,Informatica Home Eco 04778,Informatica,8.49,80
4779,Juguetes Pro Pro 04779,Juguetes,5.81,19
4780,Electronica Eco Smart 04780,Electronica,4.15,37
4781,Hogar Air Lite 04781,Hogar,41.78,17
4782,Moda Ultra Lite 04782,Moda,16.72,32
4783,Juguetes Smart Studio 04783,Juguetes,28.22,41
4784,Jardineria Mini Smart 04784,Jardineria,43.99,93
4785,Informatica Plus Nova 04785,Informatica,46.45,27
4786,Informatica Smart Home 04786,Informatica,38.58,27
4787,Electronica Ultra Prime 04787,Electronica,57.45,42
4788,Deporte Max Home 04788,Deporte,87.18,104
4789,Mascotas Max Nova 04789,Mascotas,67.36,18
4790,Deporte Mini Mini 04790,Deporte,7.74,62
4791,Electronica Home Lite 04791,Electronica,9.25,10
4792,Electronica Prime Max 04792,Electronica,18.36,11
4793,Hogar Core Prime 04793,Hogar,9.20,37
4794,Hogar Studio Prime 04794,Hogar,6.95,45
4795,Informatica Pro Smart 04795,Informatica,55.11,21
4796,Hogar Pro Pro 04796,Hogar,66.23,38
4797,Instrumentos musicales Max Pro 04797,Instrumentos musicales,5.82,36
4798,Moda Ultra Lite 04798,Moda,8.24,36
4799,Electronica Air Pro 04799,Electronica,26.60,22
4800,Informatica Ultra Plus 04800,Informatica,20.88,16
4801,Electronica Core Eco 04801,Electronica,111.58,36
4802,Informatica Max Lite 04802,Informatica,7.86,28
4803,Electronica Eco Studio 04803,Electronica,73.70,42
4804,Jardineria Ultra Eco 04804,Jardineria,8.67,16
4805,Informatica Mini Max 04805,Informatica,22.24,34
4806,Electronica Home Air 04806,Electronica,26.97,31
4807,Deporte Studio Smart 04807,Deporte,120.57,82
4808,Electronica Pro Core 04808,Electronica,44.96,85
4809,Hogar Smart Home 04809,Hogar,25.46,19
4810,Electronica Smart Lite 04810,Electronica,3.91,43
4811,Deporte Air Core 04811,Deporte,21.23,45
4812,Hogar Smart Ultra 04812,Hogar,9.10,30
4813,Informatica Mini Max 04813,Informatica,34.43,108
4814,Hogar Air Home 04814,Hogar,81.95,19
4815,Electronica Home Mini 04815,Electronica,66.58,20
4816,Hogar Max Eco 04816,Hogar,15.63,36
4817,Hogar Max Ultra 04817,Hogar,31.88,25
4818,Electronica Nova Lite 04818,Electronica,5.20,107
4819,Electronica Home Mini 04819,Electronica,6.20,54
4820,Electronica Plus Studio 04820,Electronica,18.34,35
4821,Moda Plus Max 04821,Moda,29.83,31
4822,Deporte Lite Mini 04822,Deporte,30.71,13
4823,Moda Air Studio 04823,Moda,24.01,58
4824,Mascotas Max Smart 04824,Mascotas,47.69,27
4825,Deporte Eco Prime 04825,Deporte,38.95,40
4826,Electronica Pro Ultra 04826,Electronica,117.86,31
4827,Hogar Core Max 04827,Hogar,8.87,52
4828,Electronica Prime Lite 04828,Electronica,27.90,99
4829,Informatica Plus Smart 04829,Informatica,6.34,62
4830,Informatica Smart Studio 04830,Informatica,128.15,13
4831,Deporte Mini Smart 04831,Deporte,56.88,18
4832,Hogar Max Plus 04832,Hogar,38.59,33
4833,Electronica Max Lite 04833,Electronica,149.81,31
4834,Electronica Nova Mini 04834,Electronica,19.23,85
4835,Deporte Smart Studio 04835,Deporte,33.81,11
4836,Moda Lite Nova 04836,Moda,52.19,89
4837,Informatica Home Air 04837,Informatica,28.60,8
4838,Libros Studio Lite 04838,Libros,48.39,65
4839,Libros Mini Nova 04839,Libros,11.97,12
4840,Informatica Ultra Smart 04840,Informatica,15.09,8
4841,Hogar Nova Pro 04841,Hogar,49.34,9
4842,Electronica Lite Mini 04842,Electronica,57.24,83
4843,Deporte Pro Core 04843,Deporte,9.23,98
4844,Hogar Air Plus 04844,Hogar,128.92,62
4845,Instrumentos musicales Air Plus 04845,Instrumentos musicales,53.15,22
4846,Mascotas Home Max 04846,Mascotas,42.83,21
4847,Juguetes Ultra Pro 04847,Juguetes,8.90,9
4848,Informatica Lite Studio 04848,Informatica,94.69,33
4849,Electronica Lite Core 04849,Electronica,12.70,38
4850,Moda Lite Plus 04850,Moda,24.67,45
4851,Electronica Nova Plus 04851,Electronica,59.43,42
4852,Informatica Pro Nova 04852,Informatica,17.72,17
4853,Juguetes Pro Nova 04853,Juguetes,16.67,77
4854,Electronica Eco Max 04854,Electronica,51.75,17
4855,Hogar Mini Eco 04855,Hogar,5.30,91
4856,Hogar Plus Lite 04856,Hogar,5.93,37
4857,Electronica Plus Plus 04857,Electronica,4.75,53
4858,Libros Pro Smart 04858,Libros,106.24,36
4859,Informatica Air Nova 04859,Informatica,50.33,12
4860,Deporte Core Nova 04860,Deporte,9.51,81
4861,Electronica Prime Studio 04861,Electronica,47.94,11
4862,Libros Nova Core 04862,Libros,46.02,34
4863,Electronica Ultra Ultra 04863,Electronica,9.33,104
4864,Electronica Lite Air 04864,Electronica,10.90,16
4865,Deporte Air Smart 04865,Deporte,46.39,30
4866,Informatica Nova Plus 04866,Informatica,25.13,43
4867,Deporte Prime Studio 04867,Deporte,46.73,12
4868,Electronica Max Prime 04868,Electronica,11.07,92
4869,Mascotas Ultra Ultra 04869,Mascotas,212.55,24
4870,Libros Max Ultra 04870,Libros,73.42,36
4871,Deporte Nova Ultra 04871,Deporte,6.09,56
4872,Informatica Mini Air 04872,Informatica,5.87,18
4873,Electronica Pro Prime 04873,Electronica,33.19,35
4874,Hogar Mini Max 04874,Hogar,12.12,22
4875,Electronica Air Plus 04875,Electronica,19.71,46
4876,Hogar Pro Home 04876,Hogar,23.16,43
4877,Hogar Eco Eco 04877,Hogar,12.85,60
4878,Libros Smart Smart 04878,Libros,22.93,80
4879,Moda Pro Home 04879,Moda,47.92,14
4880,Electronica Core Pro 04880,Electronica,51.42,42
4881,Mascotas Core Nova 04881,Mascotas,14.92,37
4882,Libros Eco Ultra 04882,Libros,12.75,82
4883,Hogar Core Core 04883,Hogar,16.35,42
4884,Hogar Ultra Max 04884,Hogar,37.73,9
4885,Electronica Mini Lite 04885,Electronica,5.09,39
4886,Hogar Plus Core 04886,Hogar,8.52,95
4887,Electronica Lite Home 04887,Electronica,35.61,23
4888,Juguetes Plus Air 04888,Juguetes,3.92,24
4889,Informatica Lite Prime 04889,Informatica,6.89,25
4890,Informatica Max Eco 04890,Informatica,20.80,14
4891,Moda Studio Smart 04891,Moda,69.89,57
4892,Informatica Max Max 04892,Informatica,59.33,41
4893,Electronica Core Plus 04893,Electronica,80.12,115
4894,Electronica Prime Nova 04894,Electronica,44.58,20
4895,Moda Studio Smart 04895,Moda,61.45,7
4896,Informatica Eco Lite 04896,Informatica,88.79,22
4897,Informatica Eco Core 04897,Informatica,70.97,81
4898,Electronica Max Plus 04898,Electronica,48.28,43
4899,Juguetes Air Eco 04899,Juguetes,31.59,6
4900,Informatica Studio Home 04900,Informatica,14.88,27
4901,Hogar Plus Nova 04901,Hogar,68.21,35
4902,Juguetes Mini Air 04902,Juguetes,135.15,26
4903,Libros Eco Core 04903,Libros,48.32,58
4904,Hogar Lite Home 04904,Hogar,29.67,14
4905,Juguetes Lite Nova 04905,Juguetes,51.22,42
4906,Electronica Eco Studio 04906,Electronica,38.15,76
4907,Libros Home Pro 04907,Libros,96.56,30
4908,Moda Home Studio 04908,Moda,29.52,21
4909,Informatica Max Ultra 04909,Informatica,32.50,9
4910,Electronica Eco Core 04910,Electronica,28.52,8
4911,Hogar Core Prime 04911,Hogar,24.71,12
4912,Electronica Plus Home 04912,Electronica,14.84,14
4913,Hogar Ultra Mini 04913,Hogar,24.21,34
4914,Electronica Plus Eco 04914,Electronica,113.58,95
4915,Deporte Ultra Smart 04915,Deporte,14.64,89
4916,Informatica Air Plus 04916,Informatica,29.27,40
4917,Juguetes Eco Core 04917,Juguetes,10.94,49
4918,Electronica Studio Core 04918,Electronica,29.06,115
4919,Deporte Nova Studio 04919,Deporte,18.09,98
4920,Hogar Home Studio 04920,Hogar,40.54,104
4921,Informatica Lite Plus 04921,Informatica,24.94,53
4922,Electronica Core Max 04922,Electronica,60.05,23
4923,Informatica Smart Studio 04923,Informatica,14.97,37
4924,Moda Plus Core 04924,Moda,47.31,86
4925,Informatica Mini Pro 04925,Informatica,7.62,5
4926,Electronica Smart Studio 04926,Electronica,26.48,41
4927,Electronica Max Lite 04927,Electronica,24.09,38
4928,Moda Mini Air 04928,Moda,154.14,23
4929,Electronica Max Prime 04929,Electronica,7.57,67
4930,Electronica Nova Smart 04930,Electronica,38.17,98
4931,Electronica Home Studio 04931,Electronica,61.57,51
4932,Juguetes Pro Mini 04932,Juguetes,97.45,48
4933,Informatica Nova Pro 04933,Informatica,106.16,55
4934,Jardineria Smart Studio 04934,Jardineria,32.81,38
4935,Hogar Mini Home 04935,Hogar,32.64,37
4936,Informatica Lite Home 04936,Informatica,43.41,10
4937,Hogar Plus Ultra 04937,Hogar,24.22,11
4938,Deporte Air Eco 04938,Deporte,26.63,36
4939,Electronica Mini Studio 04939,Electronica,41.97,108
4940,Informatica Max Lite 04940,Informatica,13.29,22
4941,Informatica Plus Studio 04941,Informatica,20.97,105
4942,Deporte Smart Lite 04942,Deporte,57.21,97
4943,Informatica Nova Home 04943,Informatica,19.50,106
4944,Electronica Core Studio 04944,Electronica,18.40,25
4945,Moda Ultra Air 04945,Moda,18.50,48
4946,Moda Home Home 04946,Moda,35.25,25
4947,Libros Home Pro 04947,Libros,14.62,100
4948,Jardineria Eco Plus 04948,Jardineria,11.15,5
4949,Informatica Lite Air 04949,Informatica,66.18,47
4950,Electronica Max Plus 04950,Electronica,29.39,26
4951,Deporte Ultra Nova 04951,Deporte,31.68,28
4952,Juguetes Air Max 04952,Juguetes,23.48,26
4953,Deporte Plus Nova 04953,Deporte,29.71,33
4954,Juguetes Pro Air 04954,Juguetes,28.39,41
4955,Libros Ultra Prime 04955,Libros,19.14,27
4956,Libros Mini Studio 04956,Libros,27.39,10
4957,Juguetes Home Home 04957,Juguetes,326.87,40
4958,Libros Home Studio 04958,Libros,8.90,68
4959,Electronica Nova Studio 04959,Electronica,21.94,101
4960,Hogar Air Max 04960,Hogar,35.45,44
4961,Electronica Eco Lite 04961,Electronica,18.03,37
4962,Juguetes Home Nova 04962,Juguetes,233.08,21
4963,Libros Air Nova 04963,Libros,26.53,44
4964,Electronica Pro Pro 04964,Electronica,17.08,30
4965,Informatica Smart Plus 04965,Informatica,31.67,36
4966,Electronica Home Max 04966,Electronica,40.65,18
4967,Hogar Lite Prime 04967,Hogar,54.87,48
4968,Moda Pro Lite 04968,Moda,10.94,7
4969,Electronica Home Studio 04969,Electronica,21.75,17
4970,Informatica Core Eco 04970,Informatica,62.88,89
4971,Electronica Pro Ultra 04971,Electronica,7.58,11
4972,Juguetes Mini Nova 04972,Juguetes,40.19,26
4973,Electronica Ultra Nova 04973,Electronica,15.11,7
4974,Electronica Lite Home 04974,Electronica,100.91,21
4975,Juguetes Plus Studio 04975,Juguetes,11.31,26
4976,Deporte Home Core 04976,Deporte,9.79,48
4977,Moda Air Nova 04977,Moda,20.33,9
4978,Electronica Plus Ultra 04978,Electronica,19.99,27
4979,Moda Smart Max 04979,Moda,17.42,43
4980,Informatica Plus Smart 04980,Informatica,10.56,42
4981,Informatica Mini Mini 04981,Informatica,11.06,28
4982,Deporte Air Core 04982,Deporte,13.95,43
4983,Jardineria Nova Mini 04983,Jardineria,22.77,31
4984,Informatica Home Eco 04984,Informatica,35.03,43
4985,Electronica Smart Smart 04985,Electronica,34.30,28
4986,Electronica Smart Pro 04986,Electronica,13.05,19
4987,Instrumentos musicales Pro Pro 04987,Instrumentos musicales,77.89,38
4988,Libros Home Studio 04988,Libros,15.79,39
4989,Electronica Smart Nova 04989,Electronica,23.29,111
4990,Moda Eco Ultra 04990,Moda,127.72,35
4991,Deporte Home Studio 04991,Deporte,9.60,90
4992,Juguetes Plus Prime 04992,Juguetes,55.95,8
4993,Hogar Eco Mini 04993,Hogar,44.49,27
4994,Electronica Lite Home 04994,Electronica,15.10,45
4995,Moda Lite Pro 04995,Moda,32.01,50
4996,Hogar Plus Smart 04996,Hogar,10.17,42
4997,Jardineria Ultra Studio 04997,Jardineria,159.67,28
4998,Deporte Ultra Smart 04998,Deporte,49.09,35
4999,Electronica Nova Pro 04999,Electronica,5.17,32
5000,Moda Studio Nova 05000,Moda,3.88,80
5001,Informatica Max Studio 05001,Informatica,27.27,35
5002,Informatica Lite Prime 05002,Informatica,77.87,34
5003,Electronica Plus Plus 05003,Electronica,153.25,86
5004,Hogar Prime Eco 05004,Hogar,96.69,24
5005,Electronica Mini Plus 05005,Electronica,41.38,36
5006,Informatica Ultra Ultra 05006,Informatica,12.73,51
5007,Informatica Lite Studio 05007,Informatica,38.61,22
5008,Electronica Air Smart 05008,Electronica,7.60,48
5009,Juguetes Core Plus 05009,Juguetes,15.83,86
5010,Jardineria Core Ultra 05010,Jardineria,22.54,34
5011,Libros Core Ultra 05011,Libros,62.22,14
5012,Jardineria Home Smart 05012,Jardineria,23.68,61
5013,Libros Max Air 05013,Libros,7.74,44
5014,Informatica Home Smart 05014,Informatica,110.80,32
5015,Informatica Ultra Pro 05015,Informatica,17.97,24
5016,Juguetes Nova Pro 05016,Juguetes,23.02,35
5017,Informatica Core Pro 05017,Informatica,27.97,8
5018,Electronica Prime Ultra 05018,Electronica,173.27,43
5019,Moda Plus Core 05019,Moda,24.60,17
5020,Instrumentos musicales Pro Lite 05020,Instrumentos musicales,38.92,110
5021,Jardineria Plus Smart 05021,Jardineria,48.98,43
5022,Jardineria Air Max 05022,Jardineria,91.40,33
5023,Libros Mini Eco 05023,Libros,129.10,100
5024,Informatica Lite Studio 05024,Informatica,50.82,45
5025,Libros Mini Nova 05025,Libros,15.06,40
5026,Electronica Lite Core 05026,Electronica,16.77,41
5027,Hogar Pro Ultra 05027,Hogar,19.05,46
5028,Juguetes Pro Nova 05028,Juguetes,16.04,40
5029,Moda Core Ultra 05029,Moda,55.43,39
5030,Informatica Air Lite 05030,Informatica,13.21,36
5031,Mascotas Prime Home 05031,Mascotas,15.63,90
5032,Hogar Nova Max 05032,Hogar,7.67,104
5033,Moda Eco Lite 05033,Moda,25.50,30
5034,Electronica Smart Air 05034,Electronica,175.97,27
5035,Informatica Ultra Lite 05035,Informatica,15.15,54
5036,Moda Eco Core 05036,Moda,16.85,60
5037,Libros Ultra Eco 05037,Libros,5.98,42
5038,Electronica Ultra Mini 05038,Electronica,101.47,114
5039,Juguetes Plus Air 05039,Juguetes,44.07,17
5040,Electronica Mini Air 05040,Electronica,12.14,47
5041,Libros Max Lite 05041,Libros,44.21,18
5042,Juguetes Eco Core 05042,Juguetes,17.20,94
5043,Electronica Air Prime 05043,Electronica,4.36,11
5044,Informatica Smart Eco 05044,Informatica,49.52,13
5045,Mascotas Studio Pro 05045,Mascotas,77.00,22
5046,Electronica Max Core 05046,Electronica,17.92,30
5047,Electronica Prime Mini 05047,Electronica,11.51,15
5048,Informatica Pro Air 05048,Informatica,32.59,43
5049,Deporte Lite Studio 05049,Deporte,12.71,47
5050,Electronica Mini Smart 05050,Electronica,40.15,85
5051,Moda Home Ultra 05051,Moda,28.79,36
5052,Informatica Nova Pro 05052,Informatica,16.05,58
5053,Moda Nova Smart 05053,Moda,15.55,17
5054,Informatica Ultra Lite 05054,Informatica,19.68,100
5055,Electronica Smart Studio 05055,Electronica,78.15,29
5056,Electronica Home Mini 05056,Electronica,98.29,10
5057,Libros Home Eco 05057,Libros,38.84,5
5058,Hogar Plus Prime 05058,Hogar,25.35,68
5059,Jardineria Home Max 05059,Jardineria,5.37,43
5060,Libros Studio Studio 05060,Libros,169.32,38
5061,Jardineria Eco Air 05061,Jardineria,7.78,41
5062,Electronica Mini Air 05062,Electronica,42.98,13
5063,Juguetes Lite Mini 05063,Juguetes,37.25,18
5064,Juguetes Ultra Max 05064,Juguetes,18.93,91
5065,Deporte Studio Eco 05065,Deporte,42.12,44
5066,Moda Studio Prime 05066,Moda,7.88,30
5067,Electronica Nova Nova 05067,Electronica,30.15,25
5068,Instrumentos musicales Air Eco 05068,Instrumentos musicales,55.94,56
5069,Hogar Home Pro 05069,Hogar,15.52,42
5070,Hogar Max Ultra 05070,Hogar,27.94,78
5071,Libros Max Pro 05071,Libros,99.87,44
5072,Libros Ultra Nova 05072,Libros,73.48,18
5073,Moda Air Studio 05073,Moda,70.65,25
5074,Moda Core Home 05074,Moda,36.10,45
5075,Moda Pro Mini 05075,Moda,73.99,38
5076,Electronica Ultra Nova 05076,Electronica,27.65,92
5077,Electronica Ultra Home 05077,Electronica,57.68,20
5078,Informatica Lite Lite 05078,Informatica,8.51,39
5079,Juguetes Core Prime 05079,Juguetes,35.18,80
5080,Deporte Max Nova 05080,Deporte,20.33,89
5081,Electronica Pro Studio 05081,Electronica,27.95,29
5082,Informatica Home Ultra 05082,Informatica,20.16,31
5083,Informatica Core Lite 05083,Informatica,8.92,30
5084,Libros Core Home 05084,Libros,17.19,47
5085,Mascotas Nova Lite 05085,Mascotas,11.67,37
5086,Hogar Eco Smart 05086,Hogar,12.07,48
5087,Informatica Max Mini 05087,Informatica,25.99,39
5088,Electronica Max Studio 05088,Electronica,33.43,84
5089,Hogar Ultra Prime 05089,Hogar,10.97,114
5090,Electronica Smart Core 05090,Electronica,10.87,60
5091,Informatica Prime Air 05091,Informatica,25.56,52
5092,Libros Home Smart 05092,Libros,36.97,10
5093,Jardineria Plus Max 05093,Jardineria,52.36,21
5094,Hogar Prime Plus 05094,Hogar,6.74,27
5095,Informatica Mini Max 05095,Informatica,38.91,11
5096,Moda Max Mini 05096,Moda,24.41,100
5097,Electronica Plus Ultra 05097,Electronica,13.22,38
5098,Hogar Lite Lite 05098,Hogar,19.49,41
5099,Mascotas Home Prime 05099,Mascotas,19.53,59
5100,Instrumentos musicales Max Max 05100,Instrumentos musicales,102.84,16
5101,Juguetes Nova Air 05101,Juguetes,20.68,44
5102,Informatica Home Core 05102,Informatica,95.48,41
5103,Electronica Lite Pro 05103,Electronica,47.11,31
5104,Libros Home Home 05104,Libros,10.52,14
5105,Deporte Prime Core 05105,Deporte,4.54,43
5106,Informatica Air Smart 05106,Informatica,5.42,38
5107,Informatica Lite Mini 05107,Informatica,3.49,25
5108,Mascotas Eco Ultra 05108,Mascotas,28.68,39
5109,Instrumentos musicales Max Air 05109,Instrumentos musicales,15.59,20
5110,Juguetes Pro Mini 05110,Juguetes,17.71,35
5111,Electronica Air Ultra 05111,Electronica,18.81,18
5112,Hogar Lite Mini 05112,Hogar,30.94,23
5113,Informatica Nova Studio 05113,Informatica,6.74,31
5114,Electronica Pro Lite 05114,Electronica,38.80,39
5115,Hogar Pro Plus 05115,Hogar,108.68,22
5116,Juguetes Home Lite 05116,Juguetes,24.27,61
5117,Informatica Prime Ultra 05117,Informatica,52.90,30
5118,Juguetes Prime Home 05118,Juguetes,30.85,6
5119,Juguetes Max Nova 05119,Juguetes,32.82,85
5120,Informatica Smart Nova 05120,Informatica,69.65,14
5121,Electronica Studio Ultra 05121,Electronica,58.17,40
5122,Libros Core Ultra 05122,Libros,6.22,38
5123,Electronica Core Nova 05123,Electronica,28.25,37
5124,Moda Mini Mini 05124,Moda,14.88,39
5125,Instrumentos musicales Smart Mini 05125,Instrumentos musicales,14.04,32
5126,Hogar Air Eco 05126,Hogar,23.82,29
5127,Libros Nova Lite 05127,Libros,7.86,72
5128,Mascotas Eco Ultra 05128,Mascotas,5.06,6
5129,Jardineria Mini Mini 05129,Jardineria,30.60,34
5130,Deporte Prime Air 05130,Deporte,19.05,13
5131,Juguetes Studio Plus 05131,Juguetes,32.89,13
5132,Moda Pro Prime 05132,Moda,17.86,15
5133,Juguetes Studio Studio 05133,Juguetes,56.25,62
5134,Juguetes Smart Home 05134,Juguetes,40.25,26
5135,Libros Studio Home 05135,Libros,22.24,22
5136,Libros Pro Prime 05136,Libros,16.70,37
5137,Moda Plus Plus 05137,Moda,15.65,61
5138,Juguetes Core Max 05138,Juguetes,10.72,58
5139,Mascotas Prime Nova 05139,Mascotas,36.24,95
5140,Juguetes Nova Pro 05140,Juguetes,116.98,46
5141,Electronica Max Max 05141,Electronica,15.14,25
5142,Informatica Nova Home 05142,Informatica,20.34,37
5143,Electronica Plus Ultra 05143,Electronica,13.12,41
5144,Hogar Smart Prime 05144,Hogar,24.09,44
5145,Libros Max Smart 05145,Libros,58.32,36
5146,Hogar Core Pro 05146,Hogar,27.44,21
5147,Hogar Pro Studio 05147,Hogar,45.76,41
5148,Hogar Air Mini 05148,Hogar,230.04,60
5149,Deporte Eco Mini 05149,Deporte,21.55,87
5150,Juguetes Home Air 05150,Juguetes,15.59,41
5151,Informatica Eco Lite 05151,Informatica,15.14,12
5152,Electronica Eco Ultra 05152,Electronica,32.48,32
5153,Informatica Home Nova 05153,Informatica,52.29,31
5154,Juguetes Smart Home 05154,Juguetes,9.56,89
5155,Informatica Prime Core 05155,Informatica,29.32,22
5156,Electronica Max Eco 05156,Electronica,16.60,18
5157,Electronica Studio Max 05157,Electronica,87.25,47
5158,Libros Mini Smart 05158,Libros,37.20,28
5159,Libros Plus Lite 05159,Libros,27.60,19
5160,Informatica Nova Studio 05160,Informatica,6.05,40
5161,Informatica Smart Ultra 05161,Informatica,18.57,47
5162,Hogar Eco Lite 05162,Hogar,16.77,18
5163,Informatica Eco Plus 05163,Informatica,67.72,51
5164,Hogar Plus Plus 05164,Hogar,6.40,39
5165,Hogar Prime Smart 05165,Hogar,5.39,31
5166,Electronica Air Prime 05166,Electronica,120.95,28
5167,Juguetes Eco Plus 05167,Juguetes,22.41,54
5168,Informatica Prime Smart 05168,Informatica,34.11,80
5169,Informatica Air Lite 05169,Informatica,77.16,17
5170,Informatica Lite Pro 05170,Informatica,22.99,36
5171,Electronica Lite Ultra 05171,Electronica,15.05,10
5172,Libros Pro Studio 05172,Libros,37.74,34
5173,Electronica Mini Max 05173,Electronica,7.41,15
5174,Deporte Core Home 05174,Deporte,12.02,85
5175,Deporte Studio Smart 05175,Deporte,61.68,10
5176,Jardineria Mini Eco 05176,Jardineria,9.55,28
5177,Electronica Prime Lite 05177,Electronica,63.11,9
5178,Electronica Ultra Prime 05178,Electronica,17.81,92
5179,Hogar Eco Air 05179,Hogar,10.93,46
5180,Juguetes Mini Prime 05180,Juguetes,40.52,45
5181,Electronica Eco Nova 05181,Electronica,20.42,31
5182,Deporte Max Eco 05182,Deporte,67.68,13
5183,Informatica Studio Home 05183,Informatica,9.84,49
5184,Deporte Studio Max 05184,Deporte,36.35,40
5185,Hogar Smart Ultra 05185,Hogar,12.28,21
5186,Moda Studio Smart 05186,Moda,9.76,28
5187,Electronica Pro Ultra 05187,Electronica,11.02,85
5188,Instrumentos musicales Max Home 05188,Instrumentos musicales,48.51,12
5189,Hogar Max Mini 05189,Hogar,13.71,40
5190,Hogar Smart Pro 05190,Hogar,4.76,19
5191,Mascotas Prime Prime 05191,Mascotas,170.67,22
5192,Moda Mini Plus 05192,Moda,40.96,26
5193,Deporte Air Air 05193,Deporte,7.42,28
5194,Hogar Max Ultra 05194,Hogar,19.44,55
5195,Electronica Smart Prime 05195,Electronica,60.53,22
5196,Electronica Max Ultra 05196,Electronica,6.85,28
5197,Libros Home Core 05197,Libros,8.90,36
5198,Informatica Air Air 05198,Informatica,39.38,19
5199,Informatica Max Mini 05199,Informatica,41.92,40
5200,Electronica Studio Mini 05200,Electronica,72.49,8
5201,Electronica Ultra Studio 05201,Electronica,3.71,32
5202,Electronica Eco Ultra 05202,Electronica,25.16,17
5203,Mascotas Home Mini 05203,Mascotas,23.28,21
5204,Moda Lite Studio 05204,Moda,132.80,45
5205,Moda Studio Home 05205,Moda,108.69,106
5206,Informatica Home Air 05206,Informatica,60.25,60
5207,Juguetes Home Mini 05207,Juguetes,30.78,18
5208,Moda Air Plus 05208,Moda,10.43,9
5209,Electronica Mini Studio 05209,Electronica,15.03,35
5210,Electronica Mini Nova 05210,Electronica,55.80,29
5211,Deporte Studio Eco 05211,Deporte,21.08,50
5212,Informatica Eco Air 05212,Informatica,37.02,32
5213,Electronica Air Studio 05213,Electronica,24.69,26
5214,Electronica Prime Home 05214,Electronica,81.78,29
5215,Juguetes Prime Lite 05215,Juguetes,18.46,91
5216,Electronica Ultra Core 05216,Electronica,18.12,28
5217,Electronica Ultra Eco 05217,Electronica,93.08,39
5218,Mascotas Max Max 05218,Mascotas,17.34,28
5219,Electronica Mini Pro 05219,Electronica,39.77,105
5220,Electronica Home Mini 05220,Electronica,40.12,15
5221,Hogar Core Pro 05221,Hogar,6.46,9
5222,Libros Air Nova 05222,Libros,47.74,16
5223,Electronica Core Home 05223,Electronica,7.56,44
5224,Informatica Core Lite 05224,Informatica,11.86,39
5225,Informatica Mini Eco 05225,Informatica,40.29,12
5226,Informatica Core Nova 05226,Informatica,107.25,29
5227,Libros Mini Prime 05227,Libros,29.94,95
5228,Informatica Core Air 05228,Informatica,17.13,11
5229,Hogar Ultra Prime 05229,Hogar,15.27,42
5230,Electronica Mini Ultra 05230,Electronica,49.81,36
5231,Instrumentos musicales Smart Eco 05231,Instrumentos musicales,11.74,99
5232,Libros Plus Studio 05232,Libros,11.84,36
5233,Informatica Pro Ultra 05233,Informatica,10.03,6
5234,Moda Pro Core 05234,Moda,12.08,24
5235,Electronica Mini Prime 05235,Electronica,33.81,27
5236,Electronica Air Air 05236,Electronica,91.55,45
5237,Jardineria Smart Max 05237,Jardineria,9.79,16
5238,Informatica Smart Nova 05238,Informatica,11.55,16
5239,Informatica Nova Prime 05239,Informatica,17.94,12
5240,Libros Ultra Pro 05240,Libros,12.06,17
5241,Informatica Prime Home 05241,Informatica,114.19,97
5242,Hogar Smart Air 05242,Hogar,28.57,47
5243,Hogar Eco Ultra 05243,Hogar,107.24,113
5244,Informatica Max Plus 05244,Informatica,10.43,26
5245,Electronica Mini Max 05245,Electronica,33.94,23
5246,Juguetes Lite Prime 05246,Juguetes,10.90,7
5247,Electronica Prime Lite 05247,Electronica,33.80,112
5248,Electronica Prime Eco 05248,Electronica,14.53,77
5249,Electronica Ultra Nova 05249,Electronica,5.14,8
5250,Jardineria Pro Ultra 05250,Jardineria,16.25,42
5251,Juguetes Air Ultra 05251,Juguetes,24.13,48
5252,Juguetes Home Mini 05252,Juguetes,20.71,40
5253,Moda Max Home 05253,Moda,95.17,45
5254,Informatica Home Plus 05254,Informatica,35.38,45
5255,Electronica Nova Ultra 05255,Electronica,53.52,11
5256,Libros Core Prime 05256,Libros,37.81,12
5257,Electronica Eco Prime 05257,Electronica,11.09,37
5258,Electronica Max Studio 05258,Electronica,22.55,17
5259,Mascotas Air Max 05259,Mascotas,7.45,26
5260,Hogar Eco Home 05260,Hogar,29.03,36
5261,Hogar Max Mini 05261,Hogar,33.39,52
5262,Informatica Core Lite 05262,Informatica,44.47,35
5263,Hogar Plus Home 05263,Hogar,11.48,34
5264,Informatica Studio Smart 05264,Informatica,103.07,43
5265,Informatica Mini Prime 05265,Informatica,6.11,22
5266,Electronica Pro Mini 05266,Electronica,25.37,111
5267,Deporte Lite Studio 05267,Deporte,7.11,83
5268,Libros Home Mini 05268,Libros,58.22,22
5269,Informatica Plus Core 05269,Informatica,64.88,96
5270,Deporte Lite Smart 05270,Deporte,220.87,95
5271,Hogar Lite Prime 05271,Hogar,25.71,34
5272,Electronica Plus Home 05272,Electronica,42.13,77
5273,Electronica Air Lite 05273,Electronica,18.61,8
5274,Hogar Studio Nova 05274,Hogar,29.30,108
5275,Electronica Nova Air 05275,Electronica,3.56,25
5276,Jardineria Nova Eco 05276,Jardineria,13.45,38
5277,Moda Studio Core 05277,Moda,25.82,55
5278,Juguetes Home Lite 05278,Juguetes,25.26,41
5279,Electronica Plus Air 05279,Electronica,75.48,86
5280,Informatica Core Core 05280,Informatica,129.46,24
5281,Juguetes Smart Smart 05281,Juguetes,40.15,34
5282,Electronica Prime Pro 05282,Electronica,6.89,90
5283,Hogar Eco Eco 05283,Hogar,55.04,11
5284,Moda Air Air 05284,Moda,10.02,41
5285,Juguetes Prime Eco 05285,Juguetes,34.62,45
5286,Libros Pro Pro 05286,Libros,22.04,28
5287,Libros Max Prime 05287,Libros,10.04,29
5288,Hogar Core Lite 05288,Hogar,59.91,57
5289,Electronica Prime Max 05289,Electronica,45.88,18
5290,Moda Ultra Core 05290,Moda,16.23,43
5291,Electronica Mini Air 05291,Electronica,25.34,88
5292,Hogar Prime Mini 05292,Hogar,11.54,30
5293,Moda Lite Home 05293,Moda,19.13,32
5294,Hogar Ultra Home 05294,Hogar,38.28,42
5295,Deporte Mini Core 05295,Deporte,20.03,17
5296,Hogar Lite Nova 05296,Hogar,66.81,36
5297,Hogar Eco Core 05297,Hogar,28.45,28
5298,Jardineria Eco Smart 05298,Jardineria,18.46,18
5299,Jardineria Core Max 05299,Jardineria,59.26,105
5300,Electronica Air Smart 05300,Electronica,126.52,25
5301,Instrumentos musicales Air Studio 05301,Instrumentos musicales,24.06,46
5302,Hogar Prime Eco 05302,Hogar,8.94,27
5303,Hogar Lite Prime 05303,Hogar,7.79,5
5304,Moda Air Air 05304,Moda,13.97,9
5305,Juguetes Studio Max 05305,Juguetes,6.94,93
5306,Libros Plus Lite 05306,Libros,83.62,45
5307,Libros Nova Studio 05307,Libros,10.89,88
5308,Deporte Home Lite 05308,Deporte,81.07,57
5309,Moda Lite Max 05309,Moda,15.94,16
5310,Informatica Smart Pro 05310,Informatica,56.62,8
5311,Informatica Lite Home 05311,Informatica,17.87,24
5312,Informatica Ultra Core 05312,Informatica,219.09,11
5313,Electronica Pro Studio 05313,Electronica,17.51,103
5314,Moda Mini Lite 05314,Moda,11.73,14
5315,Hogar Lite Smart 05315,Hogar,36.22,36
5316,Informatica Lite Nova 05316,Informatica,34.42,43
5317,Informatica Core Plus 05317,Informatica,16.26,24
5318,Informatica Plus Eco 05318,Informatica,42.95,34
5319,Electronica Nova Home 05319,Electronica,21.70,38
5320,Jardineria Prime Studio 05320,Jardineria,11.93,9
5321,Juguetes Mini Smart 05321,Juguetes,24.03,5
5322,Informatica Pro Ultra 05322,Informatica,7.51,67
5323,Informatica Eco Eco 05323,Informatica,24.07,42
5324,Instrumentos musicales Eco Plus 05324,Instrumentos musicales,12.25,105
5325,Hogar Eco Lite 05325,Hogar,64.90,34
5326,Hogar Max Mini 05326,Hogar,36.54,77
5327,Moda Eco Ultra 05327,Moda,34.33,96
5328,Electronica Pro Pro 05328,Electronica,43.82,27
5329,Juguetes Ultra Lite 05329,Juguetes,6.29,42
5330,Mascotas Eco Plus 05330,Mascotas,46.10,44
5331,Moda Air Smart 05331,Moda,2.93,26
5332,Moda Lite Pro 05332,Moda,15.78,5
5333,Electronica Ultra Prime 05333,Electronica,12.21,20
5334,Juguetes Core Core 05334,Juguetes,16.03,39
5335,Libros Core Prime 05335,Libros,32.37,47
5336,Jardineria Ultra Max 05336,Jardineria,14.23,36
5337,Libros Home Air 05337,Libros,2.50,64
5338,Hogar Prime Smart 05338,Hogar,12.15,9
5339,Moda Studio Pro 05339,Moda,20.55,39
5340,Informatica Studio Core 05340,Informatica,24.27,22
5341,Hogar Mini Max 05341,Hogar,19.17,27
5342,Moda Air Mini 05342,Moda,12.67,7
5343,Electronica Max Core 05343,Electronica,17.62,24
5344,Deporte Nova Nova 05344,Deporte,22.23,12
5345,Juguetes Plus Ultra 05345,Juguetes,97.41,41
5346,Informatica Plus Home 05346,Informatica,26.63,39
5347,Deporte Air Mini 05347,Deporte,46.51,33
5348,Informatica Air Max 05348,Informatica,37.18,30
5349,Instrumentos musicales Air Nova 05349,Instrumentos musicales,14.03,30
5350,Jardineria Home Pro 05350,Jardineria,17.62,34
5351,Electronica Plus Studio 05351,Electronica,20.70,28
5352,Deporte Core Eco 05352,Deporte,81.98,29
5353,Moda Max Nova 05353,Moda,28.11,13
5354,Juguetes Pro Mini 05354,Juguetes,10.97,5
5355,Electronica Prime Smart 05355,Electronica,20.96,65
5356,Moda Max Core 05356,Moda,24.98,40
5357,Electronica Mini Air 05357,Electronica,37.16,9
5358,Informatica Pro Nova 05358,Informatica,7.58,46
5359,Electronica Ultra Smart 05359,Electronica,15.82,16
5360,Juguetes Plus Ultra 05360,Juguetes,8.73,54
5361,Electronica Nova Air 05361,Electronica,266.19,100
5362,Juguetes Air Eco 05362,Juguetes,23.68,19
5363,Hogar Plus Air 05363,Hogar,19.20,46
5364,Electronica Mini Max 05364,Electronica,30.03,35
5365,Deporte Core Mini 05365,Deporte,57.01,30
5366,Moda Ultra Max 05366,Moda,87.30,40
5367,Libros Lite Mini 05367,Libros,108.74,28
5368,Informatica Ultra Eco 05368,Informatica,37.29,35
5369,Juguetes Max Ultra 05369,Juguetes,24.22,19
5370,Mascotas Smart Core 05370,Mascotas,192.18,31
5371,Instrumentos musicales Home Ultra 05371,Instrumentos musicales,20.89,59
5372,Electronica Mini Pro 05372,Electronica,37.72,42
5373,Deporte Core Pro 05373,Deporte,30.50,34
5374,Hogar Lite Lite 05374,Hogar,36.37,59
5375,Electronica Core Pro 05375,Electronica,72.40,18
5376,Hogar Pro Nova 05376,Hogar,62.40,79
5377,Hogar Pro Core 05377,Hogar,21.96,52
5378,Mascotas Plus Plus 05378,Mascotas,43.02,94
5379,Libros Studio Lite 05379,Libros,6.77,38
5380,Deporte Mini Core 05380,Deporte,95.52,18
5381,Instrumentos musicales Nova Air 05381,Instrumentos musicales,34.60,33
5382,Informatica Air Mini 05382,Informatica,27.52,44
5383,Electronica Plus Studio 05383,Electronica,13.63,84
5384,Electronica Air Lite 05384,Electronica,49.70,23
5385,Hogar Pro Eco 05385,Hogar,54.57,31
5386,Juguetes Mini Home 05386,Juguetes,22.19,14
5387,Jardineria Pro Mini 05387,Jardineria,22.85,31
5388,Informatica Nova Smart 05388,Informatica,47.85,36
5389,Libros Mini Home 05389,Libros,5.38,62
5390,Hogar Max Max 05390,Hogar,103.69,14
5391,Electronica Smart Pro 05391,Electronica,32.74,105
5392,Juguetes Studio Eco 05392,Juguetes,45.52,27
5393,Informatica Prime Nova 05393,Informatica,56.42,40
5394,Juguetes Max Core 05394,Juguetes,4.84,48
5395,Moda Eco Max 05395,Moda,135.32,45
5396,Informatica Ultra Home 05396,Informatica,23.51,82
5397,Hogar Nova Eco 05397,Hogar,12.91,75
5398,Juguetes Smart Home 05398,Juguetes,68.02,37
5399,Informatica Pro Ultra 05399,Informatica,55.51,32
5400,Hogar Nova Core 05400,Hogar,41.22,41
5401,Mascotas Mini Studio 05401,Mascotas,18.59,29
5402,Hogar Smart Eco 05402,Hogar,31.64,12
5403,Moda Pro Pro 05403,Moda,32.21,5
5404,Electronica Eco Air 05404,Electronica,23.09,42
5405,Juguetes Core Pro 05405,Juguetes,21.64,21
5406,Instrumentos musicales Max Prime 05406,Instrumentos musicales,19.18,34
5407,Hogar Mini Nova 05407,Hogar,46.25,11
5408,Informatica Core Eco 05408,Informatica,13.78,92
5409,Deporte Pro Home 05409,Deporte,20.03,19
5410,Jardineria Lite Prime 05410,Jardineria,50.31,51
5411,Informatica Mini Pro 05411,Informatica,18.03,17
5412,Moda Lite Air 05412,Moda,9.68,66
5413,Informatica Ultra Plus 05413,Informatica,25.61,29
5414,Juguetes Ultra Air 05414,Juguetes,16.73,31
5415,Electronica Core Core 05415,Electronica,197.47,47
5416,Juguetes Max Studio 05416,Juguetes,79.80,12
5417,Informatica Core Pro 05417,Informatica,61.88,21
5418,Informatica Plus Plus 05418,Informatica,17.63,21
5419,Libros Air Max 05419,Libros,12.29,36
5420,Instrumentos musicales Studio Smart 05420,Instrumentos musicales,12.32,91
5421,Moda Smart Eco 05421,Moda,24.49,36
5422,Electronica Ultra Max 05422,Electronica,37.91,17
5423,Hogar Lite Studio 05423,Hogar,51.07,40
5424,Libros Mini Core 05424,Libros,12.00,28
5425,Electronica Mini Home 05425,Electronica,23.45,9
5426,Informatica Mini Core 05426,Informatica,18.25,44
5427,Moda Studio Ultra 05427,Moda,4.96,105
5428,Electronica Air Lite 05428,Electronica,19.39,37
5429,Hogar Max Eco 05429,Hogar,14.18,94
5430,Electronica Prime Mini 05430,Electronica,16.31,37
5431,Hogar Pro Studio 05431,Hogar,14.28,76
5432,Libros Core Home 05432,Libros,6.18,33
5433,Electronica Ultra Pro 05433,Electronica,28.75,100
5434,Moda Pro Home 05434,Moda,7.06,33
5435,Electronica Nova Studio 05435,Electronica,10.48,47
5436,Moda Eco Lite 05436,Moda,30.21,6
5437,Hogar Smart Eco 05437,Hogar,7.73,16
5438,Electronica Nova Pro 05438,Electronica,38.02,14
5439,Libros Studio Core 05439,Libros,42.94,21
5440,Informatica Eco Core 05440,Informatica,54.71,20
5441,Informatica Mini Smart 05441,Informatica,21.59,34
5442,Deporte Home Eco 05442,Deporte,153.37,36
5443,Moda Eco Pro 05443,Moda,18.57,41
5444,Electronica Prime Ultra 05444,Electronica,30.28,78
5445,Hogar Core Max 05445,Hogar,28.91,48
5446,Informatica Pro Ultra 05446,Informatica,39.50,86
5447,Electronica Ultra Prime 05447,Electronica,5.48,39
5448,Deporte Ultra Prime 05448,Deporte,13.23,45
5449,Juguetes Mini Studio 05449,Juguetes,26.07,62
5450,Jardineria Pro Lite 05450,Jardineria,75.45,93
5451,Moda Mini Eco 05451,Moda,38.79,39
5452,Deporte Pro Plus 05452,Deporte,95.16,113
5453,Informatica Pro Air 05453,Informatica,5.26,29
5454,Instrumentos musicales Eco Plus 05454,Instrumentos musicales,17.33,54
5455,Electronica Pro Ultra 05455,Electronica,27.93,25
5456,Informatica Nova Mini 05456,Informatica,27.14,105
5457,Moda Nova Eco 05457,Moda,18.66,9
5458,Electronica Core Prime 05458,Electronica,28.11,98
5459,Informatica Eco Studio 05459,Informatica,46.67,41
5460,Hogar Ultra Mini 05460,Hogar,86.56,6
5461,Libros Max Studio 05461,Libros,35.65,44
5462,Libros Ultra Max 05462,Libros,5.99,46
5463,Juguetes Max Mini 05463,Juguetes,12.80,12
5464,Moda Core Studio 05464,Moda,25.29,49
5465,Libros Lite Eco 05465,Libros,42.43,15
5466,Electronica Eco Prime 05466,Electronica,12.95,93
5467,Informatica Core Mini 05467,Informatica,17.79,28
5468,Deporte Max Eco 05468,Deporte,63.19,37
5469,Jardineria Smart Max 05469,Jardineria,26.95,45
5470,Informatica Max Lite 05470,Informatica,11.76,20
5471,Informatica Prime Lite 05471,Informatica,15.07,84
5472,Instrumentos musicales Prime Smart 05472,Instrumentos musicales,30.79,50
5473,Moda Core Mini 05473,Moda,63.60,46
5474,Hogar Lite Air 05474,Hogar,45.09,12
5475,Jardineria Nova Lite 05475,Jardineria,39.23,23
5476,Moda Nova Lite 05476,Moda,36.51,33
5477,Hogar Mini Studio 05477,Hogar,18.52,39
5478,Juguetes Smart Ultra 05478,Juguetes,10.67,113
5479,Electronica Prime Core 05479,Electronica,26.99,16
5480,Electronica Air Max 05480,Electronica,37.48,39
5481,Informatica Mini Pro 05481,Informatica,10.74,59
5482,Electronica Prime Plus 05482,Electronica,22.06,46
5483,Electronica Pro Ultra 05483,Electronica,11.47,49
5484,Jardineria Plus Studio 05484,Jardineria,37.07,34
5485,Informatica Home Prime 05485,Informatica,53.88,31
5486,Hogar Air Max 05486,Hogar,40.74,20
5487,Electronica Lite Max 05487,Electronica,95.55,7
5488,Juguetes Core Eco 05488,Juguetes,87.19,36
5489,Electronica Air Studio 05489,Electronica,19.01,32
5490,Electronica Ultra Plus 05490,Electronica,8.03,15
5491,Informatica Core Smart 05491,Informatica,24.94,33
5492,Hogar Smart Nova 05492,Hogar,52.07,40
5493,Informatica Nova Studio 05493,Informatica,14.26,12
5494,Electronica Core Core 05494,Electronica,3.47,10
5495,Deporte Max Home 05495,Deporte,29.26,22
5496,Electronica Air Mini 05496,Electronica,107.86,18
5497,Informatica Eco Prime 05497,Informatica,50.04,7
5498,Libros Nova Ultra 05498,Libros,18.70,77
5499,Hogar Studio Ultra 05499,Hogar,25.52,14
5500,Instrumentos musicales Nova Nova 05500,Instrumentos musicales,72.22,16
5501,Hogar Mini Air 05501,Hogar,68.53,73
5502,Libros Plus Max 05502,Libros,25.07,107
5503,Informatica Max Lite 05503,Informatica,69.36,110
5504,Moda Core Home 05504,Moda,16.00,57
5505,Electronica Studio Smart 05505,Electronica,20.92,45
5506,Electronica Max Core 05506,Electronica,26.26,14
5507,Moda Eco Mini 05507,Moda,14.34,24
5508,Electronica Mini Plus 05508,Electronica,47.21,11
5509,Instrumentos musicales Max Studio 05509,Instrumentos musicales,21.15,29
5510,Jardineria Eco Studio 05510,Jardineria,17.04,9
5511,Juguetes Air Air 05511,Juguetes,73.83,43
5512,Libros Nova Air 05512,Libros,13.92,48
5513,Mascotas Lite Pro 05513,Mascotas,37.37,75
5514,Libros Mini Core 05514,Libros,28.79,30
5515,Moda Nova Home 05515,Moda,28.94,38
5516,Hogar Air Smart 05516,Hogar,26.88,39
5517,Informatica Smart Eco 05517,Informatica,95.94,106
5518,Juguetes Eco Studio 05518,Juguetes,41.21,19
5519,Hogar Studio Smart 05519,Hogar,50.85,24
5520,Informatica Max Studio 05520,Informatica,13.88,59
5521,Instrumentos musicales Home Nova 05521,Instrumentos musicales,24.59,31
5522,Moda Max Core 05522,Moda,53.11,47
5523,Hogar Pro Home 05523,Hogar,45.30,48
5524,Mascotas Max Home 05524,Mascotas,13.69,5
5525,Electronica Air Plus 05525,Electronica,21.12,15
5526,Jardineria Smart Mini 05526,Jardineria,109.84,39
5527,Hogar Smart Ultra 05527,Hogar,46.25,37
5528,Jardineria Mini Air 05528,Jardineria,78.94,109
5529,Informatica Plus Core 05529,Informatica,70.55,6
5530,Hogar Eco Prime 05530,Hogar,30.15,87
5531,Electronica Air Eco 05531,Electronica,26.69,24
5532,Moda Max Smart 05532,Moda,58.08,6
5533,Moda Nova Ultra 05533,Moda,30.75,25
5534,Electronica Prime Pro 05534,Electronica,11.02,90
5535,Informatica Smart Max 05535,Informatica,79.76,23
5536,Hogar Pro Air 05536,Hogar,53.27,16
5537,Informatica Smart Pro 05537,Informatica,14.89,39
5538,Hogar Pro Air 05538,Hogar,17.28,10
5539,Libros Core Air 05539,Libros,37.66,104
5540,Electronica Home Prime 05540,Electronica,14.14,35
5541,Hogar Nova Lite 05541,Hogar,6.71,12
5542,Electronica Air Mini 05542,Electronica,89.86,61
5543,Informatica Studio Eco 05543,Informatica,29.70,23
5544,Informatica Core Eco 05544,Informatica,26.01,32
5545,Deporte Max Eco 05545,Deporte,21.42,19
5546,Informatica Home Core 05546,Informatica,170.35,31
5547,Informatica Core Mini 05547,Informatica,9.82,8
5548,Moda Lite Eco 05548,Moda,35.73,98
5549,Moda Pro Plus 05549,Moda,40.30,6
5550,Informatica Pro Mini 05550,Informatica,16.49,11
5551,Electronica Eco Max 05551,Electronica,57.28,45
5552,Electronica Home Lite 05552,Electronica,17.88,11
5553,Electronica Studio Smart 05553,Electronica,17.93,22
5554,Hogar Mini Ultra 05554,Hogar,11.00,13
5555,Electronica Prime Home 05555,Electronica,9.99,44
5556,Moda Ultra Mini 05556,Moda,26.19,15
5557,Informatica Core Smart 05557,Informatica,49.85,37
5558,Juguetes Mini Plus 05558,Juguetes,53.01,40
5559,Hogar Home Max 05559,Hogar,17.47,37
5560,Deporte Eco Smart 05560,Deporte,33.29,37
5561,Electronica Mini Ultra 05561,Electronica,90.85,23
5562,Hogar Prime Smart 05562,Hogar,177.82,113
5563,Electronica Smart Mini 05563,Electronica,69.75,22
5564,Electronica Smart Pro 05564,Electronica,10.24,68
5565,Libros Nova Plus 05565,Libros,68.20,32
5566,Hogar Lite Air 05566,Hogar,37.81,43
5567,Deporte Eco Plus 05567,Deporte,11.26,27
5568,Informatica Eco Prime 05568,Informatica,28.95,25
5569,Electronica Lite Nova 05569,Electronica,5.48,27
5570,Informatica Air Lite 05570,Informatica,21.43,23
5571,Moda Mini Ultra 05571,Moda,29.52,32
5572,Libros Ultra Ultra 05572,Libros,22.85,49
5573,Electronica Max Studio 05573,Electronica,70.32,83
5574,Informatica Nova Lite 05574,Informatica,32.97,16
5575,Electronica Plus Studio 05575,Electronica,81.35,24
5576,Electronica Plus Eco 05576,Electronica,12.45,6
5577,Deporte Home Prime 05577,Deporte,54.43,54
5578,Jardineria Lite Lite 05578,Jardineria,61.89,12
5579,Electronica Smart Smart 05579,Electronica,4.65,56
5580,Electronica Home Air 05580,Electronica,52.57,42
5581,Juguetes Lite Plus 05581,Juguetes,44.30,21
5582,Moda Plus Ultra 05582,Moda,20.59,33
5583,Informatica Home Plus 05583,Informatica,7.02,37
5584,Electronica Lite Eco 05584,Electronica,77.74,42
5585,Juguetes Ultra Core 05585,Juguetes,23.46,26
5586,Informatica Nova Plus 05586,Informatica,14.63,59
5587,Juguetes Mini Studio 05587,Juguetes,5.35,45
5588,Informatica Core Prime 05588,Informatica,140.82,81
5589,Informatica Core Smart 05589,Informatica,4.01,46
5590,Libros Prime Core 05590,Libros,19.84,39
5591,Hogar Air Plus 05591,Hogar,35.53,107
5592,Electronica Nova Core 05592,Electronica,83.06,76
5593,Juguetes Home Home 05593,Juguetes,110.83,25
5594,Hogar Prime Nova 05594,Hogar,43.52,41
5595,Electronica Core Eco 05595,Electronica,22.96,35
5596,Moda Home Pro 05596,Moda,116.99,19
5597,Hogar Smart Mini 05597,Hogar,95.15,90
5598,Moda Ultra Mini 05598,Moda,62.16,26
5599,Informatica Prime Core 05599,Informatica,55.06,12
5600,Hogar Ultra Smart 05600,Hogar,43.09,32
5601,Jardineria Max Nova 05601,Jardineria,24.78,26
5602,Electronica Pro Nova 05602,Electronica,74.93,40
5603,Informatica Air Pro 05603,Informatica,52.29,67
5604,Juguetes Prime Mini 05604,Juguetes,57.78,36
5605,Electronica Ultra Core 05605,Electronica,71.28,37
5606,Moda Lite Air 05606,Moda,7.26,10
5607,Jardineria Prime Ultra 05607,Jardineria,95.90,40
5608,Deporte Eco Nova 05608,Deporte,81.30,42
5609,Hogar Eco Core 05609,Hogar,4.30,16
5610,Electronica Max Core 05610,Electronica,5.69,30
5611,Moda Lite Mini 05611,Moda,39.00,22
5612,Libros Air Air 05612,Libros,53.14,97
5613,Deporte Pro Lite 05613,Deporte,93.73,92
5614,Informatica Smart Nova 05614,Informatica,46.09,83
5615,Hogar Pro Home 05615,Hogar,11.40,7
5616,Libros Prime Mini 05616,Libros,22.18,61
5617,Moda Lite Prime 05617,Moda,67.90,12
5618,Moda Studio Prime 05618,Moda,39.97,5
5619,Electronica Home Home 05619,Electronica,51.99,34
5620,Electronica Prime Ultra 05620,Electronica,52.56,67
5621,Hogar Studio Max 05621,Hogar,14.66,16
5622,Moda Plus Air 05622,Moda,49.86,51
5623,Informatica Ultra Prime 05623,Informatica,16.33,9
5624,Electronica Pro Eco 05624,Electronica,125.85,34
5625,Electronica Eco Ultra 05625,Electronica,35.04,75
5626,Moda Studio Pro 05626,Moda,37.99,105
5627,Informatica Plus Air 05627,Informatica,71.93,31
5628,Electronica Home Max 05628,Electronica,37.62,23
5629,Electronica Core Nova 05629,Electronica,20.84,11
5630,Juguetes Air Air 05630,Juguetes,4.01,33
5631,Moda Studio Mini 05631,Moda,58.49,24
5632,Electronica Ultra Max 05632,Electronica,42.16,22
5633,Deporte Mini Prime 05633,Deporte,6.57,8
5634,Electronica Plus Nova 05634,Electronica,41.46,93
5635,Juguetes Mini Plus 05635,Juguetes,22.87,17
5636,Informatica Core Studio 05636,Informatica,47.98,29
5637,Instrumentos musicales Pro Prime 05637,Instrumentos musicales,163.10,32
5638,Moda Prime Prime 05638,Moda,36.59,111
5639,Electronica Home Ultra 05639,Electronica,4.20,19
5640,Informatica Core Eco 05640,Informatica,73.87,54
5641,Libros Mini Mini 05641,Libros,57.85,78
5642,Electronica Smart Pro 05642,Electronica,26.44,41
5643,Juguetes Air Eco 05643,Juguetes,56.90,26
5644,Libros Plus Eco 05644,Libros,61.27,21
5645,Electronica Air Core 05645,Electronica,3.69,18
5646,Instrumentos musicales Smart Prime 05646,Instrumentos musicales,2.50,19
5647,Libros Air Plus 05647,Libros,76.43,36
5648,Mascotas Core Smart 05648,Mascotas,29.75,41
5649,Juguetes Core Max 05649,Juguetes,9.79,38
5650,Electronica Nova Max 05650,Electronica,17.09,9
5651,Moda Nova Core 05651,Moda,26.07,61
5652,Electronica Plus Ultra 05652,Electronica,17.80,18
5653,Electronica Lite Plus 05653,Electronica,21.07,22
5654,Informatica Lite Smart 05654,Informatica,5.15,74
5655,Electronica Nova Studio 05655,Electronica,48.00,36
5656,Hogar Home Nova 05656,Hogar,25.35,11
5657,Moda Core Mini 05657,Moda,37.67,8
5658,Hogar Air Max 05658,Hogar,14.67,81
5659,Deporte Nova Pro 05659,Deporte,22.43,16
5660,Electronica Prime Home 05660,Electronica,126.40,29
5661,Jardineria Max Max 05661,Jardineria,22.71,77
5662,Libros Prime Smart 05662,Libros,4.75,35
5663,Libros Lite Pro 05663,Libros,43.33,21
5664,Informatica Plus Smart 05664,Informatica,9.79,51
5665,Hogar Pro Plus 05665,Hogar,17.21,111
5666,Electronica Pro Lite 05666,Electronica,40.36,36
5667,Informatica Eco Mini 05667,Informatica,16.61,6
5668,Jardineria Studio Max 05668,Jardineria,37.60,19
5669,Informatica Smart Core 05669,Informatica,17.86,16
5670,Electronica Smart Pro 05670,Electronica,16.56,40
5671,Electronica Ultra Pro 05671,Electronica,140.69,38
5672,Libros Ultra Core 05672,Libros,25.21,42
5673,Jardineria Pro Eco 05673,Jardineria,42.45,19
5674,Electronica Nova Eco 05674,Electronica,25.67,11
5675,Juguetes Smart Plus 05675,Juguetes,7.18,62
5676,Informatica Core Air 05676,Informatica,28.40,47
5677,Informatica Studio Air 05677,Informatica,14.59,29
5678,Hogar Pro Studio 05678,Hogar,70.24,89
5679,Hogar Max Eco 05679,Hogar,32.90,51
5680,Instrumentos musicales Home Pro 05680,Instrumentos musicales,13.62,37
5681,Juguetes Home Plus 05681,Juguetes,39.32,52
5682,Deporte Lite Home 05682,Deporte,38.61,45
5683,Electronica Prime Air 05683,Electronica,20.41,50
5684,Hogar Nova Prime 05684,Hogar,29.57,47
5685,Moda Max Prime 05685,Moda,28.59,37
5686,Deporte Prime Nova 05686,Deporte,34.35,59
5687,Juguetes Plus Mini 05687,Juguetes,32.22,44
5688,Electronica Home Nova 05688,Electronica,36.22,22
5689,Hogar Mini Home 05689,Hogar,35.94,17
5690,Moda Studio Home 05690,Moda,17.00,29
5691,Informatica Air Core 05691,Informatica,41.49,30
5692,Electronica Smart Pro 05692,Electronica,67.78,23
5693,Juguetes Plus Ultra 05693,Juguetes,56.09,48
5694,Informatica Pro Lite 05694,Informatica,10.90,39
5695,Electronica Air Prime 05695,Electronica,40.61,107
5696,Informatica Core Mini 05696,Informatica,25.08,40
5697,Deporte Pro Lite 05697,Deporte,20.01,60
5698,Informatica Studio Studio 05698,Informatica,39.58,27
5699,Informatica Home Max 05699,Informatica,51.11,10
5700,Hogar Ultra Ultra 05700,Hogar,59.57,81
5701,Informatica Core Core 05701,Informatica,11.15,21
5702,Jardineria Nova Core 05702,Jardineria,73.27,12
5703,Electronica Max Max 05703,Electronica,40.45,41
5704,Hogar Lite Eco 05704,Hogar,8.83,43
5705,Informatica Ultra Pro 05705,Informatica,64.26,27
5706,Libros Home Core 05706,Libros,36.35,93
5707,Libros Home Eco 05707,Libros,10.14,28
5708,Hogar Pro Nova 05708,Hogar,16.26,75
5709,Libros Core Max 05709,Libros,63.55,48
5710,Deporte Eco Prime 05710,Deporte,89.37,30
5711,Informatica Prime Home 05711,Informatica,54.06,75
5712,Informatica Prime Lite 05712,Informatica,79.59,26
5713,Hogar Smart Max 05713,Hogar,34.23,45
5714,Moda Home Studio 05714,Moda,13.65,6
5715,Jardineria Core Prime 05715,Jardineria,15.51,15
5716,Informatica Mini Smart 05716,Informatica,145.30,16
5717,Libros Smart Home 05717,Libros,45.72,6
5718,Libros Pro Pro 05718,Libros,24.34,47
5719,Electronica Core Air 05719,Electronica,31.90,33
5720,Moda Eco Max 05720,Moda,38.41,82
5721,Juguetes Pro Pro 05721,Juguetes,16.16,109
5722,Moda Core Max 05722,Moda,38.23,19
5723,Informatica Studio Pro 05723,Informatica,17.91,68
5724,Informatica Prime Smart 05724,Informatica,20.97,32
5725,Electronica Core Core 05725,Electronica,10.82,25
5726,Hogar Pro Mini 05726,Hogar,19.46,37
5727,Juguetes Eco Home 05727,Juguetes,15.76,85
5728,Mascotas Pro Mini 05728,Mascotas,16.04,26
5729,Moda Plus Prime 05729,Moda,51.83,115
5730,Mascotas Pro Air 05730,Mascotas,28.41,18
5731,Libros Max Eco 05731,Libros,11.79,40
5732,Deporte Prime Eco 05732,Deporte,24.38,18
5733,Moda Pro Air 05733,Moda,13.32,33
5734,Moda Air Ultra 05734,Moda,18.46,10
5735,Deporte Plus Plus 05735,Deporte,25.60,8
5736,Deporte Eco Max 05736,Deporte,112.25,24
5737,Moda Eco Mini 05737,Moda,7.54,7
5738,Hogar Core Pro 05738,Hogar,44.78,50
5739,Moda Studio Air 05739,Moda,77.83,16
5740,Jardineria Lite Core 05740,Jardineria,5.17,86
5741,Hogar Home Air 05741,Hogar,14.98,36
5742,Electronica Lite Ultra 05742,Electronica,50.48,36
5743,Hogar Nova Mini 05743,Hogar,36.29,46
5744,Deporte Prime Ultra 05744,Deporte,7.50,34
5745,Electronica Nova Ultra 05745,Electronica,165.52,29
5746,Libros Ultra Core 05746,Libros,28.85,47
5747,Juguetes Plus Home 05747,Juguetes,29.36,7
5748,Mascotas Max Ultra 05748,Mascotas,18.73,100
5749,Informatica Studio Studio 05749,Informatica,10.25,96
5750,Informatica Studio Eco 05750,Informatica,19.67,32
5751,Moda Smart Plus 05751,Moda,29.56,5
5752,Electronica Smart Mini 05752,Electronica,15.31,8
5753,Juguetes Smart Max 05753,Juguetes,35.16,40
5754,Hogar Eco Core 05754,Hogar,72.67,24
5755,Libros Lite Prime 05755,Libros,12.54,43
5756,Juguetes Home Mini 05756,Juguetes,56.16,28
5757,Libros Studio Air 05757,Libros,17.26,23
5758,Informatica Studio Air 05758,Informatica,40.29,37
5759,Hogar Lite Core 05759,Hogar,176.76,41
5760,Moda Smart Core 05760,Moda,51.74,52
5761,Informatica Max Prime 05761,Informatica,6.92,80
5762,Electronica Air Max 05762,Electronica,23.19,41
5763,Mascotas Mini Plus 05763,Mascotas,2.68,37
5764,Moda Plus Max 05764,Moda,62.01,8
5765,Moda Nova Air 05765,Moda,75.01,63
5766,Hogar Air Mini 05766,Hogar,9.08,21
5767,Electronica Ultra Eco 05767,Electronica,26.35,28
5768,Informatica Core Mini 05768,Informatica,12.56,33
5769,Informatica Studio Air 05769,Informatica,15.54,35
5770,Informatica Core Ultra 05770,Informatica,64.23,94
5771,Informatica Lite Pro 05771,Informatica,45.71,25
5772,Electronica Studio Mini 05772,Electronica,70.58,81
5773,Informatica Prime Pro 05773,Informatica,18.05,23
5774,Electronica Air Studio 05774,Electronica,5.53,41
5775,Juguetes Lite Studio 05775,Juguetes,21.63,25
5776,Electronica Studio Studio 05776,Electronica,51.20,16
5777,Moda Max Studio 05777,Moda,28.51,44
5778,Deporte Ultra Pro 05778,Deporte,10.42,27
5779,Hogar Pro Max 05779,Hogar,6.51,33
5780,Hogar Lite Mini 05780,Hogar,29.49,9
5781,Juguetes Plus Smart 05781,Juguetes,56.16,78
5782,Electronica Air Ultra 05782,Electronica,42.64,21
5783,Libros Nova Lite 05783,Libros,76.85,32
5784,Hogar Ultra Nova 05784,Hogar,49.53,35
5785,Informatica Smart Home 05785,Informatica,11.14,23
5786,Moda Home Lite 05786,Moda,17.14,30
5787,Informatica Pro Mini 05787,Informatica,19.85,43
5788,Electronica Smart Lite 05788,Electronica,10.41,77
5789,Moda Air Pro 05789,Moda,139.56,25
5790,Juguetes Plus Home 05790,Juguetes,14.75,45
5791,Informatica Pro Eco 05791,Informatica,23.94,20
5792,Deporte Prime Max 05792,Deporte,7.46,44
5793,Electronica Air Pro 05793,Electronica,167.25,46
5794,Informatica Nova Smart 05794,Informatica,14.85,30
5795,Informatica Ultra Prime 05795,Informatica,122.55,45
5796,Electronica Smart Home 05796,Electronica,34.51,14
5797,Electronica Max Plus 05797,Electronica,9.26,30
5798,Libros Max Smart 05798,Libros,15.90,44
5799,Electronica Mini Pro 05799,Electronica,43.29,40
5800,Hogar Core Smart 05800,Hogar,8.41,18
5801,Juguetes Plus Home 05801,Juguetes,187.72,103
5802,Jardineria Prime Nova 05802,Jardineria,41.08,49
5803,Electronica Studio Max 05803,Electronica,38.49,21
5804,Juguetes Core Mini 05804,Juguetes,16.86,104
5805,Deporte Ultra Plus 05805,Deporte,19.83,34
5806,Libros Home Prime 05806,Libros,19.96,14
5807,Libros Max Eco 05807,Libros,15.97,10
5808,Juguetes Prime Prime 05808,Juguetes,13.06,76
5809,Moda Pro Nova 05809,Moda,117.45,44
5810,Informatica Plus Max 05810,Informatica,8.82,114
5811,Hogar Core Ultra 05811,Hogar,15.74,5
5812,Electronica Nova Core 05812,Electronica,96.15,16
5813,Hogar Prime Core 05813,Hogar,76.39,11
5814,Juguetes Smart Eco 05814,Juguetes,4.37,28
5815,Electronica Mini Eco 05815,Electronica,52.38,47
5816,Moda Nova Core 05816,Moda,92.14,27
5817,Hogar Studio Ultra 05817,Hogar,15.14,115
5818,Informatica Max Eco 05818,Informatica,3.61,47
5819,Deporte Studio Home 05819,Deporte,28.90,37
5820,Libros Max Mini 05820,Libros,35.45,30
5821,Instrumentos musicales Ultra Mini 05821,Instrumentos musicales,32.46,20
5822,Deporte Mini Lite 05822,Deporte,17.32,47
5823,Moda Smart Core 05823,Moda,12.84,24
5824,Informatica Core Studio 05824,Informatica,91.99,38
5825,Electronica Max Lite 05825,Electronica,32.14,45
5826,Electronica Home Prime 05826,Electronica,29.02,13
5827,Electronica Eco Smart 05827,Electronica,51.19,8
5828,Mascotas Studio Eco 05828,Mascotas,229.00,76
5829,Instrumentos musicales Ultra Home 05829,Instrumentos musicales,15.69,34
5830,Informatica Home Eco 05830,Informatica,87.83,31
5831,Instrumentos musicales Ultra Studio 05831,Instrumentos musicales,12.40,31
5832,Informatica Ultra Plus 05832,Informatica,116.46,30
5833,Moda Studio Prime 05833,Moda,14.89,22
5834,Informatica Air Core 05834,Informatica,29.20,30
5835,Jardineria Eco Air 05835,Jardineria,36.85,81
5836,Jardineria Studio Home 05836,Jardineria,26.19,32
5837,Electronica Air Lite 05837,Electronica,6.46,102
5838,Moda Max Nova 05838,Moda,39.53,36
5839,Informatica Mini Home 05839,Informatica,31.99,9
5840,Hogar Core Pro 05840,Hogar,8.63,9
5841,Moda Mini Max 05841,Moda,10.56,27
5842,Informatica Max Pro 05842,Informatica,38.61,12
5843,Hogar Eco Ultra 05843,Hogar,62.14,11
5844,Hogar Mini Air 05844,Hogar,49.96,33
5845,Libros Core Max 05845,Libros,37.05,18
5846,Hogar Smart Mini 05846,Hogar,93.24,94
5847,Electronica Plus Prime 05847,Electronica,72.56,80
5848,Hogar Max Air 05848,Hogar,12.18,45
5849,Juguetes Air Pro 05849,Juguetes,42.34,21
5850,Electronica Smart Pro 05850,Electronica,7.43,41
5851,Hogar Home Studio 05851,Hogar,93.10,82
5852,Electronica Smart Home 05852,Electronica,16.18,102
5853,Informatica Plus Studio 05853,Informatica,22.37,22
5854,Electronica Max Pro 05854,Electronica,20.23,91
5855,Libros Home Studio 05855,Libros,20.17,104
5856,Electronica Home Lite 05856,Electronica,28.32,83
5857,Informatica Smart Max 05857,Informatica,58.21,15
5858,Informatica Pro Max 05858,Informatica,86.83,8
5859,Electronica Max Prime 05859,Electronica,14.24,17
5860,Informatica Air Home 05860,Informatica,113.10,51
5861,Instrumentos musicales Smart Pro 05861,Instrumentos musicales,15.60,5
5862,Electronica Home Studio 05862,Electronica,118.76,42
5863,Jardineria Mini Eco 05863,Jardineria,16.11,34
5864,Informatica Eco Prime 05864,Informatica,7.77,53
5865,Informatica Studio Air 05865,Informatica,33.63,35
5866,Juguetes Eco Smart 05866,Juguetes,34.61,102
5867,Electronica Plus Nova 05867,Electronica,8.00,21
5868,Electronica Mini Mini 05868,Electronica,17.48,37
5869,Moda Ultra Ultra 05869,Moda,12.56,24
5870,Hogar Eco Max 05870,Hogar,49.06,37
5871,Moda Air Pro 05871,Moda,136.68,6
5872,Informatica Smart Max 05872,Informatica,38.48,9
5873,Moda Home Studio 05873,Moda,3.12,21
5874,Hogar Core Eco 05874,Hogar,19.76,50
5875,Juguetes Plus Eco 05875,Juguetes,29.09,107
5876,Hogar Ultra Home 05876,Hogar,21.52,22
5877,Moda Lite Max 05877,Moda,27.41,105
5878,Electronica Nova Mini 05878,Electronica,75.73,42
5879,Moda Air Core 05879,Moda,65.16,18
5880,Juguetes Max Air 05880,Juguetes,15.00,48
5881,Electronica Air Lite 05881,Electronica,7.80,8
5882,Electronica Air Studio 05882,Electronica,32.01,42
5883,Hogar Mini Studio 05883,Hogar,12.04,46
5884,Moda Max Pro 05884,Moda,38.04,16
5885,Juguetes Pro Mini 05885,Juguetes,57.20,39
5886,Libros Mini Nova 05886,Libros,31.06,88
5887,Hogar Nova Prime 05887,Hogar,16.30,21
5888,Libros Prime Eco 05888,Libros,10.15,89
5889,Juguetes Pro Plus 05889,Juguetes,33.00,17
5890,Electronica Nova Eco 05890,Electronica,72.52,40
5891,Informatica Pro Ultra 05891,Informatica,65.18,37
5892,Electronica Air Eco 05892,Electronica,17.67,21
5893,Moda Studio Prime 05893,Moda,15.42,36
5894,Libros Air Lite 05894,Libros,34.04,13
5895,Informatica Nova Core 05895,Informatica,13.09,24
5896,Moda Air Studio 05896,Moda,16.68,76
5897,Electronica Air Nova 05897,Electronica,17.53,36
5898,Libros Core Lite 05898,Libros,4.32,12
5899,Electronica Air Max 05899,Electronica,47.17,45
5900,Juguetes Mini Prime 05900,Juguetes,44.27,52
5901,Jardineria Mini Core 05901,Jardineria,65.72,32
5902,Informatica Home Air 05902,Informatica,89.21,7
5903,Hogar Pro Core 05903,Hogar,26.83,15
5904,Informatica Core Smart 05904,Informatica,49.89,47
5905,Hogar Studio Core 05905,Hogar,65.71,29
5906,Electronica Home Eco 05906,Electronica,63.31,43
5907,Electronica Max Core 05907,Electronica,7.36,10
5908,Hogar Home Core 05908,Hogar,58.61,8
5909,Informatica Prime Core 05909,Informatica,112.80,35
5910,Libros Core Pro 05910,Libros,34.49,7
5911,Moda Eco Smart 05911,Moda,55.20,26
5912,Juguetes Core Studio 05912,Juguetes,159.52,23
5913,Informatica Pro Pro 05913,Informatica,19.84,109
5914,Informatica Nova Studio 05914,Informatica,65.01,56
5915,Informatica Pro Smart 05915,Informatica,21.60,96
5916,Jardineria Prime Ultra 05916,Jardineria,9.63,41
5917,Electronica Prime Prime 05917,Electronica,100.83,27
5918,Moda Lite Air 05918,Moda,22.18,13
5919,Libros Eco Eco 05919,Libros,51.16,19
5920,Electronica Smart Nova 05920,Electronica,45.45,25
5921,Electronica Studio Air 05921,Electronica,65.65,7
5922,Electronica Core Studio 05922,Electronica,17.44,50
5923,Electronica Core Air 05923,Electronica,6.26,39
5924,Informatica Ultra Nova 05924,Informatica,61.38,84
5925,Informatica Air Nova 05925,Informatica,15.14,15
5926,Informatica Studio Prime 05926,Informatica,14.79,18
5927,Libros Prime Plus 05927,Libros,14.33,38
5928,Juguetes Home Nova 05928,Juguetes,20.45,9
5929,Moda Smart Lite 05929,Moda,42.47,77
5930,Informatica Smart Lite 05930,Informatica,19.39,30
5931,Electronica Smart Air 05931,Electronica,32.37,96
5932,Juguetes Prime Studio 05932,Juguetes,38.64,13
5933,Libros Nova Nova 05933,Libros,81.04,12
5934,Mascotas Mini Smart 05934,Mascotas,77.96,89
5935,Deporte Max Lite 05935,Deporte,36.82,40
5936,Libros Air Eco 05936,Libros,5.16,29
5937,Electronica Eco Air 05937,Electronica,52.29,31
5938,Mascotas Eco Home 05938,Mascotas,13.02,55
5939,Informatica Ultra Mini 05939,Informatica,20.06,17
5940,Electronica Mini Home 05940,Electronica,14.05,42
5941,Electronica Plus Plus 05941,Electronica,44.66,16
5942,Juguetes Max Eco 05942,Juguetes,10.81,27
5943,Informatica Plus Max 05943,Informatica,35.56,103
5944,Deporte Ultra Mini 05944,Deporte,23.96,11
5945,Informatica Nova Core 05945,Informatica,13.63,27
5946,Informatica Pro Plus 05946,Informatica,4.73,29
5947,Libros Eco Eco 05947,Libros,24.18,37
5948,Electronica Mini Lite 05948,Electronica,116.82,12
5949,Informatica Pro Pro 05949,Informatica,40.03,25
5950,Moda Core Eco 05950,Moda,11.89,75
5951,Informatica Studio Air 05951,Informatica,18.74,99
5952,Electronica Core Eco 05952,Electronica,12.42,67
5953,Jardineria Studio Nova 05953,Jardineria,7.88,23
5954,Jardineria Core Prime 05954,Jardineria,55.16,26
5955,Electronica Ultra Nova 05955,Electronica,101.55,18
5956,Libros Nova Core 05956,Libros,22.01,19
5957,Informatica Air Air 05957,Informatica,14.99,111
5958,Electronica Mini Air 05958,Electronica,13.05,20
5959,Libros Lite Smart 05959,Libros,77.06,35
5960,Electronica Core Mini 05960,Electronica,27.08,50
5961,Informatica Studio Max 05961,Informatica,13.91,22
5962,Jardineria Plus Lite 05962,Jardineria,6.20,77
5963,Deporte Plus Smart 05963,Deporte,24.78,42
5964,Electronica Nova Pro 05964,Electronica,26.83,49
5965,Mascotas Lite Core 05965,Mascotas,155.56,12
5966,Deporte Mini Eco 05966,Deporte,37.94,12
5967,Electronica Lite Pro 05967,Electronica,49.16,41
5968,Informatica Mini Smart 05968,Informatica,11.77,25
5969,Deporte Eco Core 05969,Deporte,20.86,85
5970,Jardineria Studio Plus 05970,Jardineria,18.70,5
5971,Libros Mini Studio 05971,Libros,64.24,101
5972,Hogar Home Smart 05972,Hogar,34.13,13
5973,Hogar Smart Home 05973,Hogar,57.20,24
5974,Electronica Max Prime 05974,Electronica,15.26,30
5975,Electronica Plus Air 05975,Electronica,7.64,40
5976,Hogar Eco Air 05976,Hogar,29.99,77
5977,Informatica Lite Eco 05977,Informatica,34.87,27
5978,Jardineria Core Air 05978,Jardineria,34.43,75
5979,Informatica Lite Smart 05979,Informatica,25.02,7
5980,Jardineria Ultra Eco 05980,Jardineria,43.16,46
5981,Juguetes Core Studio 05981,Juguetes,36.23,65
5982,Electronica Pro Nova 05982,Electronica,56.89,29
5983,Electronica Core Lite 05983,Electronica,133.91,24
5984,Informatica Plus Plus 05984,Informatica,167.35,38
5985,Moda Max Air 05985,Moda,84.93,42
5986,Hogar Eco Plus 05986,Hogar,15.49,95
5987,Juguetes Nova Core 05987,Juguetes,80.11,71
5988,Informatica Plus Smart 05988,Informatica,3.67,31
5989,Informatica Max Pro 05989,Informatica,27.04,10
5990,Electronica Home Lite 05990,Electronica,6.92,25
5991,Libros Prime Studio 05991,Libros,22.53,37
5992,Informatica Lite Prime 05992,Informatica,31.62,91
5993,Libros Ultra Pro 05993,Libros,30.63,21
5994,Electronica Pro Smart 05994,Electronica,30.88,50
5995,Hogar Max Nova 05995,Hogar,18.46,52
5996,Informatica Studio Studio 05996,Informatica,11.34,8
5997,Moda Pro Max 05997,Moda,4.14,37
5998,Informatica Pro Core 05998,Informatica,26.03,10
5999,Juguetes Plus Max 05999,Juguetes,19.36,79
6000,Informatica Ultra Home 06000,Informatica,21.48,35
6001,Jardineria Prime Smart 06001,Jardineria,22.60,12
6002,Electronica Core Lite 06002,Electronica,31.92,27
6003,Electronica Studio Pro 06003,Electronica,14.54,84
6004,Informatica Core Plus 06004,Informatica,18.17,41
6005,Hogar Plus Home 06005,Hogar,19.57,32
6006,Hogar Pro Mini 06006,Hogar,10.80,11
6007,Hogar Ultra Plus 06007,Hogar,86.87,31
6008,Electronica Eco Lite 06008,Electronica,39.32,5
6009,Deporte Studio Lite 06009,Deporte,444.67,105
6010,Moda Pro Home 06010,Moda,120.96,52
6011,Juguetes Studio Nova 06011,Juguetes,5.91,39
6012,Informatica Prime Studio 06012,Informatica,145.55,52
6013,Informatica Prime Max 06013,Informatica,15.75,48
6014,Instrumentos musicales Max Plus 06014,Instrumentos musicales,80.99,21
6015,Informatica Home Mini 06015,Informatica,19.91,22
6016,Libros Eco Ultra 06016,Libros,7.91,25
6017,Electronica Nova Ultra 06017,Electronica,20.66,80
6018,Moda Mini Home 06018,Moda,6.97,40
6019,Instrumentos musicales Eco Lite 06019,Instrumentos musicales,17.30,16
6020,Electronica Nova Prime 06020,Electronica,17.47,32
6021,Electronica Lite Plus 06021,Electronica,25.05,44
6022,Instrumentos musicales Home Lite 06022,Instrumentos musicales,18.55,59
6023,Informatica Lite Smart 06023,Informatica,11.54,52
6024,Moda Plus Mini 06024,Moda,6.41,6
6025,Juguetes Core Nova 06025,Juguetes,20.53,37
6026,Jardineria Smart Smart 06026,Jardineria,42.64,98
6027,Hogar Lite Ultra 06027,Hogar,71.48,108
6028,Moda Home Ultra 06028,Moda,32.11,28
6029,Informatica Studio Ultra 06029,Informatica,14.39,37
6030,Moda Mini Core 06030,Moda,15.14,23
6031,Moda Eco Eco 06031,Moda,20.92,5
6032,Libros Studio Lite 06032,Libros,9.02,57
6033,Libros Plus Mini 06033,Libros,18.17,66
6034,Jardineria Nova Air 06034,Jardineria,52.77,7
6035,Libros Home Max 06035,Libros,32.22,23
6036,Electronica Home Max 06036,Electronica,7.33,43
6037,Electronica Mini Home 06037,Electronica,8.95,43
6038,Deporte Studio Smart 06038,Deporte,26.52,18
6039,Informatica Smart Mini 06039,Informatica,72.78,16
6040,Electronica Prime Ultra 06040,Electronica,14.23,55
6041,Libros Lite Home 06041,Libros,25.11,98
6042,Informatica Studio Prime 06042,Informatica,15.82,22
6043,Deporte Studio Pro 06043,Deporte,35.39,90
6044,Jardineria Prime Lite 06044,Jardineria,25.70,7
6045,Informatica Ultra Ultra 06045,Informatica,8.97,96
6046,Informatica Smart Eco 06046,Informatica,12.27,48
6047,Electronica Pro Eco 06047,Electronica,30.69,76
6048,Hogar Air Core 06048,Hogar,157.65,6
6049,Libros Plus Plus 06049,Libros,26.37,40
6050,Hogar Lite Prime 06050,Hogar,6.39,37
6051,Jardineria Prime Studio 06051,Jardineria,18.64,48
6052,Informatica Ultra Pro 06052,Informatica,29.23,33
6053,Deporte Air Core 06053,Deporte,39.23,23
6054,Moda Pro Plus 06054,Moda,27.65,19
6055,Moda Studio Plus 06055,Moda,101.31,34
6056,Informatica Mini Max 06056,Informatica,25.69,35
6057,Libros Home Eco 06057,Libros,26.37,37
6058,Juguetes Eco Ultra 06058,Juguetes,25.73,45
6059,Libros Lite Lite 06059,Libros,46.24,36
6060,Electronica Studio Nova 06060,Electronica,7.18,43
6061,Electronica Studio Mini 06061,Electronica,30.60,21
6062,Electronica Air Ultra 06062,Electronica,24.27,114
6063,Electronica Pro Home 06063,Electronica,13.01,113
6064,Moda Max Eco 06064,Moda,32.98,39
6065,Deporte Max Mini 06065,Deporte,14.56,92
6066,Moda Pro Mini 06066,Moda,46.34,105
6067,Jardineria Air Mini 06067,Jardineria,6.29,18
6068,Libros Core Plus 06068,Libros,11.12,61
6069,Moda Nova Ultra 06069,Moda,10.73,28
6070,Juguetes Studio Max 06070,Juguetes,25.60,27
6071,Hogar Nova Lite 06071,Hogar,21.78,27
6072,Informatica Core Plus 06072,Informatica,35.73,47
6073,Hogar Max Plus 06073,Hogar,64.68,39
6074,Electronica Lite Home 06074,Electronica,42.99,19
6075,Instrumentos musicales Ultra Core 06075,Instrumentos musicales,35.41,80
6076,Electronica Max Max 06076,Electronica,19.59,26
6077,Electronica Studio Plus 06077,Electronica,10.53,17
6078,Moda Mini Core 06078,Moda,177.06,18
6079,Electronica Smart Home 06079,Electronica,14.45,37
6080,Hogar Eco Prime 06080,Hogar,19.84,23
6081,Electronica Air Nova 06081,Electronica,27.99,40
6082,Electronica Eco Studio 06082,Electronica,47.48,25
6083,Hogar Ultra Max 06083,Hogar,17.91,38
6084,Libros Lite Plus 06084,Libros,55.32,15
6085,Informatica Nova Mini 06085,Informatica,39.89,40
6086,Deporte Smart Air 06086,Deporte,90.80,19
6087,Juguetes Pro Nova 06087,Juguetes,23.76,42
6088,Informatica Air Ultra 06088,Informatica,3.36,39
6089,Electronica Max Plus 06089,Electronica,105.97,40
6090,Hogar Air Smart 06090,Hogar,12.04,24
6091,Informatica Lite Air 06091,Informatica,52.02,37
6092,Instrumentos musicales Air Ultra 06092,Instrumentos musicales,34.18,44
6093,Electronica Ultra Prime 06093,Electronica,15.25,44
6094,Electronica Plus Ultra 06094,Electronica,44.49,63
6095,Jardineria Eco Studio 06095,Jardineria,47.70,45
6096,Informatica Eco Home 06096,Informatica,51.54,35
6097,Deporte Nova Pro 06097,Deporte,35.22,28
6098,Juguetes Ultra Max 06098,Juguetes,8.86,18
6099,Juguetes Plus Home 06099,Juguetes,13.54,11
6100,Hogar Core Core 06100,Hogar,7.39,27
6101,Electronica Home Plus 06101,Electronica,67.11,41
6102,Electronica Max Air 06102,Electronica,24.41,40
6103,Jardineria Nova Lite 06103,Jardineria,18.33,10
6104,Electronica Mini Mini 06104,Electronica,15.25,52
6105,Moda Home Lite 06105,Moda,7.33,8
6106,Libros Smart Smart 06106,Libros,91.77,68
6107,Informatica Ultra Home 06107,Informatica,25.59,25
6108,Deporte Nova Air 06108,Deporte,6.84,20
6109,Electronica Pro Nova 06109,Electronica,12.81,26
6110,Deporte Prime Home 06110,Deporte,24.11,40
6111,Hogar Nova Ultra 06111,Hogar,15.61,10
6112,Informatica Mini Prime 06112,Informatica,47.77,29
6113,Jardineria Ultra Studio 06113,Jardineria,224.91,14
6114,Hogar Lite Max 06114,Hogar,10.77,64
6115,Moda Home Prime 06115,Moda,53.67,24
6116,Electronica Air Smart 06116,Electronica,62.64,43
6117,Juguetes Plus Pro 06117,Juguetes,5.54,5
6118,Moda Core Ultra 06118,Moda,44.48,22
6119,Jardineria Ultra Nova 06119,Jardineria,37.59,110
6120,Electronica Pro Ultra 06120,Electronica,28.88,80
6121,Informatica Prime Mini 06121,Informatica,7.43,18
6122,Electronica Mini Plus 06122,Electronica,11.15,47
6123,Informatica Air Home 06123,Informatica,14.81,28
6124,Electronica Plus Eco 06124,Electronica,28.87,90
6125,Electronica Plus Prime 06125,Electronica,42.42,42
6126,Libros Pro Home 06126,Libros,18.20,91
6127,Electronica Max Studio 06127,Electronica,19.61,60
6128,Hogar Pro Pro 06128,Hogar,83.91,14
6129,Deporte Pro Ultra 06129,Deporte,29.22,20
6130,Moda Eco Ultra 06130,Moda,7.63,87
6131,Electronica Nova Home 06131,Electronica,21.22,36
6132,Moda Mini Eco 06132,Moda,85.09,44
6133,Juguetes Pro Max 06133,Juguetes,32.55,42
6134,Informatica Prime Mini 06134,Informatica,12.36,101
6135,Electronica Eco Mini 06135,Electronica,8.93,90
6136,Electronica Core Smart 06136,Electronica,85.29,20
6137,Moda Nova Mini 06137,Moda,39.34,57
6138,Electronica Max Core 06138,Electronica,77.55,7
6139,Moda Max Eco 06139,Moda,10.26,16
6140,Electronica Max Plus 06140,Electronica,13.86,32
6141,Electronica Smart Pro 06141,Electronica,152.21,6
6142,Electronica Plus Lite 06142,Electronica,15.31,43
6143,Informatica Lite Nova 06143,Informatica,17.02,46
6144,Deporte Nova Prime 06144,Deporte,15.14,24
6145,Hogar Smart Lite 06145,Hogar,26.67,19
6146,Hogar Lite Mini 06146,Hogar,15.34,21
6147,Informatica Ultra Mini 06147,Informatica,14.95,45
6148,Moda Prime Smart 06148,Moda,13.17,43
6149,Hogar Max Pro 06149,Hogar,52.99,21
6150,Electronica Nova Ultra 06150,Electronica,47.01,42
6151,Electronica Prime Max 06151,Electronica,8.24,17
6152,Moda Core Home 06152,Moda,68.39,39
6153,Informatica Nova Prime 06153,Informatica,30.75,91
6154,Moda Studio Mini 06154,Moda,220.75,46
6155,Informatica Pro Max 06155,Informatica,57.21,35
6156,Electronica Max Mini 06156,Electronica,49.85,76
6157,Mascotas Lite Nova 06157,Mascotas,17.48,84
6158,Hogar Prime Prime 06158,Hogar,10.71,59
6159,Deporte Core Smart 06159,Deporte,14.01,21
6160,Informatica Plus Max 06160,Informatica,53.44,56
6161,Electronica Studio Nova 06161,Electronica,5.83,48
6162,Moda Max Studio 06162,Moda,78.54,44
6163,Juguetes Air Max 06163,Juguetes,6.03,45
6164,Electronica Air Plus 06164,Electronica,16.08,51
6165,Electronica Studio Core 06165,Electronica,47.65,45
6166,Informatica Max Home 06166,Informatica,101.31,26
6167,Juguetes Pro Eco 06167,Juguetes,54.81,5
6168,Informatica Prime Mini 06168,Informatica,11.32,14
6169,Electronica Max Plus 06169,Electronica,8.93,32
6170,Informatica Air Prime 06170,Informatica,22.77,19
6171,Hogar Mini Lite 06171,Hogar,19.78,43
6172,Informatica Nova Lite 06172,Informatica,36.67,21
6173,Juguetes Pro Ultra 06173,Juguetes,49.93,46
6174,Moda Home Core 06174,Moda,99.25,8
6175,Juguetes Nova Air 06175,Juguetes,17.63,37
6176,Electronica Air Eco 06176,Electronica,32.28,11
6177,Informatica Plus Plus 06177,Informatica,66.96,65
6178,Informatica Lite Pro 06178,Informatica,15.00,17
6179,Jardineria Nova Nova 06179,Jardineria,16.87,33
6180,Hogar Core Prime 06180,Hogar,15.89,54
6181,Informatica Eco Max 06181,Informatica,11.13,51
6182,Moda Core Home 06182,Moda,23.16,11
6183,Jardineria Studio Prime 06183,Jardineria,64.60,104
6184,Hogar Smart Smart 06184,Hogar,25.06,39
6185,Informatica Prime Smart 06185,Informatica,14.85,38
6186,Informatica Plus Core 06186,Informatica,17.46,16
6187,Moda Ultra Core 06187,Moda,5.83,9
6188,Electronica Air Nova 06188,Electronica,19.11,31
6189,Deporte Lite Prime 06189,Deporte,15.80,110
6190,Instrumentos musicales Pro Pro 06190,Instrumentos musicales,11.32,26
6191,Jardineria Air Ultra 06191,Jardineria,40.27,31
6192,Jardineria Studio Max 06192,Jardineria,40.29,36
6193,Informatica Eco Prime 06193,Informatica,67.74,9
6194,Hogar Max Eco 06194,Hogar,10.57,31
6195,Libros Smart Nova 06195,Libros,21.80,112
6196,Electronica Nova Mini 06196,Electronica,17.41,14
6197,Hogar Home Plus 06197,Hogar,30.10,110
6198,Electronica Core Mini 06198,Electronica,25.59,20
6199,Moda Core Smart 06199,Moda,79.18,35
6200,Informatica Prime Home 06200,Informatica,16.31,17
6201,Instrumentos musicales Core Max 06201,Instrumentos musicales,2.91,32
6202,Informatica Max Core 06202,Informatica,174.66,19
6203,Juguetes Lite Ultra 06203,Juguetes,41.76,36
6204,Mascotas Max Lite 06204,Mascotas,78.96,26
6205,Informatica Smart Lite 06205,Informatica,31.74,25
6206,Instrumentos musicales Prime Nova 06206,Instrumentos musicales,17.25,69
6207,Electronica Core Pro 06207,Electronica,14.45,58
6208,Instrumentos musicales Air Max 06208,Instrumentos musicales,22.90,10
6209,Mascotas Smart Pro 06209,Mascotas,17.21,95
6210,Deporte Max Air 06210,Deporte,16.73,18
6211,Moda Core Nova 06211,Moda,28.27,7
6212,Informatica Home Prime 06212,Informatica,12.43,9
6213,Libros Prime Air 06213,Libros,16.78,39
6214,Electronica Pro Home 06214,Electronica,81.09,48
6215,Hogar Studio Plus 06215,Hogar,83.17,26
6216,Hogar Core Prime 06216,Hogar,57.35,26
6217,Jardineria Mini Studio 06217,Jardineria,16.60,42
6218,Moda Ultra Core 06218,Moda,24.77,96
6219,Moda Air Mini 06219,Moda,14.13,19
6220,Moda Max Eco 06220,Moda,55.25,5
6221,Moda Pro Plus 06221,Moda,32.41,45
6222,Instrumentos musicales Ultra Home 06222,Instrumentos musicales,55.62,12
6223,Electronica Nova Core 06223,Electronica,16.06,27
6224,Moda Prime Mini 06224,Moda,7.84,7
6225,Juguetes Max Lite 06225,Juguetes,225.25,21
6226,Moda Plus Mini 06226,Moda,18.66,90
6227,Hogar Studio Studio 06227,Hogar,47.71,40
6228,Hogar Prime Eco 06228,Hogar,58.58,54
6229,Electronica Studio Ultra 06229,Electronica,46.20,74
6230,Deporte Eco Plus 06230,Deporte,25.62,55
6231,Juguetes Plus Ultra 06231,Juguetes,24.75,39
6232,Electronica Prime Ultra 06232,Electronica,32.06,29
6233,Electronica Max Mini 06233,Electronica,42.14,10
6234,Electronica Mini Max 06234,Electronica,26.92,6
6235,Electronica Max Plus 06235,Electronica,29.24,32
6236,Hogar Ultra Eco 06236,Hogar,41.77,98
6237,Juguetes Mini Prime 06237,Juguetes,5.55,11
6238,Informatica Lite Home 06238,Informatica,13.03,8
6239,Informatica Plus Max 06239,Informatica,18.92,43
6240,Hogar Pro Prime 06240,Hogar,61.11,26
6241,Electronica Nova Ultra 06241,Electronica,12.81,40
6242,Moda Plus Prime 06242,Moda,46.74,100
6243,Moda Nova Mini 06243,Moda,25.36,32
6244,Moda Max Studio 06244,Moda,19.00,59
6245,Libros Ultra Max 06245,Libros,28.99,39
6246,Deporte Nova Studio 06246,Deporte,19.57,39
6247,Informatica Prime Studio 06247,Informatica,38.36,15
6248,Libros Pro Air 06248,Libros,49.33,51
6249,Libros Ultra Prime 06249,Libros,26.35,56
6250,Informatica Prime Pro 06250,Informatica,51.13,19
6251,Deporte Prime Pro 06251,Deporte,33.79,81
6252,Electronica Max Mini 06252,Electronica,27.57,43
6253,Informatica Smart Prime 06253,Informatica,17.82,77
6254,Deporte Lite Eco 06254,Deporte,14.69,40
6255,Juguetes Mini Studio 06255,Juguetes,28.44,82
6256,Juguetes Core Home 06256,Juguetes,72.15,26
6257,Moda Smart Core 06257,Moda,12.20,37
6258,Hogar Plus Core 06258,Hogar,65.79,33
6259,Moda Eco Ultra 06259,Moda,15.62,45
6260,Electronica Home Mini 06260,Electronica,10.46,29
6261,Electronica Pro Max 06261,Electronica,76.81,15
6262,Informatica Pro Smart 06262,Informatica,21.88,115
6263,Informatica Nova Max 06263,Informatica,4.13,26
6264,Electronica Studio Pro 06264,Electronica,43.29,30
6265,Juguetes Core Eco 06265,Juguetes,15.56,21
6266,Libros Mini Home 06266,Libros,2.92,93
6267,Informatica Air Prime 06267,Informatica,52.44,102
6268,Hogar Lite Smart 06268,Hogar,7.62,50
6269,Juguetes Mini Smart 06269,Juguetes,32.45,87
6270,Electronica Plus Home 06270,Electronica,19.67,44
6271,Moda Ultra Plus 06271,Moda,4.18,21
6272,Electronica Mini Home 06272,Electronica,96.47,9
6273,Electronica Home Lite 06273,Electronica,47.94,79
6274,Instrumentos musicales Core Core 06274,Instrumentos musicales,5.46,36
6275,Hogar Pro Max 06275,Hogar,31.25,17
6276,Informatica Prime Air 06276,Informatica,65.30,37
6277,Instrumentos musicales Pro Home 06277,Instrumentos musicales,26.78,32
6278,Libros Eco Eco 06278,Libros,15.75,45
6279,Libros Smart Ultra 06279,Libros,5.67,16
6280,Moda Plus Eco 06280,Moda,78.82,58
6281,Electronica Ultra Eco 06281,Electronica,21.82,88
6282,Electronica Core Pro 06282,Electronica,4.22,112
6283,Electronica Nova Smart 06283,Electronica,29.88,41
6284,Hogar Studio Lite 06284,Hogar,10.41,21
6285,Mascotas Core Plus 06285,Mascotas,22.08,110
6286,Electronica Prime Air 06286,Electronica,10.94,50
6287,Moda Mini Smart 06287,Moda,54.02,46
6288,Jardineria Air Prime 06288,Jardineria,39.70,6
6289,Hogar Max Core 06289,Hogar,19.57,40
6290,Deporte Air Ultra 06290,Deporte,8.95,75
6291,Deporte Lite Lite 06291,Deporte,42.07,12
6292,Informatica Nova Pro 06292,Informatica,30.49,45
6293,Informatica Air Pro 06293,Informatica,29.87,84
6294,Electronica Ultra Ultra 06294,Electronica,87.04,100
6295,Instrumentos musicales Home Air 06295,Instrumentos musicales,34.19,44
6296,Informatica Eco Core 06296,Informatica,6.48,14
6297,Electronica Plus Mini 06297,Electronica,6.54,23
6298,Informatica Eco Core 06298,Informatica,10.13,65
6299,Electronica Eco Max 06299,Electronica,28.12,38
6300,Hogar Plus Prime 06300,Hogar,23.34,103
6301,Informatica Ultra Prime 06301,Informatica,61.45,51
6302,Mascotas Plus Prime 06302,Mascotas,20.43,75
6303,Libros Eco Studio 06303,Libros,66.34,102
6304,Hogar Eco Ultra 06304,Hogar,18.43,41
6305,Informatica Lite Eco 06305,Informatica,29.77,16
6306,Hogar Mini Pro 06306,Hogar,41.85,71
6307,Hogar Home Studio 06307,Hogar,42.78,45
6308,Moda Eco Lite 06308,Moda,11.59,86
6309,Jardineria Core Ultra 06309,Jardineria,10.91,25
6310,Deporte Core Nova 06310,Deporte,60.62,35
6311,Hogar Plus Lite 06311,Hogar,60.69,56
6312,Informatica Air Max 06312,Informatica,17.63,43
6313,Informatica Studio Smart 06313,Informatica,25.97,68
6314,Libros Air Core 06314,Libros,36.00,25
6315,Instrumentos musicales Air Pro 06315,Instrumentos musicales,45.70,40
6316,Electronica Home Plus 06316,Electronica,20.53,33
6317,Juguetes Studio Mini 06317,Juguetes,19.68,11
6318,Informatica Ultra Mini 06318,Informatica,13.00,7
6319,Informatica Max Smart 06319,Informatica,5.49,30
6320,Libros Core Pro 06320,Libros,40.73,26
6321,Jardineria Air Pro 06321,Jardineria,54.95,103
6322,Electronica Eco Studio 06322,Electronica,23.70,77
6323,Libros Plus Eco 06323,Libros,20.70,25
6324,Moda Prime Core 06324,Moda,138.65,37
6325,Hogar Smart Home 06325,Hogar,44.65,27
6326,Libros Nova Eco 06326,Libros,80.17,18
6327,Informatica Mini Eco 06327,Informatica,8.70,76
6328,Electronica Mini Lite 06328,Electronica,18.05,55
6329,Libros Smart Max 06329,Libros,5.84,15
6330,Electronica Nova Prime 06330,Electronica,19.84,39
6331,Deporte Ultra Mini 06331,Deporte,5.45,32
6332,Informatica Ultra Smart 06332,Informatica,24.16,83
6333,Informatica Smart Smart 06333,Informatica,17.47,38
6334,Electronica Lite Nova 06334,Electronica,9.82,59
6335,Juguetes Max Max 06335,Juguetes,13.44,57
6336,Informatica Core Core 06336,Informatica,67.50,62
6337,Electronica Mini Max 06337,Electronica,34.16,9
6338,Electronica Prime Studio 06338,Electronica,31.10,33
6339,Informatica Prime Home 06339,Informatica,26.84,88
6340,Electronica Studio Ultra 06340,Electronica,60.37,13
6341,Electronica Max Air 06341,Electronica,12.38,15
6342,Informatica Air Pro 06342,Informatica,127.71,21
6343,Informatica Core Studio 06343,Informatica,22.47,10
6344,Informatica Core Core 06344,Informatica,17.85,39
6345,Informatica Lite Home 06345,Informatica,31.70,45
6346,Informatica Eco Plus 06346,Informatica,40.73,5
6347,Electronica Prime Mini 06347,Electronica,24.17,79
6348,Mascotas Pro Eco 06348,Mascotas,111.89,14
6349,Informatica Eco Max 06349,Informatica,27.50,22
6350,Electronica Core Mini 06350,Electronica,56.11,90
6351,Informatica Lite Pro 06351,Informatica,61.17,47
6352,Moda Home Smart 06352,Moda,81.51,10
6353,Electronica Smart Studio 06353,Electronica,22.44,24
6354,Libros Smart Pro 06354,Libros,18.82,23
6355,Juguetes Air Nova 06355,Juguetes,25.69,25
6356,Libros Studio Eco 06356,Libros,23.15,66
6357,Informatica Lite Plus 06357,Informatica,19.63,113
6358,Juguetes Max Home 06358,Juguetes,20.06,47
6359,Juguetes Lite Home 06359,Juguetes,339.22,54
6360,Electronica Prime Nova 06360,Electronica,19.01,27
6361,Moda Smart Ultra 06361,Moda,22.98,38
6362,Juguetes Prime Home 06362,Juguetes,45.64,29
6363,Electronica Pro Mini 06363,Electronica,61.41,45
6364,Moda Core Nova 06364,Moda,116.41,41
6365,Jardineria Lite Ultra 06365,Jardineria,26.36,16
6366,Hogar Home Max 06366,Hogar,30.03,8
6367,Libros Nova Max 06367,Libros,20.28,25
6368,Informatica Air Lite 06368,Informatica,31.63,36
6369,Moda Studio Studio 06369,Moda,61.92,85
6370,Instrumentos musicales Ultra Max 06370,Instrumentos musicales,25.13,27
6371,Juguetes Studio Ultra 06371,Juguetes,138.96,20
6372,Deporte Studio Nova 06372,Deporte,38.23,87
6373,Informatica Air Eco 06373,Informatica,36.24,98
6374,Mascotas Nova Studio 06374,Mascotas,34.14,24
6375,Hogar Smart Eco 06375,Hogar,8.78,62
6376,Electronica Mini Smart 06376,Electronica,28.84,111
6377,Hogar Mini Smart 06377,Hogar,18.19,19
6378,Electronica Core Home 06378,Electronica,163.34,21
6379,Informatica Smart Air 06379,Informatica,14.60,88
6380,Hogar Nova Air 06380,Hogar,60.89,15
6381,Electronica Core Core 06381,Electronica,6.91,52
6382,Electronica Ultra Nova 06382,Electronica,12.00,33
6383,Juguetes Pro Pro 06383,Juguetes,13.66,43
6384,Juguetes Mini Studio 06384,Juguetes,31.50,15
6385,Juguetes Ultra Plus 06385,Juguetes,16.79,67
6386,Electronica Studio Home 06386,Electronica,12.31,14
6387,Hogar Studio Core 06387,Hogar,57.37,42
6388,Hogar Core Prime 06388,Hogar,42.05,34
6389,Electronica Core Studio 06389,Electronica,8.28,88
6390,Informatica Pro Plus 06390,Informatica,18.89,16
6391,Electronica Air Core 06391,Electronica,50.49,92
6392,Juguetes Core Ultra 06392,Juguetes,39.85,62
6393,Hogar Studio Max 06393,Hogar,48.31,31
6394,Hogar Studio Smart 06394,Hogar,63.68,19
6395,Informatica Lite Core 06395,Informatica,11.84,24
6396,Juguetes Eco Nova 06396,Juguetes,19.99,14
6397,Juguetes Eco Lite 06397,Juguetes,21.23,33
6398,Electronica Core Prime 06398,Electronica,58.67,41
6399,Informatica Mini Smart 06399,Informatica,15.06,20
6400,Mascotas Air Mini 06400,Mascotas,56.03,28
6401,Electronica Max Plus 06401,Electronica,19.52,35
6402,Electronica Lite Lite 06402,Electronica,5.98,17
6403,Moda Plus Plus 06403,Moda,11.62,18
6404,Electronica Core Plus 06404,Electronica,65.88,26
6405,Electronica Eco Plus 06405,Electronica,6.22,15
6406,Electronica Ultra Home 06406,Electronica,50.15,8
6407,Moda Plus Eco 06407,Moda,9.52,43
6408,Electronica Pro Pro 06408,Electronica,65.42,79
6409,Deporte Max Prime 06409,Deporte,2.50,50
6410,Libros Prime Max 06410,Libros,57.11,94
6411,Juguetes Core Air 06411,Juguetes,153.08,14
6412,Electronica Ultra Air 06412,Electronica,32.34,78
6413,Electronica Plus Home 06413,Electronica,22.91,15
6414,Hogar Air Pro 06414,Hogar,30.90,24
6415,Moda Prime Eco 06415,Moda,25.43,47
6416,Informatica Prime Ultra 06416,Informatica,33.74,33
6417,Deporte Nova Nova 06417,Deporte,28.43,77
6418,Electronica Pro Ultra 06418,Electronica,48.07,27
6419,Libros Pro Prime 06419,Libros,13.51,60
6420,Electronica Plus Studio 06420,Electronica,21.28,56
6421,Moda Nova Pro 06421,Moda,48.70,15
6422,Instrumentos musicales Pro Eco 06422,Instrumentos musicales,103.06,10
6423,Hogar Mini Home 06423,Hogar,30.84,86
6424,Deporte Home Max 06424,Deporte,4.57,104
6425,Hogar Plus Air 06425,Hogar,65.11,35
6426,Informatica Plus Pro 06426,Informatica,19.79,51
6427,Informatica Max Studio 06427,Informatica,65.91,60
6428,Informatica Pro Mini 06428,Informatica,53.37,94
6429,Libros Home Prime 06429,Libros,191.07,46
6430,Hogar Core Nova 06430,Hogar,16.72,51
6431,Moda Mini Ultra 06431,Moda,30.31,97
6432,Moda Home Pro 06432,Moda,16.43,76
6433,Moda Ultra Ultra 06433,Moda,158.18,14
6434,Deporte Eco Air 06434,Deporte,65.82,35
6435,Mascotas Pro Air 06435,Mascotas,24.20,110
6436,Hogar Max Nova 06436,Hogar,16.64,45
6437,Hogar Ultra Max 06437,Hogar,43.06,20
6438,Informatica Nova Ultra 06438,Informatica,67.21,41
6439,Electronica Mini Plus 06439,Electronica,20.89,52
6440,Electronica Lite Eco 06440,Electronica,63.33,10
6441,Informatica Max Mini 06441,Informatica,40.67,98
6442,Electronica Ultra Plus 06442,Electronica,99.80,14
6443,Hogar Eco Home 06443,Hogar,34.11,79
6444,Jardineria Smart Home 06444,Jardineria,16.89,17
6445,Electronica Prime Mini 06445,Electronica,8.83,11
6446,Moda Max Plus 06446,Moda,10.88,101
6447,Electronica Max Pro 06447,Electronica,22.16,23
6448,Jardineria Smart Ultra 06448,Jardineria,33.20,65
6449,Moda Eco Lite 06449,Moda,45.26,30
6450,Hogar Pro Prime 06450,Hogar,13.18,43
6451,Electronica Lite Air 06451,Electronica,5.47,55
6452,Hogar Eco Max 06452,Hogar,12.58,40
6453,Juguetes Max Ultra 06453,Juguetes,18.98,36
6454,Informatica Ultra Ultra 06454,Informatica,22.01,23
6455,Electronica Eco Studio 06455,Electronica,25.14,43
6456,Informatica Eco Eco 06456,Informatica,29.66,106
6457,Libros Eco Prime 06457,Libros,73.53,33
6458,Libros Pro Pro 06458,Libros,18.64,15
6459,Juguetes Smart Home 06459,Juguetes,79.62,45
6460,Hogar Studio Studio 06460,Hogar,19.88,32
6461,Jardineria Eco Ultra 06461,Jardineria,22.39,90
6462,Jardineria Lite Prime 06462,Jardineria,14.27,59
6463,Electronica Core Air 06463,Electronica,37.14,21
6464,Moda Home Ultra 06464,Moda,8.30,45
6465,Electronica Mini Plus 06465,Electronica,29.10,65
6466,Moda Pro Smart 06466,Moda,188.38,17
6467,Moda Studio Plus 06467,Moda,74.42,15
6468,Informatica Pro Mini 06468,Informatica,15.86,41
6469,Mascotas Core Ultra 06469,Mascotas,5.22,21
6470,Moda Mini Home 06470,Moda,35.62,58
6471,Informatica Smart Pro 06471,Informatica,45.96,39
6472,Electronica Eco Air 06472,Electronica,13.45,23
6473,Informatica Lite Home 06473,Informatica,29.25,62
6474,Moda Home Pro 06474,Moda,16.72,8
6475,Moda Lite Air 06475,Moda,19.68,34
6476,Instrumentos musicales Nova Nova 06476,Instrumentos musicales,32.99,40
6477,Electronica Lite Air 06477,Electronica,52.19,9
6478,Electronica Studio Eco 06478,Electronica,56.51,41
6479,Informatica Plus Plus 06479,Informatica,10.21,41
6480,Juguetes Studio Ultra 06480,Juguetes,17.96,12
6481,Moda Core Pro 06481,Moda,178.54,32
6482,Informatica Prime Mini 06482,Informatica,10.68,35
6483,Jardineria Air Prime 06483,Jardineria,7.14,6
6484,Juguetes Ultra Eco 06484,Juguetes,29.24,48
6485,Libros Max Prime 06485,Libros,100.02,45
6486,Electronica Smart Smart 06486,Electronica,13.88,42
6487,Electronica Max Home 06487,Electronica,16.46,34
6488,Informatica Ultra Max 06488,Informatica,59.69,32
6489,Informatica Studio Max 06489,Informatica,78.51,31
6490,Moda Plus Core 06490,Moda,20.88,39
6491,Libros Nova Studio 06491,Libros,22.25,86
6492,Hogar Core Max 06492,Hogar,27.15,12
6493,Deporte Mini Air 06493,Deporte,5.58,64
6494,Juguetes Pro Studio 06494,Juguetes,21.38,47
6495,Moda Air Pro 06495,Moda,5.56,87
6496,Electronica Mini Ultra 06496,Electronica,6.64,37
6497,Jardineria Plus Lite 06497,Jardineria,33.69,15
6498,Moda Core Ultra 06498,Moda,42.61,25
6499,Hogar Nova Plus 06499,Hogar,27.51,41
6500,Libros Mini Eco 06500,Libros,13.39,26
6501,Hogar Plus Mini 06501,Hogar,8.29,23
6502,Moda Air Plus 06502,Moda,6.66,8
6503,Informatica Nova Eco 06503,Informatica,25.29,39
6504,Moda Pro Air 06504,Moda,16.54,91
6505,Moda Plus Air 06505,Moda,16.24,29
6506,Jardineria Prime Home 06506,Jardineria,48.77,44
6507,Libros Max Ultra 06507,Libros,41.14,34
6508,Instrumentos musicales Mini Smart 06508,Instrumentos musicales,14.85,76
6509,Libros Nova Plus 06509,Libros,13.65,44
6510,Deporte Max Nova 06510,Deporte,48.48,30
6511,Hogar Pro Max 06511,Hogar,33.61,36
6512,Moda Home Pro 06512,Moda,20.67,21
6513,Informatica Eco Core 06513,Informatica,4.17,91
6514,Electronica Home Core 06514,Electronica,109.94,54
6515,Electronica Mini Ultra 06515,Electronica,40.55,18
6516,Juguetes Nova Lite 06516,Juguetes,141.17,33
6517,Moda Core Home 06517,Moda,19.38,90
6518,Jardineria Plus Air 06518,Jardineria,56.54,7
6519,Moda Eco Pro 06519,Moda,53.98,17
6520,Libros Lite Lite 06520,Libros,40.27,43
6521,Moda Ultra Ultra 06521,Moda,97.30,52
6522,Hogar Prime Prime 06522,Hogar,14.48,79
6523,Informatica Plus Studio 06523,Informatica,50.01,10
6524,Deporte Studio Mini 06524,Deporte,8.42,43
6525,Juguetes Mini Pro 06525,Juguetes,29.60,27
6526,Hogar Max Home 06526,Hogar,20.22,33
6527,Hogar Lite Studio 06527,Hogar,14.97,39
6528,Electronica Eco Prime 06528,Electronica,18.99,12
6529,Deporte Studio Eco 06529,Deporte,122.35,24
6530,Informatica Studio Air 06530,Informatica,33.59,31
6531,Informatica Nova Core 06531,Informatica,9.15,23
6532,Hogar Mini Max 06532,Hogar,12.19,75
6533,Electronica Smart Air 06533,Electronica,77.08,5
6534,Instrumentos musicales Smart Plus 06534,Instrumentos musicales,10.33,12
6535,Electronica Ultra Lite 06535,Electronica,24.76,57
6536,Libros Air Home 06536,Libros,39.29,15
6537,Juguetes Home Nova 06537,Juguetes,25.15,113
6538,Electronica Ultra Prime 06538,Electronica,3.96,34
6539,Informatica Eco Smart 06539,Informatica,21.47,61
6540,Moda Smart Home 06540,Moda,30.59,113
6541,Moda Core Prime 06541,Moda,13.33,13
6542,Informatica Prime Lite 06542,Informatica,18.90,44
6543,Jardineria Ultra Mini 06543,Jardineria,16.41,51
6544,Deporte Max Ultra 06544,Deporte,92.63,25
6545,Hogar Eco Nova 06545,Hogar,40.97,76
6546,Electronica Home Pro 06546,Electronica,62.25,31
6547,Informatica Mini Eco 06547,Informatica,8.10,92
6548,Electronica Prime Plus 06548,Electronica,19.65,32
6549,Electronica Prime Nova 06549,Electronica,36.98,21
6550,Hogar Mini Ultra 06550,Hogar,16.60,57
6551,Electronica Lite Prime 06551,Electronica,4.51,8
6552,Libros Smart Core 06552,Libros,155.21,45
6553,Hogar Home Air 06553,Hogar,55.52,26
6554,Libros Nova Prime 06554,Libros,14.28,16
6555,Hogar Pro Lite 06555,Hogar,18.88,5
6556,Hogar Air Pro 06556,Hogar,17.65,20
6557,Electronica Studio Nova 06557,Electronica,8.17,42
6558,Informatica Air Lite 06558,Informatica,24.47,23
6559,Libros Ultra Eco 06559,Libros,39.56,36
6560,Jardineria Prime Smart 06560,Jardineria,21.85,28
6561,Informatica Plus Lite 06561,Informatica,72.34,18
6562,Jardineria Eco Pro 06562,Jardineria,53.03,34
6563,Electronica Studio Prime 06563,Electronica,47.09,53
6564,Informatica Nova Mini 06564,Informatica,9.18,9
6565,Informatica Plus Smart 06565,Informatica,18.15,95
6566,Hogar Prime Mini 06566,Hogar,85.82,42
6567,Moda Air Studio 06567,Moda,181.65,46
6568,Jardineria Plus Nova 06568,Jardineria,23.24,64
6569,Informatica Pro Ultra 06569,Informatica,17.71,54
6570,Informatica Plus Lite 06570,Informatica,54.26,24
6571,Electronica Eco Prime 06571,Electronica,23.13,30
6572,Mascotas Core Max 06572,Mascotas,51.09,11
6573,Deporte Prime Home 06573,Deporte,17.60,27
6574,Instrumentos musicales Nova Air 06574,Instrumentos musicales,4.22,36
6575,Informatica Lite Air 06575,Informatica,13.87,38
6576,Informatica Mini Nova 06576,Informatica,32.20,33
6577,Electronica Core Lite 06577,Electronica,29.22,41
6578,Informatica Prime Prime 06578,Informatica,16.47,43
6579,Electronica Home Eco 06579,Electronica,12.54,35
6580,Hogar Pro Max 06580,Hogar,21.01,22
6581,Electronica Prime Prime 06581,Electronica,73.32,76
6582,Electronica Studio Mini 06582,Electronica,4.61,105
6583,Informatica Plus Plus 06583,Informatica,20.59,21
6584,Informatica Air Home 06584,Informatica,24.78,38
6585,Jardineria Lite Eco 06585,Jardineria,35.97,29
6586,Electronica Core Air 06586,Electronica,32.50,15
6587,Instrumentos musicales Mini Mini 06587,Instrumentos musicales,34.04,43
6588,Moda Pro Core 06588,Moda,15.63,8
6589,Informatica Ultra Core 06589,Informatica,21.55,11
6590,Informatica Nova Nova 06590,Informatica,14.44,54
6591,Moda Mini Pro 06591,Moda,53.45,29
6592,Libros Lite Pro 06592,Libros,47.56,41
6593,Electronica Max Home 06593,Electronica,15.39,97
6594,Informatica Core Plus 06594,Informatica,39.51,18
6595,Electronica Prime Mini 06595,Electronica,8.97,26
6596,Electronica Air Home 06596,Electronica,2.50,70
6597,Hogar Prime Studio 06597,Hogar,9.87,83
6598,Electronica Ultra Ultra 06598,Electronica,10.82,45
6599,Deporte Mini Prime 06599,Deporte,3.45,25
6600,Electronica Lite Studio 06600,Electronica,12.69,39
6601,Informatica Studio Mini 06601,Informatica,31.86,40
6602,Jardineria Core Mini 06602,Jardineria,19.96,21
6603,Electronica Prime Prime 06603,Electronica,57.17,14
6604,Electronica Smart Max 06604,Electronica,23.79,103
6605,Libros Air Mini 06605,Libros,16.51,48
6606,Electronica Nova Home 06606,Electronica,12.75,27
6607,Informatica Prime Mini 06607,Informatica,3.01,40
6608,Deporte Nova Nova 06608,Deporte,9.72,39
6609,Deporte Max Core 06609,Deporte,20.18,16
6610,Electronica Home Ultra 06610,Electronica,57.79,52
6611,Informatica Ultra Home 06611,Informatica,60.10,8
6612,Electronica Ultra Eco 06612,Electronica,16.74,26
6613,Informatica Prime Mini 06613,Informatica,25.58,49
6614,Libros Mini Plus 06614,Libros,7.74,15
6615,Electronica Lite Ultra 06615,Electronica,37.39,34
6616,Electronica Pro Home 06616,Electronica,93.01,18
6617,Electronica Plus Prime 06617,Electronica,30.47,92
6618,Libros Pro Core 06618,Libros,24.64,38
6619,Informatica Lite Eco 06619,Informatica,28.91,115
6620,Informatica Prime Home 06620,Informatica,72.22,59
6621,Juguetes Prime Nova 06621,Juguetes,38.07,7
6622,Hogar Plus Eco 06622,Hogar,17.38,26
6623,Electronica Studio Mini 06623,Electronica,20.08,83
6624,Instrumentos musicales Max Nova 06624,Instrumentos musicales,125.76,36
6625,Deporte Ultra Lite 06625,Deporte,20.24,101
6626,Instrumentos musicales Ultra Core 06626,Instrumentos musicales,17.14,102
6627,Moda Home Air 06627,Moda,22.79,98
6628,Informatica Core Mini 06628,Informatica,100.83,80
6629,Deporte Eco Pro 06629,Deporte,21.79,39
6630,Electronica Pro Pro 06630,Electronica,15.58,23
6631,Instrumentos musicales Ultra Core 06631,Instrumentos musicales,111.44,16
6632,Instrumentos musicales Lite Plus 06632,Instrumentos musicales,34.88,15
6633,Hogar Mini Eco 06633,Hogar,9.72,15
6634,Moda Studio Nova 06634,Moda,56.48,81
6635,Moda Air Mini 06635,Moda,42.44,31
6636,Hogar Air Nova 06636,Hogar,7.61,103
6637,Electronica Studio Lite 06637,Electronica,30.84,82
6638,Deporte Home Smart 06638,Deporte,33.24,26
6639,Juguetes Plus Nova 06639,Juguetes,22.50,58
6640,Electronica Pro Smart 06640,Electronica,29.00,15
6641,Informatica Max Smart 06641,Informatica,69.77,19
6642,Electronica Eco Max 06642,Electronica,42.87,31
6643,Electronica Smart Nova 06643,Electronica,22.21,40
6644,Electronica Core Studio 06644,Electronica,15.44,25
6645,Informatica Max Air 06645,Informatica,9.59,24
6646,Informatica Prime Core 06646,Informatica,19.70,40
6647,Jardineria Lite Nova 06647,Jardineria,26.30,37
6648,Deporte Prime Mini 06648,Deporte,91.54,11
6649,Deporte Pro Smart 06649,Deporte,31.23,98
6650,Mascotas Max Home 06650,Mascotas,9.65,14
6651,Jardineria Plus Air 06651,Jardineria,13.38,56
6652,Juguetes Mini Mini 06652,Juguetes,63.57,20
6653,Informatica Home Studio 06653,Informatica,30.28,29
6654,Electronica Lite Lite 06654,Electronica,12.93,7
6655,Hogar Smart Home 06655,Hogar,107.16,88
6656,Electronica Air Nova 06656,Electronica,41.75,72
6657,Hogar Smart Eco 06657,Hogar,13.36,11
6658,Jardineria Eco Smart 06658,Jardineria,78.25,33
6659,Hogar Nova Pro 06659,Hogar,12.37,20
6660,Juguetes Lite Air 06660,Juguetes,54.95,37
6661,Informatica Core Lite 06661,Informatica,52.41,37
6662,Libros Smart Ultra 06662,Libros,41.62,42
6663,Juguetes Air Studio 06663,Juguetes,39.73,15
6664,Electronica Max Studio 06664,Electronica,39.63,29
6665,Hogar Smart Ultra 06665,Hogar,17.86,48
6666,Electronica Nova Eco 06666,Electronica,82.83,41
6667,Hogar Smart Mini 06667,Hogar,5.62,8
6668,Informatica Core Nova 06668,Informatica,60.40,76
6669,Hogar Prime Core 06669,Hogar,13.77,40
6670,Electronica Home Prime 06670,Electronica,15.62,23
6671,Moda Nova Prime 06671,Moda,88.25,11
6672,Libros Eco Plus 06672,Libros,210.49,15
6673,Electronica Ultra Mini 06673,Electronica,72.52,8
6674,Electronica Plus Nova 06674,Electronica,20.27,43
6675,Informatica Eco Plus 06675,Informatica,48.83,35
6676,Instrumentos musicales Air Lite 06676,Instrumentos musicales,8.05,46
6677,Electronica Mini Prime 06677,Electronica,26.48,42
6678,Moda Max Air 06678,Moda,22.26,8
6679,Mascotas Ultra Smart 06679,Mascotas,32.62,78
6680,Informatica Lite Prime 06680,Informatica,16.37,46
6681,Deporte Max Smart 06681,Deporte,7.87,24
6682,Informatica Home Mini 06682,Informatica,12.36,24
6683,Electronica Air Ultra 06683,Electronica,12.60,45
6684,Libros Home Nova 06684,Libros,5.90,37
6685,Deporte Plus Studio 06685,Deporte,158.10,30
6686,Libros Pro Eco 06686,Libros,49.46,30
6687,Informatica Home Eco 06687,Informatica,25.81,17
6688,Libros Max Eco 06688,Libros,18.21,12
6689,Informatica Air Home 06689,Informatica,191.05,113
6690,Electronica Air Ultra 06690,Electronica,21.31,53
6691,Libros Eco Lite 06691,Libros,52.68,30
6692,Electronica Plus Home 06692,Electronica,43.30,6
6693,Informatica Plus Prime 06693,Informatica,21.28,43
6694,Electronica Studio Nova 06694,Electronica,9.82,11
6695,Electronica Smart Mini 06695,Electronica,17.06,92
6696,Electronica Studio Studio 06696,Electronica,53.53,56
6697,Juguetes Nova Core 06697,Juguetes,40.11,20
6698,Moda Max Core 06698,Moda,105.40,39
6699,Moda Eco Max 06699,Moda,16.72,34
6700,Informatica Pro Studio 06700,Informatica,71.19,40
6701,Hogar Nova Core 06701,Hogar,15.83,74
6702,Electronica Home Smart 06702,Electronica,6.99,54
6703,Hogar Studio Mini 06703,Hogar,16.29,106
6704,Deporte Mini Smart 06704,Deporte,80.45,22
6705,Electronica Mini Nova 06705,Electronica,82.10,59
6706,Juguetes Nova Plus 06706,Juguetes,88.22,53
6707,Juguetes Studio Lite 06707,Juguetes,45.51,18
6708,Moda Prime Ultra 06708,Moda,51.71,43
6709,Deporte Lite Lite 06709,Deporte,13.91,50
6710,Informatica Home Eco 06710,Informatica,70.02,47
6711,Hogar Eco Ultra 06711,Hogar,7.17,10
6712,Libros Max Max 06712,Libros,51.96,27
6713,Mascotas Max Eco 06713,Mascotas,13.35,10
6714,Informatica Max Smart 06714,Informatica,6.84,48
6715,Libros Eco Eco 06715,Libros,48.42,46
6716,Informatica Studio Smart 06716,Informatica,16.13,80
6717,Electronica Studio Lite 06717,Electronica,55.07,28
6718,Libros Lite Core 06718,Libros,7.01,66
6719,Electronica Smart Lite 06719,Electronica,70.70,78
6720,Libros Pro Nova 06720,Libros,19.53,20
6721,Hogar Studio Smart 06721,Hogar,15.27,31
6722,Informatica Eco Pro 06722,Informatica,6.99,8
6723,Informatica Ultra Eco 06723,Informatica,25.29,70
6724,Deporte Nova Eco 06724,Deporte,35.64,15
6725,Instrumentos musicales Nova Air 06725,Instrumentos musicales,13.93,86
6726,Informatica Home Smart 06726,Informatica,18.72,33
6727,Juguetes Mini Air 06727,Juguetes,24.71,43
6728,Deporte Smart Mini 06728,Deporte,23.69,5
6729,Moda Core Ultra 06729,Moda,113.15,78
6730,Moda Studio Eco 06730,Moda,39.56,20
6731,Electronica Nova Prime 06731,Electronica,30.96,41
6732,Libros Pro Pro 06732,Libros,7.70,76
6733,Informatica Eco Prime 06733,Informatica,16.28,112
6734,Informatica Ultra Air 06734,Informatica,8.97,23
6735,Juguetes Nova Pro 06735,Juguetes,20.01,34
6736,Deporte Core Eco 06736,Deporte,28.07,59
6737,Hogar Pro Nova 06737,Hogar,163.36,19
6738,Informatica Plus Smart 06738,Informatica,32.25,111
6739,Electronica Air Smart 06739,Electronica,128.40,38
6740,Moda Eco Lite 06740,Moda,13.89,39
6741,Moda Max Air 06741,Moda,51.91,39
6742,Electronica Prime Nova 06742,Electronica,46.17,27
6743,Electronica Core Max 06743,Electronica,20.87,109
6744,Moda Nova Lite 06744,Moda,39.08,11
6745,Juguetes Plus Plus 06745,Juguetes,105.74,6
6746,Moda Pro Prime 06746,Moda,53.43,95
6747,Informatica Studio Ultra 06747,Informatica,6.54,33
6748,Informatica Core Ultra 06748,Informatica,35.66,5
6749,Hogar Ultra Home 06749,Hogar,23.20,30
6750,Electronica Core Lite 06750,Electronica,40.53,26
6751,Informatica Max Mini 06751,Informatica,12.81,27
6752,Informatica Pro Prime 06752,Informatica,71.17,22
6753,Electronica Plus Ultra 06753,Electronica,55.37,13
6754,Deporte Lite Prime 06754,Deporte,38.22,34
6755,Hogar Eco Studio 06755,Hogar,126.54,101
6756,Informatica Max Prime 06756,Informatica,34.62,33
6757,Electronica Nova Core 06757,Electronica,44.82,19
6758,Hogar Plus Prime 06758,Hogar,8.31,28
6759,Electronica Prime Home 06759,Electronica,7.27,74
6760,Moda Ultra Prime 06760,Moda,99.05,39
6761,Electronica Prime Nova 06761,Electronica,19.80,17
6762,Juguetes Core Air 06762,Juguetes,11.47,48
6763,Jardineria Home Ultra 06763,Jardineria,26.46,10
6764,Moda Nova Air 06764,Moda,13.31,21
6765,Instrumentos musicales Studio Studio 06765,Instrumentos musicales,34.10,51
6766,Hogar Core Max 06766,Hogar,18.38,17
6767,Electronica Home Air 06767,Electronica,47.22,44
6768,Juguetes Mini Lite 06768,Juguetes,10.03,24
6769,Electronica Max Mini 06769,Electronica,23.33,14
6770,Hogar Max Core 06770,Hogar,60.39,12
6771,Libros Studio Studio 06771,Libros,11.14,71
6772,Deporte Ultra Air 06772,Deporte,12.20,25
6773,Moda Max Core 06773,Moda,47.91,5
6774,Moda Mini Pro 06774,Moda,59.07,104
6775,Hogar Home Air 06775,Hogar,33.42,12
6776,Moda Studio Pro 06776,Moda,29.42,48
6777,Deporte Prime Prime 06777,Deporte,31.28,23
6778,Electronica Ultra Plus 06778,Electronica,18.62,106
6779,Instrumentos musicales Core Max 06779,Instrumentos musicales,27.08,79
6780,Informatica Prime Lite 06780,Informatica,13.70,84
6781,Electronica Air Smart 06781,Electronica,15.73,41
6782,Informatica Pro Ultra 06782,Informatica,7.22,22
6783,Electronica Mini Lite 06783,Electronica,6.76,53
6784,Juguetes Eco Max 06784,Juguetes,74.35,43
6785,Juguetes Lite Smart 06785,Juguetes,26.38,27
6786,Informatica Eco Lite 06786,Informatica,8.02,41
6787,Informatica Smart Air 06787,Informatica,11.94,76
6788,Hogar Smart Max 06788,Hogar,11.60,93
6789,Hogar Studio Max 06789,Hogar,38.52,17
6790,Informatica Plus Core 06790,Informatica,32.06,19
6791,Informatica Core Core 06791,Informatica,5.18,22
6792,Electronica Air Ultra 06792,Electronica,55.63,30
6793,Electronica Air Core 06793,Electronica,16.51,24
6794,Juguetes Air Studio 06794,Juguetes,22.29,36
6795,Mascotas Studio Home 06795,Mascotas,52.97,11
6796,Moda Mini Prime 06796,Moda,23.86,110
6797,Libros Core Eco 06797,Libros,35.96,89
6798,Jardineria Studio Nova 06798,Jardineria,17.76,54
6799,Electronica Smart Plus 06799,Electronica,93.07,23
6800,Instrumentos musicales Air Smart 06800,Instrumentos musicales,161.31,36
6801,Libros Max Prime 06801,Libros,14.12,41
6802,Electronica Smart Studio 06802,Electronica,47.23,22
6803,Electronica Mini Smart 06803,Electronica,10.04,17
6804,Moda Core Max 06804,Moda,17.33,12
6805,Electronica Air Air 06805,Electronica,36.53,54
6806,Electronica Lite Home 06806,Electronica,41.16,77
6807,Informatica Home Mini 06807,Informatica,5.86,23
6808,Deporte Eco Ultra 06808,Deporte,72.71,24
6809,Juguetes Core Nova 06809,Juguetes,14.12,40
6810,Informatica Studio Lite 06810,Informatica,59.03,15
6811,Deporte Home Studio 06811,Deporte,48.19,60
6812,Hogar Lite Core 06812,Hogar,6.63,62
6813,Electronica Studio Air 06813,Electronica,9.68,29
6814,Informatica Plus Ultra 06814,Informatica,47.11,26
6815,Jardineria Home Smart 06815,Jardineria,20.42,23
6816,Moda Eco Pro 06816,Moda,38.06,41
6817,Informatica Core Max 06817,Informatica,2.54,43
6818,Jardineria Mini Core 06818,Jardineria,40.16,16
6819,Moda Smart Air 06819,Moda,39.79,41
6820,Hogar Mini Smart 06820,Hogar,58.94,31
6821,Informatica Home Studio 06821,Informatica,5.78,18
6822,Libros Ultra Mini 06822,Libros,271.43,25
6823,Informatica Core Prime 06823,Informatica,41.38,23
6824,Moda Core Pro 06824,Moda,68.11,85
6825,Moda Plus Air 06825,Moda,53.97,53
6826,Juguetes Max Studio 06826,Juguetes,2.73,7
6827,Deporte Air Pro 06827,Deporte,72.67,43
6828,Libros Nova Studio 06828,Libros,2.51,7
6829,Informatica Eco Core 06829,Informatica,19.76,88
6830,Hogar Nova Pro 06830,Hogar,8.84,15
6831,Moda Core Lite 06831,Moda,16.54,57
6832,Electronica Studio Ultra 06832,Electronica,131.71,20
6833,Hogar Core Studio 06833,Hogar,23.09,16
6834,Juguetes Mini Nova 06834,Juguetes,16.20,28
6835,Informatica Ultra Nova 06835,Informatica,25.10,20
6836,Electronica Nova Pro 06836,Electronica,4.57,21
6837,Electronica Core Eco 06837,Electronica,35.89,30
6838,Hogar Home Max 06838,Hogar,12.84,83
6839,Informatica Ultra Home 06839,Informatica,68.14,76
6840,Jardineria Plus Ultra 06840,Jardineria,22.72,81
6841,Libros Pro Nova 06841,Libros,195.77,114
6842,Juguetes Air Plus 06842,Juguetes,23.46,20
6843,Electronica Pro Eco 06843,Electronica,27.35,15
6844,Hogar Smart Ultra 06844,Hogar,144.16,28
6845,Jardineria Core Mini 06845,Jardineria,12.40,86
6846,Deporte Air Smart 06846,Deporte,8.17,16
6847,Electronica Nova Ultra 06847,Electronica,168.32,27
6848,Hogar Studio Smart 06848,Hogar,43.38,24
6849,Electronica Studio Prime 06849,Electronica,29.89,14
6850,Hogar Studio Pro 06850,Hogar,49.27,83
6851,Hogar Air Max 06851,Hogar,40.11,9
6852,Informatica Mini Pro 06852,Informatica,39.86,18
6853,Deporte Plus Pro 06853,Deporte,18.28,60
6854,Electronica Core Home 06854,Electronica,21.30,32
6855,Informatica Eco Eco 06855,Informatica,8.29,8
6856,Juguetes Eco Home 06856,Juguetes,66.05,38
6857,Informatica Smart Ultra 06857,Informatica,23.87,92
6858,Informatica Home Mini 06858,Informatica,19.73,35
6859,Electronica Pro Max 06859,Electronica,8.15,96
6860,Deporte Plus Core 06860,Deporte,20.22,9
6861,Jardineria Air Air 06861,Jardineria,47.42,15
6862,Hogar Pro Core 06862,Hogar,23.96,41
6863,Hogar Plus Studio 06863,Hogar,17.35,58
6864,Moda Mini Ultra 06864,Moda,93.00,43
6865,Deporte Ultra Home 06865,Deporte,32.75,42
6866,Electronica Plus Core 06866,Electronica,27.60,100
6867,Electronica Ultra Nova 06867,Electronica,21.42,16
6868,Juguetes Home Prime 06868,Juguetes,7.33,14
6869,Moda Home Eco 06869,Moda,67.81,109
6870,Instrumentos musicales Studio Smart 06870,Instrumentos musicales,34.70,97
6871,Juguetes Smart Mini 06871,Juguetes,100.97,38
6872,Deporte Prime Ultra 06872,Deporte,3.27,7
6873,Hogar Ultra Plus 06873,Hogar,7.93,19
6874,Moda Prime Max 06874,Moda,52.34,46
6875,Deporte Smart Nova 06875,Deporte,133.43,40
6876,Hogar Max Prime 06876,Hogar,38.59,23
6877,Hogar Smart Nova 06877,Hogar,57.20,82
6878,Moda Lite Mini 06878,Moda,20.76,28
6879,Electronica Pro Eco 06879,Electronica,3.23,97
6880,Juguetes Eco Prime 06880,Juguetes,5.22,82
6881,Informatica Plus Prime 06881,Informatica,28.05,25
6882,Libros Ultra Pro 06882,Libros,30.23,43
6883,Jardineria Max Lite 06883,Jardineria,6.41,54
6884,Hogar Air Studio 06884,Hogar,43.25,44
6885,Informatica Core Plus 06885,Informatica,20.01,15
6886,Instrumentos musicales Home Core 06886,Instrumentos musicales,10.35,31
6887,Libros Air Eco 06887,Libros,52.13,8
6888,Electronica Air Prime 06888,Electronica,154.20,26
6889,Juguetes Air Core 06889,Juguetes,7.32,96
6890,Jardineria Pro Prime 06890,Jardineria,6.28,25
6891,Informatica Plus Prime 06891,Informatica,20.51,52
6892,Electronica Smart Mini 06892,Electronica,99.14,30
6893,Informatica Air Nova 06893,Informatica,13.38,93
6894,Juguetes Air Smart 06894,Juguetes,30.06,14
6895,Deporte Core Prime 06895,Deporte,24.80,80
6896,Juguetes Ultra Home 06896,Juguetes,51.77,22
6897,Electronica Ultra Prime 06897,Electronica,60.88,11
6898,Hogar Max Lite 06898,Hogar,29.02,64
6899,Deporte Air Mini 06899,Deporte,4.51,19
6900,Electronica Smart Lite 06900,Electronica,14.00,36
6901,Libros Air Lite 06901,Libros,20.66,34
6902,Informatica Prime Plus 06902,Informatica,4.43,29
6903,Libros Plus Nova 06903,Libros,183.08,39
6904,Libros Ultra Plus 06904,Libros,42.70,9
6905,Deporte Pro Mini 06905,Deporte,14.05,41
6906,Jardineria Air Pro 06906,Jardineria,48.03,75
6907,Electronica Pro Home 06907,Electronica,44.20,28
6908,Juguetes Prime Studio 06908,Juguetes,11.12,106
6909,Electronica Core Ultra 06909,Electronica,82.06,11
6910,Jardineria Air Mini 06910,Jardineria,13.02,51
6911,Libros Air Lite 06911,Libros,94.11,8
6912,Moda Smart Air 06912,Moda,8.11,21
6913,Electronica Prime Eco 06913,Electronica,68.91,34
6914,Deporte Eco Max 06914,Deporte,18.54,41
6915,Hogar Plus Eco 06915,Hogar,16.13,56
6916,Jardineria Max Ultra 06916,Jardineria,67.92,107
6917,Informatica Max Lite 06917,Informatica,18.83,28
6918,Electronica Smart Studio 06918,Electronica,10.25,17
6919,Juguetes Eco Plus 06919,Juguetes,20.29,20
6920,Informatica Prime Mini 06920,Informatica,30.61,34
6921,Informatica Lite Air 06921,Informatica,121.56,109
6922,Informatica Eco Studio 06922,Informatica,37.07,27
6923,Moda Home Home 06923,Moda,69.16,21
6924,Electronica Studio Lite 06924,Electronica,6.91,6
6925,Jardineria Studio Eco 06925,Jardineria,35.59,29
6926,Deporte Prime Studio 06926,Deporte,99.30,64
6927,Electronica Nova Pro 06927,Electronica,49.31,106
6928,Hogar Core Plus 06928,Hogar,75.64,33
6929,Informatica Eco Air 06929,Informatica,43.56,31
6930,Hogar Air Pro 06930,Hogar,7.88,21
6931,Hogar Studio Core 06931,Hogar,238.12,83
6932,Moda Core Eco 06932,Moda,34.15,75
6933,Moda Prime Nova 06933,Moda,19.98,87
6934,Electronica Ultra Prime 06934,Electronica,80.39,37
6935,Hogar Eco Plus 06935,Hogar,59.30,33
6936,Electronica Core Nova 06936,Electronica,13.62,104
6937,Juguetes Max Prime 06937,Juguetes,10.82,38
6938,Moda Nova Smart 06938,Moda,20.04,89
6939,Hogar Lite Home 06939,Hogar,11.58,77
6940,Hogar Air Mini 06940,Hogar,67.70,18
6941,Hogar Home Prime 06941,Hogar,37.35,42
6942,Instrumentos musicales Pro Prime 06942,Instrumentos musicales,37.76,40
6943,Moda Pro Home 06943,Moda,12.88,58
6944,Libros Max Lite 06944,Libros,25.56,43
6945,Deporte Pro Eco 06945,Deporte,38.37,11
6946,Informatica Lite Mini 06946,Informatica,33.40,100
6947,Moda Ultra Air 06947,Moda,27.25,16
6948,Libros Lite Mini 06948,Libros,14.65,79
6949,Hogar Nova Home 06949,Hogar,18.73,90
6950,Electronica Eco Mini 06950,Electronica,56.27,16
6951,Hogar Home Lite 06951,Hogar,9.05,18
6952,Deporte Ultra Air 06952,Deporte,16.12,43
6953,Electronica Ultra Eco 06953,Electronica,4.52,39
6954,Informatica Air Home 06954,Informatica,60.51,31
6955,Instrumentos musicales Plus Studio 06955,Instrumentos musicales,40.08,27
6956,Electronica Lite Lite 06956,Electronica,38.84,13
6957,Juguetes Plus Smart 06957,Juguetes,13.52,25
6958,Juguetes Home Nova 06958,Juguetes,12.20,98
6959,Moda Pro Studio 06959,Moda,33.33,84
6960,Juguetes Plus Mini 06960,Juguetes,16.84,24
6961,Hogar Lite Home 06961,Hogar,54.65,35
6962,Jardineria Plus Nova 06962,Jardineria,81.46,40
6963,Deporte Pro Core 06963,Deporte,17.62,42
6964,Jardineria Eco Smart 06964,Jardineria,12.72,27
6965,Informatica Ultra Studio 06965,Informatica,17.34,61
6966,Informatica Studio Studio 06966,Informatica,23.38,36
6967,Libros Prime Lite 06967,Libros,13.63,9
6968,Hogar Home Nova 06968,Hogar,22.63,9
6969,Electronica Ultra Prime 06969,Electronica,54.53,88
6970,Electronica Smart Nova 06970,Electronica,18.64,86
6971,Instrumentos musicales Studio Plus 06971,Instrumentos musicales,16.62,42
6972,Hogar Home Lite 06972,Hogar,57.68,33
6973,Informatica Home Plus 06973,Informatica,39.81,54
6974,Electronica Max Pro 06974,Electronica,18.25,85
6975,Moda Prime Max 06975,Moda,141.04,31
6976,Electronica Plus Lite 06976,Electronica,29.93,42
6977,Electronica Studio Smart 06977,Electronica,19.03,39
6978,Jardineria Mini Mini 06978,Jardineria,23.57,34
6979,Moda Smart Smart 06979,Moda,76.27,54
6980,Deporte Mini Mini 06980,Deporte,27.14,31
6981,Juguetes Core Plus 06981,Juguetes,53.35,50
6982,Deporte Smart Pro 06982,Deporte,96.68,25
6983,Hogar Mini Prime 06983,Hogar,22.21,34
6984,Electronica Mini Eco 06984,Electronica,35.65,9
6985,Electronica Air Max 06985,Electronica,62.98,30
6986,Hogar Studio Prime 06986,Hogar,27.21,79
6987,Mascotas Home Lite 06987,Mascotas,11.32,11
6988,Mascotas Plus Lite 06988,Mascotas,26.24,92
6989,Informatica Ultra Mini 06989,Informatica,9.75,9
6990,Mascotas Max Ultra 06990,Mascotas,17.61,44
6991,Deporte Lite Lite 06991,Deporte,57.70,28
6992,Libros Lite Lite 06992,Libros,92.73,19
6993,Libros Eco Lite 06993,Libros,22.05,106
6994,Informatica Studio Prime 06994,Informatica,8.83,44
6995,Jardineria Home Lite 06995,Jardineria,204.57,20
6996,Informatica Eco Nova 06996,Informatica,11.58,6
6997,Electronica Smart Home 06997,Electronica,6.59,23
6998,Libros Prime Plus 06998,Libros,12.15,37
6999,Informatica Air Mini 06999,Informatica,58.00,33
7000,Moda Prime Studio 07000,Moda,49.07,37
7001,Electronica Home Max 07001,Electronica,24.08,95
7002,Libros Home Max 07002,Libros,41.96,39
7003,Electronica Air Ultra 07003,Electronica,22.42,22
7004,Juguetes Prime Nova 07004,Juguetes,17.59,13
7005,Juguetes Nova Air 07005,Juguetes,36.18,10
7006,Electronica Studio Eco 07006,Electronica,24.86,32
7007,Electronica Core Prime 07007,Electronica,11.64,29
7008,Hogar Eco Nova 07008,Hogar,17.50,85
7009,Deporte Studio Core 07009,Deporte,87.19,7
7010,Electronica Ultra Nova 07010,Electronica,24.34,41
7011,Hogar Pro Nova 07011,Hogar,7.35,28
7012,Electronica Air Nova 07012,Electronica,29.90,21
7013,Deporte Home Core 07013,Deporte,48.63,16
7014,Libros Max Core 07014,Libros,7.30,36
7015,Electronica Ultra Nova 07015,Electronica,33.52,20
7016,Informatica Core Ultra 07016,Informatica,8.23,93
7017,Juguetes Core Ultra 07017,Juguetes,13.39,78
7018,Hogar Max Studio 07018,Hogar,38.25,31
7019,Juguetes Home Eco 07019,Juguetes,17.55,22
7020,Jardineria Lite Studio 07020,Jardineria,67.98,48
7021,Hogar Mini Lite 07021,Hogar,13.95,43
7022,Juguetes Max Plus 07022,Juguetes,31.76,45
7023,Moda Nova Studio 07023,Moda,46.95,41
7024,Mascotas Max Air 07024,Mascotas,17.70,47
7025,Hogar Max Max 07025,Hogar,47.16,29
7026,Moda Max Air 07026,Moda,26.44,9
7027,Informatica Lite Max 07027,Informatica,19.20,33
7028,Hogar Ultra Plus 07028,Hogar,14.28,40
7029,Juguetes Studio Smart 07029,Juguetes,239.27,5
7030,Hogar Smart Mini 07030,Hogar,30.37,27
7031,Informatica Ultra Air 07031,Informatica,40.54,17
7032,Hogar Core Core 07032,Hogar,3.40,21
7033,Mascotas Studio Max 07033,Mascotas,73.57,21
7034,Juguetes Smart Core 07034,Juguetes,101.18,38
7035,Electronica Air Mini 07035,Electronica,102.69,30
7036,Informatica Studio Eco 07036,Informatica,26.70,87
7037,Moda Prime Studio 07037,Moda,26.67,13
7038,Electronica Prime Pro 07038,Electronica,27.47,77
7039,Hogar Studio Ultra 07039,Hogar,59.83,12
7040,Libros Prime Nova 07040,Libros,14.82,33
7041,Libros Smart Core 07041,Libros,63.06,89
7042,Juguetes Studio Studio 07042,Juguetes,17.91,101
7043,Electronica Home Nova 07043,Electronica,21.79,22
7044,Hogar Max Air 07044,Hogar,29.13,35
7045,Electronica Plus Mini 07045,Electronica,257.45,94
7046,Moda Pro Core 07046,Moda,97.96,18
7047,Electronica Home Core 07047,Electronica,5.26,70
7048,Juguetes Plus Studio 07048,Juguetes,173.91,17
7049,Informatica Prime Ultra 07049,Informatica,41.62,107
7050,Jardineria Max Prime 07050,Jardineria,22.82,22
7051,Mascotas Air Lite 07051,Mascotas,51.79,42
7052,Informatica Eco Nova 07052,Informatica,33.43,10
7053,Instrumentos musicales Nova Pro 07053,Instrumentos musicales,88.25,44
7054,Moda Studio Eco 07054,Moda,58.06,30
7055,Mascotas Prime Smart 07055,Mascotas,122.61,22
7056,Deporte Ultra Pro 07056,Deporte,33.29,13
7057,Moda Plus Smart 07057,Moda,4.90,41
7058,Mascotas Pro Core 07058,Mascotas,26.89,34
7059,Juguetes Ultra Pro 07059,Juguetes,26.70,34
7060,Jardineria Plus Plus 07060,Jardineria,3.33,37
7061,Hogar Prime Smart 07061,Hogar,23.34,22
7062,Electronica Ultra Studio 07062,Electronica,41.35,94
7063,Hogar Eco Studio 07063,Hogar,58.93,35
7064,Informatica Mini Plus 07064,Informatica,9.65,109
7065,Libros Eco Smart 07065,Libros,15.42,25
7066,Informatica Smart Prime 07066,Informatica,17.32,47
7067,Hogar Smart Prime 07067,Hogar,51.09,45
7068,Electronica Home Home 07068,Electronica,14.27,62
7069,Juguetes Nova Nova 07069,Juguetes,15.05,44
7070,Electronica Pro Mini 07070,Electronica,28.04,88
7071,Libros Lite Eco 07071,Libros,8.92,59
7072,Informatica Lite Air 07072,Informatica,73.26,5
7073,Libros Eco Studio 07073,Libros,126.80,88
7074,Informatica Core Smart 07074,Informatica,19.47,9
7075,Moda Plus Air 07075,Moda,25.47,8
7076,Moda Core Smart 07076,Moda,13.90,23
7077,Deporte Air Ultra 07077,Deporte,8.26,49
7078,Informatica Studio Pro 07078,Informatica,14.61,38
7079,Electronica Core Home 07079,Electronica,8.54,16
7080,Electronica Max Lite 07080,Electronica,21.55,45
7081,Electronica Studio Lite 07081,Electronica,60.94,88
7082,Electronica Air Air 07082,Electronica,37.03,60
7083,Informatica Home Core 07083,Informatica,87.93,41
7084,Electronica Plus Plus 07084,Electronica,10.92,31
7085,Mascotas Prime Max 07085,Mascotas,34.44,101
7086,Electronica Studio Core 07086,Electronica,32.82,57
7087,Electronica Core Ultra 07087,Electronica,42.40,35
7088,Hogar Nova Nova 07088,Hogar,3.92,76
7089,Deporte Studio Studio 07089,Deporte,43.67,44
7090,Hogar Smart Plus 07090,Hogar,25.58,109
7091,Deporte Plus Pro 07091,Deporte,36.72,25
7092,Libros Nova Lite 07092,Libros,61.60,6
7093,Electronica Max Home 07093,Electronica,113.21,56
7094,Jardineria Home Air 07094,Jardineria,23.86,98
7095,Electronica Core Plus 07095,Electronica,40.70,35
7096,Informatica Max Lite 07096,Informatica,14.68,51
7097,Moda Studio Eco 07097,Moda,20.68,44
7098,Hogar Plus Lite 07098,Hogar,37.36,14
7099,Moda Plus Eco 07099,Moda,90.64,45
7100,Moda Studio Air 07100,Moda,50.96,84
7101,Libros Nova Mini 07101,Libros,18.71,58
7102,Deporte Plus Home 07102,Deporte,37.43,49
7103,Libros Mini Smart 07103,Libros,33.65,11
7104,Electronica Mini Plus 07104,Electronica,18.65,42
7105,Juguetes Eco Pro 07105,Juguetes,146.74,76
7106,Hogar Lite Pro 07106,Hogar,17.14,8
7107,Mascotas Ultra Mini 07107,Mascotas,36.23,9
7108,Jardineria Smart Pro 07108,Jardineria,15.17,45
7109,Informatica Home Max 07109,Informatica,9.35,8
7110,Informatica Eco Ultra 07110,Informatica,194.81,28
7111,Informatica Eco Mini 07111,Informatica,5.07,31
7112,Moda Ultra Home 07112,Moda,59.85,36
7113,Electronica Plus Plus 07113,Electronica,47.45,31
7114,Jardineria Air Prime 07114,Jardineria,57.57,37
7115,Informatica Ultra Lite 07115,Informatica,42.46,25
7116,Moda Ultra Ultra 07116,Moda,31.06,41
7117,Hogar Smart Home 07117,Hogar,57.56,38
7118,Jardineria Mini Mini 07118,Jardineria,65.98,26
7119,Hogar Mini Studio 07119,Hogar,49.35,62
7120,Electronica Pro Pro 07120,Electronica,7.62,10
7121,Electronica Eco Eco 07121,Electronica,22.98,115
7122,Informatica Ultra Home 07122,Informatica,12.02,8
7123,Hogar Core Pro 07123,Hogar,13.73,22
7124,Jardineria Home Pro 07124,Jardineria,124.75,39
7125,Informatica Eco Max 07125,Informatica,34.30,37
7126,Electronica Ultra Prime 07126,Electronica,35.83,40
7127,Hogar Plus Core 07127,Hogar,12.99,19
7128,Electronica Smart Air 07128,Electronica,13.58,52
7129,Electronica Home Plus 07129,Electronica,117.75,35
7130,Juguetes Eco Lite 07130,Juguetes,109.72,32
7131,Deporte Air Plus 07131,Deporte,84.23,17
7132,Juguetes Nova Home 07132,Juguetes,6.74,36
7133,Moda Studio Pro 07133,Moda,36.77,50
7134,Jardineria Prime Lite 07134,Jardineria,33.48,31
7135,Informatica Mini Lite 07135,Informatica,42.11,24
7136,Informatica Home Studio 07136,Informatica,66.57,49
7137,Moda Ultra Smart 07137,Moda,7.96,32
7138,Jardineria Nova Pro 07138,Jardineria,29.10,25
7139,Moda Smart Prime 07139,Moda,83.57,34
7140,Moda Max Smart 07140,Moda,128.46,29
7141,Informatica Mini Pro 07141,Informatica,46.22,14
7142,Electronica Smart Nova 07142,Electronica,23.13,18
7143,Electronica Smart Lite 07143,Electronica,25.85,21
7144,Hogar Ultra Home 07144,Hogar,17.77,72
7145,Juguetes Home Home 07145,Juguetes,8.23,42
7146,Informatica Home Core 07146,Informatica,46.36,57
7147,Hogar Core Plus 07147,Hogar,18.97,110
7148,Moda Smart Studio 07148,Moda,27.57,13
7149,Hogar Nova Ultra 07149,Hogar,34.86,33
7150,Deporte Ultra Core 07150,Deporte,29.87,36
7151,Libros Studio Core 07151,Libros,11.54,97
7152,Juguetes Nova Core 07152,Juguetes,8.94,40
7153,Jardineria Eco Lite 07153,Jardineria,42.84,49
7154,Libros Home Ultra 07154,Libros,24.77,31
7155,Electronica Home Core 07155,Electronica,8.02,7
7156,Electronica Nova Eco 07156,Electronica,20.93,44
7157,Moda Mini Ultra 07157,Moda,13.20,75
7158,Informatica Mini Nova 07158,Informatica,29.45,16
7159,Informatica Prime Plus 07159,Informatica,11.78,83
7160,Moda Studio Lite 07160,Moda,2.50,32
7161,Informatica Pro Core 07161,Informatica,19.44,112
7162,Libros Max Core 07162,Libros,40.24,14
7163,Libros Ultra Ultra 07163,Libros,34.42,30
7164,Libros Core Plus 07164,Libros,14.63,50
7165,Moda Mini Ultra 07165,Moda,45.29,44
7166,Juguetes Pro Ultra 07166,Juguetes,85.41,16
7167,Informatica Ultra Lite 07167,Informatica,38.72,113
7168,Moda Ultra Max 07168,Moda,38.59,45
7169,Libros Eco Plus 07169,Libros,83.29,38
7170,Electronica Eco Pro 07170,Electronica,91.97,24
7171,Informatica Core Max 07171,Informatica,11.06,34
7172,Instrumentos musicales Plus Eco 07172,Instrumentos musicales,24.25,100
7173,Libros Prime Mini 07173,Libros,11.87,25
7174,Juguetes Lite Smart 07174,Juguetes,39.58,33
7175,Libros Ultra Pro 07175,Libros,18.70,8
7176,Juguetes Ultra Studio 07176,Juguetes,16.73,24
7177,Jardineria Core Studio 07177,Jardineria,7.28,79
7178,Moda Core Nova 07178,Moda,36.98,15
7179,Jardineria Core Lite 07179,Jardineria,82.29,53
7180,Juguetes Core Lite 07180,Juguetes,34.57,45
7181,Hogar Studio Nova 07181,Hogar,5.08,58
7182,Hogar Home Mini 07182,Hogar,59.86,79
7183,Juguetes Nova Air 07183,Juguetes,63.84,26
7184,Jardineria Pro Max 07184,Jardineria,27.94,15
7185,Hogar Prime Mini 07185,Hogar,26.17,36
7186,Instrumentos musicales Prime Air 07186,Instrumentos musicales,26.58,34
7187,Electronica Core Pro 07187,Electronica,14.41,6
7188,Moda Prime Prime 07188,Moda,10.93,16
7189,Moda Smart Home 07189,Moda,26.44,35
7190,Juguetes Nova Studio 07190,Juguetes,6.72,17
7191,Jardineria Max Home 07191,Jardineria,64.98,15
7192,Informatica Studio Studio 07192,Informatica,15.98,45
7193,Informatica Core Lite 07193,Informatica,29.07,16
7194,Electronica Core Prime 07194,Electronica,7.93,20
7195,Mascotas Air Plus 07195,Mascotas,17.42,112
7196,Moda Ultra Prime 07196,Moda,148.83,5
7197,Libros Pro Mini 07197,Libros,8.93,6
7198,Libros Studio Nova 07198,Libros,119.28,23
7199,Electronica Studio Mini 07199,Electronica,43.26,22
7200,Electronica Smart Eco 07200,Electronica,78.91,32
7201,Juguetes Mini Home 07201,Juguetes,9.75,14
7202,Jardineria Air Plus 07202,Jardineria,13.82,105
7203,Libros Max Smart 07203,Libros,23.09,105
7204,Informatica Mini Eco 07204,Informatica,54.32,21
7205,Hogar Plus Mini 07205,Hogar,16.97,58
7206,Libros Home Smart 07206,Libros,121.88,35
7207,Hogar Plus Home 07207,Hogar,61.32,16
7208,Electronica Nova Core 07208,Electronica,13.88,7
7209,Libros Eco Ultra 07209,Libros,101.24,11
7210,Juguetes Nova Core 07210,Juguetes,38.49,41
7211,Deporte Lite Home 07211,Deporte,11.37,39
7212,Instrumentos musicales Prime Ultra 07212,Instrumentos musicales,56.12,45
7213,Deporte Eco Plus 07213,Deporte,21.49,100
7214,Instrumentos musicales Air Prime 07214,Instrumentos musicales,45.52,42
7215,Informatica Core Studio 07215,Informatica,48.11,76
7216,Informatica Prime Core 07216,Informatica,24.50,40
7217,Electronica Core Lite 07217,Electronica,6.16,49
7218,Jardineria Air Smart 07218,Jardineria,11.43,82
7219,Libros Home Plus 07219,Libros,22.36,24
7220,Moda Home Smart 07220,Moda,10.04,42
7221,Moda Ultra Home 07221,Moda,95.10,53
7222,Hogar Air Air 07222,Hogar,29.48,39
7223,Hogar Max Prime 07223,Hogar,81.15,115
7224,Deporte Studio Plus 07224,Deporte,8.69,49
7225,Electronica Plus Core 07225,Electronica,4.77,48
7226,Informatica Air Home 07226,Informatica,45.87,9
7227,Moda Eco Smart 07227,Moda,18.64,63
7228,Moda Pro Home 07228,Moda,19.56,42
7229,Informatica Eco Plus 07229,Informatica,119.11,45
7230,Hogar Mini Prime 07230,Hogar,67.02,9
7231,Moda Plus Eco 07231,Moda,14.85,20
7232,Libros Home Pro 07232,Libros,12.77,5
7233,Electronica Nova Max 07233,Electronica,20.11,78
7234,Informatica Home Core 07234,Informatica,17.93,12
7235,Electronica Studio Ultra 07235,Electronica,10.61,45
7236,Electronica Max Nova 07236,Electronica,270.22,33
7237,Hogar Home Air 07237,Hogar,274.78,41
7238,Juguetes Core Home 07238,Juguetes,24.22,29
7239,Hogar Eco Pro 07239,Hogar,32.67,76
7240,Informatica Core Max 07240,Informatica,12.24,102
7241,Informatica Smart Core 07241,Informatica,26.14,81
7242,Moda Prime Air 07242,Moda,39.16,46
7243,Hogar Core Ultra 07243,Hogar,10.40,26
7244,Hogar Ultra Core 07244,Hogar,17.45,38
7245,Moda Home Prime 07245,Moda,20.11,23
7246,Moda Studio Studio 07246,Moda,36.72,48
7247,Jardineria Home Pro 07247,Jardineria,16.77,22
7248,Hogar Max Smart 07248,Hogar,14.10,89
7249,Instrumentos musicales Mini Plus 07249,Instrumentos musicales,82.11,101
7250,Moda Smart Home 07250,Moda,16.37,42
7251,Hogar Mini Home 07251,Hogar,23.36,64
7252,Informatica Studio Smart 07252,Informatica,58.76,45
7253,Libros Mini Smart 07253,Libros,18.17,15
7254,Libros Home Nova 07254,Libros,55.91,43
7255,Libros Smart Home 07255,Libros,54.02,13
7256,Juguetes Plus Smart 07256,Juguetes,27.77,11
7257,Informatica Plus Smart 07257,Informatica,31.72,11
7258,Moda Home Pro 07258,Moda,55.21,62
7259,Libros Nova Pro 07259,Libros,10.23,49
7260,Instrumentos musicales Nova Pro 07260,Instrumentos musicales,50.87,35
7261,Informatica Home Plus 07261,Informatica,11.98,101
7262,Electronica Mini Core 07262,Electronica,17.17,36
7263,Electronica Prime Plus 07263,Electronica,76.13,67
7264,Moda Studio Studio 07264,Moda,148.01,34
7265,Hogar Nova Core 07265,Hogar,27.50,22
7266,Moda Studio Home 07266,Moda,30.80,93
7267,Electronica Nova Eco 07267,Electronica,9.42,77
7268,Deporte Max Air 07268,Deporte,6.98,25
7269,Moda Max Lite 07269,Moda,53.62,60
7270,Electronica Plus Studio 07270,Electronica,30.62,50
7271,Hogar Nova Ultra 07271,Hogar,50.32,83
7272,Electronica Mini Max 07272,Electronica,98.67,77
7273,Informatica Prime Pro 07273,Informatica,13.04,102
7274,Informatica Home Mini 07274,Informatica,56.66,99
7275,Hogar Nova Plus 07275,Hogar,28.68,30
7276,Informatica Ultra Ultra 07276,Informatica,14.52,16
7277,Electronica Air Plus 07277,Electronica,9.22,17
7278,Hogar Studio Smart 07278,Hogar,175.16,10
7279,Electronica Core Max 07279,Electronica,82.22,21
7280,Informatica Nova Eco 07280,Informatica,61.26,22
7281,Hogar Home Eco 07281,Hogar,12.44,58
7282,Electronica Plus Air 07282,Electronica,69.77,85
7283,Juguetes Prime Core 07283,Juguetes,21.55,28
7284,Juguetes Lite Nova 07284,Juguetes,6.71,45
7285,Electronica Max Ultra 07285,Electronica,8.09,24
7286,Informatica Home Core 07286,Informatica,12.66,14
7287,Electronica Prime Nova 07287,Electronica,56.58,26
7288,Hogar Smart Mini 07288,Hogar,45.43,33
7289,Instrumentos musicales Max Max 07289,Instrumentos musicales,20.92,62
7290,Informatica Core Eco 07290,Informatica,70.05,61
7291,Hogar Nova Pro 07291,Hogar,30.90,24
7292,Juguetes Eco Core 07292,Juguetes,34.39,27
7293,Hogar Eco Lite 07293,Hogar,21.56,11
7294,Mascotas Smart Mini 07294,Mascotas,64.22,31
7295,Informatica Smart Studio 07295,Informatica,73.09,37
7296,Electronica Home Eco 07296,Electronica,28.40,24
7297,Hogar Core Smart 07297,Hogar,83.37,68
7298,Hogar Home Mini 07298,Hogar,29.59,36
7299,Informatica Home Ultra 07299,Informatica,96.28,61
7300,Moda Studio Home 07300,Moda,25.24,41
7301,Informatica Max Plus 07301,Informatica,161.75,5
7302,Electronica Pro Mini 07302,Electronica,23.20,44
7303,Electronica Plus Lite 07303,Electronica,14.21,105
7304,Libros Nova Home 07304,Libros,21.38,10
7305,Jardineria Core Home 07305,Jardineria,22.33,40
7306,Juguetes Max Air 07306,Juguetes,29.38,52
7307,Deporte Lite Smart 07307,Deporte,24.83,38
7308,Hogar Smart Nova 07308,Hogar,174.50,96
7309,Juguetes Home Lite 07309,Juguetes,53.78,80
7310,Mascotas Ultra Ultra 07310,Mascotas,18.81,42
7311,Electronica Smart Eco 07311,Electronica,22.41,88
7312,Hogar Prime Lite 07312,Hogar,14.54,26
7313,Hogar Air Air 07313,Hogar,28.09,23
7314,Electronica Core Pro 07314,Electronica,16.28,90
7315,Hogar Max Pro 07315,Hogar,3.12,13
7316,Mascotas Prime Pro 07316,Mascotas,15.84,26
7317,Electronica Plus Pro 07317,Electronica,19.55,105
7318,Informatica Prime Air 07318,Informatica,9.82,44
7319,Electronica Max Lite 07319,Electronica,8.78,45
7320,Electronica Plus Pro 07320,Electronica,2.50,102
7321,Hogar Nova Nova 07321,Hogar,141.44,97
7322,Informatica Smart Core 07322,Informatica,45.57,16
7323,Informatica Max Eco 07323,Informatica,22.02,14
7324,Informatica Plus Prime 07324,Informatica,7.17,43
7325,Moda Smart Lite 07325,Moda,48.02,39
7326,Hogar Mini Plus 07326,Hogar,44.52,35
7327,Hogar Lite Pro 07327,Hogar,146.88,42
7328,Deporte Plus Lite 07328,Deporte,51.07,42
7329,Hogar Ultra Pro 07329,Hogar,71.14,45
7330,Informatica Core Home 07330,Informatica,63.42,11
7331,Instrumentos musicales Pro Mini 07331,Instrumentos musicales,7.54,33
7332,Libros Mini Pro 07332,Libros,10.24,49
7333,Moda Core Plus 07333,Moda,9.22,37
7334,Electronica Air Smart 07334,Electronica,88.93,83
7335,Juguetes Plus Pro 07335,Juguetes,51.53,10
7336,Informatica Lite Air 07336,Informatica,44.37,24
7337,Hogar Plus Pro 07337,Hogar,53.14,110
7338,Libros Plus Home 07338,Libros,30.08,27
7339,Electronica Home Core 07339,Electronica,4.25,33
7340,Moda Smart Lite 07340,Moda,16.02,24
7341,Electronica Max Nova 07341,Electronica,72.62,14
7342,Electronica Core Smart 07342,Electronica,12.13,29
7343,Juguetes Smart Air 07343,Juguetes,80.71,43
7344,Deporte Home Max 07344,Deporte,23.27,107
7345,Electronica Home Nova 07345,Electronica,68.14,102
7346,Informatica Smart Max 07346,Informatica,13.01,27
7347,Jardineria Studio Max 07347,Jardineria,18.24,34
7348,Electronica Studio Lite 07348,Electronica,37.12,48
7349,Informatica Nova Plus 07349,Informatica,14.55,45
7350,Hogar Pro Home 07350,Hogar,142.21,47
7351,Electronica Nova Max 07351,Electronica,26.71,14
7352,Electronica Nova Smart 07352,Electronica,11.76,90
7353,Electronica Core Ultra 07353,Electronica,75.35,20
7354,Deporte Max Ultra 07354,Deporte,23.23,20
7355,Libros Core Air 07355,Libros,16.36,6
7356,Informatica Max Studio 07356,Informatica,38.40,14
7357,Juguetes Home Prime 07357,Juguetes,74.94,115
7358,Informatica Eco Lite 07358,Informatica,79.91,19
7359,Electronica Smart Eco 07359,Electronica,94.54,17
7360,Informatica Eco Pro 07360,Informatica,110.48,12
7361,Moda Air Pro 07361,Moda,30.45,94
7362,Deporte Plus Studio 07362,Deporte,12.68,16
7363,Jardineria Pro Air 07363,Jardineria,113.52,29
7364,Moda Mini Studio 07364,Moda,26.80,30
7365,Informatica Studio Lite 07365,Informatica,33.76,28
7366,Electronica Prime Nova 07366,Electronica,37.26,83
7367,Informatica Home Mini 07367,Informatica,12.07,21
7368,Jardineria Studio Smart 07368,Jardineria,25.49,26
7369,Hogar Home Mini 07369,Hogar,28.40,34
7370,Electronica Plus Lite 07370,Electronica,19.71,48
7371,Electronica Core Pro 07371,Electronica,33.52,89
7372,Informatica Eco Max 07372,Informatica,10.04,30
7373,Informatica Lite Smart 07373,Informatica,28.78,36
7374,Moda Studio Plus 07374,Moda,17.07,44
7375,Juguetes Eco Max 07375,Juguetes,54.95,49
7376,Juguetes Pro Mini 07376,Juguetes,35.21,80
7377,Moda Lite Home 07377,Moda,7.75,18
7378,Libros Nova Core 07378,Libros,40.59,85
7379,Electronica Studio Prime 07379,Electronica,64.47,22
7380,Libros Plus Eco 07380,Libros,22.76,15
7381,Electronica Smart Prime 07381,Electronica,13.10,49
7382,Jardineria Max Nova 07382,Jardineria,44.61,12
7383,Deporte Pro Home 07383,Deporte,19.88,28
7384,Juguetes Ultra Max 07384,Juguetes,5.61,15
7385,Informatica Mini Pro 07385,Informatica,24.81,80
7386,Hogar Pro Prime 07386,Hogar,28.48,112
7387,Electronica Nova Plus 07387,Electronica,33.45,42
7388,Instrumentos musicales Lite Ultra 07388,Instrumentos musicales,17.96,29
7389,Electronica Ultra Lite 07389,Electronica,15.95,17
7390,Informatica Prime Eco 07390,Informatica,83.35,22
7391,Juguetes Prime Plus 07391,Juguetes,28.88,44
7392,Mascotas Max Air 07392,Mascotas,51.65,102
7393,Electronica Eco Smart 07393,Electronica,48.66,13
7394,Informatica Plus Pro 07394,Informatica,19.09,33
7395,Mascotas Home Air 07395,Mascotas,18.62,52
7396,Hogar Mini Eco 07396,Hogar,10.41,28
7397,Jardineria Plus Pro 07397,Jardineria,13.47,7
7398,Deporte Prime Studio 07398,Deporte,9.65,21
7399,Electronica Max Core 07399,Electronica,52.29,41
7400,Libros Eco Ultra 07400,Libros,31.93,32
7401,Deporte Air Prime 07401,Deporte,3.96,52
7402,Hogar Lite Max 07402,Hogar,20.50,14
7403,Hogar Max Home 07403,Hogar,33.39,13
7404,Deporte Nova Max 07404,Deporte,33.90,16
7405,Juguetes Eco Plus 07405,Juguetes,10.55,24
7406,Informatica Ultra Smart 07406,Informatica,68.66,24
7407,Informatica Plus Plus 07407,Informatica,49.28,14
7408,Juguetes Mini Core 07408,Juguetes,11.29,34
7409,Deporte Nova Air 07409,Deporte,31.73,40
7410,Informatica Studio Plus 07410,Informatica,31.27,27
7411,Jardineria Air Core 07411,Jardineria,20.47,11
7412,Hogar Nova Mini 07412,Hogar,16.43,39
7413,Electronica Lite Max 07413,Electronica,9.98,12
7414,Informatica Core Core 07414,Informatica,24.21,27
7415,Hogar Lite Plus 07415,Hogar,8.75,80
7416,Deporte Air Nova 07416,Deporte,16.98,15
7417,Moda Smart Nova 07417,Moda,196.78,44
7418,Electronica Prime Mini 07418,Electronica,10.84,40
7419,Hogar Pro Ultra 07419,Hogar,19.88,16
7420,Hogar Plus Air 07420,Hogar,11.12,17
7421,Hogar Core Home 07421,Hogar,7.30,41
7422,Electronica Plus Pro 07422,Electronica,44.49,20
7423,Mascotas Smart Smart 07423,Mascotas,28.14,38
7424,Electronica Eco Smart 07424,Electronica,18.63,108
7425,Deporte Home Air 07425,Deporte,34.32,55
7426,Informatica Air Home 07426,Informatica,13.08,42
7427,Informatica Eco Eco 07427,Informatica,88.44,10
7428,Informatica Max Smart 07428,Informatica,46.28,88
7429,Moda Core Studio 07429,Moda,156.62,40
7430,Deporte Prime Lite 07430,Deporte,6.27,20
7431,Informatica Max Nova 07431,Informatica,32.53,9
7432,Deporte Air Mini 07432,Deporte,4.28,42
7433,Jardineria Home Mini 07433,Jardineria,51.61,16
7434,Informatica Prime Eco 07434,Informatica,42.57,25
7435,Libros Nova Pro 07435,Libros,29.18,18
7436,Moda Mini Ultra 07436,Moda,7.85,16
7437,Hogar Prime Nova 07437,Hogar,47.23,48
7438,Juguetes Air Lite 07438,Juguetes,20.76,21
7439,Moda Max Smart 07439,Moda,13.00,59
7440,Hogar Prime Prime 07440,Hogar,32.61,7
7441,Libros Max Studio 07441,Libros,21.00,5
7442,Electronica Studio Max 07442,Electronica,7.76,17
7443,Juguetes Ultra Plus 07443,Juguetes,29.93,29
7444,Informatica Air Pro 07444,Informatica,75.42,42
7445,Libros Nova Smart 07445,Libros,23.46,13
7446,Moda Pro Ultra 07446,Moda,21.10,58
7447,Hogar Pro Prime 07447,Hogar,72.49,24
7448,Informatica Lite Studio 07448,Informatica,19.56,57
7449,Jardineria Nova Plus 07449,Jardineria,28.74,18
7450,Informatica Air Ultra 07450,Informatica,75.20,66
7451,Deporte Nova Air 07451,Deporte,45.56,32
7452,Hogar Ultra Ultra 07452,Hogar,12.08,18
7453,Mascotas Pro Nova 07453,Mascotas,125.44,75
7454,Hogar Pro Max 07454,Hogar,53.07,28
7455,Electronica Studio Lite 07455,Electronica,26.03,88
7456,Instrumentos musicales Core Smart 07456,Instrumentos musicales,36.97,39
7457,Deporte Plus Max 07457,Deporte,15.37,56
7458,Mascotas Home Home 07458,Mascotas,23.22,99
7459,Juguetes Max Prime 07459,Juguetes,36.03,27
7460,Informatica Pro Nova 07460,Informatica,444.09,16
7461,Libros Core Plus 07461,Libros,31.66,13
7462,Electronica Air Max 07462,Electronica,14.16,39
7463,Electronica Home Lite 07463,Electronica,41.78,46
7464,Instrumentos musicales Max Lite 07464,Instrumentos musicales,13.53,38
7465,Electronica Plus Air 07465,Electronica,22.66,40
7466,Informatica Prime Max 07466,Informatica,134.68,41
7467,Electronica Home Smart 07467,Electronica,10.66,52
7468,Electronica Home Ultra 07468,Electronica,160.25,10
7469,Moda Eco Plus 07469,Moda,17.00,15
7470,Deporte Lite Prime 07470,Deporte,35.54,79
7471,Moda Plus Mini 07471,Moda,37.39,8
7472,Instrumentos musicales Ultra Home 07472,Instrumentos musicales,36.05,78
7473,Libros Prime Pro 07473,Libros,24.68,22
7474,Hogar Pro Home 07474,Hogar,93.35,32
7475,Informatica Smart Plus 07475,Informatica,24.90,30
7476,Electronica Studio Home 07476,Electronica,82.03,75
7477,Libros Plus Pro 07477,Libros,19.16,115
7478,Informatica Studio Lite 07478,Informatica,50.55,35
7479,Juguetes Smart Studio 07479,Juguetes,114.84,45
7480,Jardineria Prime Air 07480,Jardineria,11.18,36
7481,Informatica Home Prime 07481,Informatica,30.48,36
7482,Informatica Home Max 07482,Informatica,17.11,29
7483,Libros Core Smart 07483,Libros,54.21,8
7484,Libros Lite Max 07484,Libros,10.31,21
7485,Electronica Ultra Prime 07485,Electronica,46.45,10
7486,Hogar Core Pro 07486,Hogar,65.30,29
7487,Hogar Prime Air 07487,Hogar,27.22,37
7488,Deporte Max Smart 07488,Deporte,10.79,40
7489,Juguetes Core Mini 07489,Juguetes,94.68,15
7490,Informatica Air Smart 07490,Informatica,32.82,13
7491,Informatica Studio Core 07491,Informatica,18.05,9
7492,Moda Lite Nova 07492,Moda,123.00,26
7493,Electronica Air Ultra 07493,Electronica,47.16,79
7494,Moda Core Ultra 07494,Moda,20.34,82
7495,Jardineria Nova Lite 07495,Jardineria,24.04,22
7496,Electronica Studio Mini 07496,Electronica,156.26,46
7497,Electronica Smart Max 07497,Electronica,13.80,27
7498,Jardineria Eco Prime 07498,Jardineria,14.93,26
7499,Informatica Max Prime 07499,Informatica,32.48,49
7500,Moda Studio Pro 07500,Moda,15.45,20
7501,Electronica Air Air 07501,Electronica,36.09,42
7502,Informatica Lite Core 07502,Informatica,84.74,49
7503,Informatica Ultra Plus 07503,Informatica,18.57,53
7504,Informatica Max Pro 07504,Informatica,8.77,48
7505,Moda Air Air 07505,Moda,27.72,21
7506,Electronica Nova Core 07506,Electronica,39.01,42
7507,Moda Core Plus 07507,Moda,91.71,57
7508,Moda Pro Ultra 07508,Moda,59.52,26
7509,Deporte Mini Lite 07509,Deporte,37.45,11
7510,Deporte Studio Plus 07510,Deporte,75.85,40
7511,Electronica Core Lite 07511,Electronica,34.06,36
7512,Mascotas Pro Prime 07512,Mascotas,78.78,19
7513,Juguetes Prime Eco 07513,Juguetes,24.84,69
7514,Moda Ultra Prime 07514,Moda,46.33,34
7515,Moda Smart Studio 07515,Moda,13.34,12
7516,Libros Mini Smart 07516,Libros,74.90,29
7517,Juguetes Ultra Studio 07517,Juguetes,31.94,50
7518,Moda Lite Home 07518,Moda,11.47,83
7519,Informatica Plus Ultra 07519,Informatica,60.75,46
7520,Moda Plus Mini 07520,Moda,136.70,99
7521,Moda Pro Core 07521,Moda,5.73,27
7522,Moda Lite Nova 07522,Moda,33.35,40
7523,Libros Eco Mini 07523,Libros,7.71,95
7524,Instrumentos musicales Core Prime 07524,Instrumentos musicales,59.61,42
7525,Instrumentos musicales Lite Ultra 07525,Instrumentos musicales,86.97,54
7526,Deporte Prime Plus 07526,Deporte,8.13,27
7527,Informatica Smart Plus 07527,Informatica,57.16,60
7528,Electronica Pro Prime 07528,Electronica,14.80,115
7529,Hogar Prime Ultra 07529,Hogar,68.12,43
7530,Libros Plus Pro 07530,Libros,37.77,39
7531,Libros Pro Plus 07531,Libros,90.17,45
7532,Libros Nova Eco 07532,Libros,8.56,28
7533,Libros Eco Core 07533,Libros,14.46,40
7534,Hogar Eco Smart 07534,Hogar,172.33,53
7535,Electronica Air Smart 07535,Electronica,11.58,80
7536,Jardineria Ultra Home 07536,Jardineria,44.34,32
7537,Mascotas Lite Eco 07537,Mascotas,46.39,25
7538,Libros Nova Plus 07538,Libros,30.85,23
7539,Electronica Prime Plus 07539,Electronica,7.53,33
7540,Informatica Pro Air 07540,Informatica,109.94,46
7541,Hogar Nova Eco 07541,Hogar,58.91,79
7542,Hogar Ultra Core 07542,Hogar,18.21,34
7543,Informatica Smart Core 07543,Informatica,24.24,50
7544,Informatica Lite Home 07544,Informatica,30.03,46
7545,Electronica Pro Plus 07545,Electronica,16.47,25
7546,Deporte Air Home 07546,Deporte,41.47,18
7547,Moda Core Air 07547,Moda,19.64,80
7548,Hogar Eco Air 07548,Hogar,29.74,18
7549,Hogar Plus Prime 07549,Hogar,8.60,20
7550,Electronica Prime Ultra 07550,Electronica,30.72,42
7551,Electronica Nova Plus 07551,Electronica,66.46,15
7552,Informatica Max Home 07552,Informatica,18.21,26
7553,Informatica Eco Prime 07553,Informatica,17.72,9
7554,Moda Eco Prime 07554,Moda,22.25,25
7555,Libros Smart Eco 07555,Libros,14.46,87
7556,Informatica Studio Eco 07556,Informatica,84.15,31
7557,Informatica Home Prime 07557,Informatica,30.87,11
7558,Libros Pro Smart 07558,Libros,32.06,57
7559,Libros Mini Pro 07559,Libros,6.05,111
7560,Electronica Ultra Pro 07560,Electronica,65.70,54
7561,Hogar Plus Pro 07561,Hogar,7.72,51
7562,Electronica Smart Home 07562,Electronica,18.31,35
7563,Informatica Mini Air 07563,Informatica,46.07,7
7564,Hogar Max Pro 07564,Hogar,25.75,33
7565,Jardineria Lite Smart 07565,Jardineria,33.92,28
7566,Informatica Lite Studio 07566,Informatica,27.40,33
7567,Jardineria Nova Plus 07567,Jardineria,11.45,41
7568,Informatica Ultra Lite 07568,Informatica,17.52,6
7569,Informatica Studio Prime 07569,Informatica,224.42,40
7570,Moda Nova Eco 07570,Moda,31.84,23
7571,Juguetes Ultra Lite 07571,Juguetes,25.04,18
7572,Hogar Air Nova 07572,Hogar,26.20,5
7573,Hogar Ultra Air 07573,Hogar,11.46,100
7574,Electronica Nova Plus 07574,Electronica,124.23,85
7575,Deporte Eco Pro 07575,Deporte,35.52,56
7576,Informatica Ultra Studio 07576,Informatica,76.92,30
7577,Deporte Prime Pro 07577,Deporte,33.93,33
7578,Electronica Studio Max 07578,Electronica,54.50,30
7579,Hogar Smart Mini 07579,Hogar,34.29,71
7580,Informatica Studio Prime 07580,Informatica,33.33,16
7581,Jardineria Max Core 07581,Jardineria,99.50,43
7582,Hogar Smart Mini 07582,Hogar,18.83,70
7583,Electronica Nova Nova 07583,Electronica,42.68,76
7584,Hogar Core Plus 07584,Hogar,71.74,40
7585,Hogar Air Plus 07585,Hogar,50.70,45
7586,Informatica Eco Plus 07586,Informatica,64.37,19
7587,Instrumentos musicales Max Plus 07587,Instrumentos musicales,35.73,57
7588,Libros Home Ultra 07588,Libros,71.08,36
7589,Hogar Max Lite 07589,Hogar,38.90,43
7590,Jardineria Eco Air 07590,Jardineria,21.00,39
7591,Informatica Core Mini 07591,Informatica,13.60,65
7592,Instrumentos musicales Ultra Max 07592,Instrumentos musicales,36.64,37
7593,Deporte Plus Nova 07593,Deporte,31.43,45
7594,Electronica Prime Studio 07594,Electronica,25.99,44
7595,Informatica Smart Nova 07595,Informatica,7.19,65
7596,Deporte Mini Lite 07596,Deporte,112.67,88
7597,Electronica Mini Ultra 07597,Electronica,80.03,26
7598,Electronica Prime Lite 07598,Electronica,22.64,40
7599,Jardineria Max Lite 07599,Jardineria,13.49,17
7600,Instrumentos musicales Eco Nova 07600,Instrumentos musicales,17.02,22
7601,Libros Air Core 07601,Libros,38.74,66
7602,Hogar Core Max 07602,Hogar,18.57,31
7603,Informatica Prime Smart 07603,Informatica,6.58,96
7604,Electronica Mini Home 07604,Electronica,2.50,17
7605,Libros Home Nova 07605,Libros,28.85,48
7606,Moda Lite Nova 07606,Moda,111.96,21
7607,Electronica Home Eco 07607,Electronica,16.30,60
7608,Deporte Home Smart 07608,Deporte,40.31,17
7609,Informatica Plus Plus 07609,Informatica,72.82,86
7610,Moda Pro Ultra 07610,Moda,20.35,39
7611,Informatica Prime Air 07611,Informatica,8.08,24
7612,Instrumentos musicales Lite Plus 07612,Instrumentos musicales,21.77,69
7613,Electronica Smart Ultra 07613,Electronica,26.07,46
7614,Informatica Lite Eco 07614,Informatica,16.60,33
7615,Informatica Prime Air 07615,Informatica,262.03,8
7616,Electronica Prime Prime 07616,Electronica,5.59,38
7617,Informatica Pro Studio 07617,Informatica,15.20,55
7618,Hogar Eco Nova 07618,Hogar,71.37,53
7619,Electronica Air Core 07619,Electronica,17.13,38
7620,Deporte Nova Studio 07620,Deporte,83.35,58
7621,Moda Ultra Air 07621,Moda,38.82,82
7622,Juguetes Ultra Nova 07622,Juguetes,45.48,43
7623,Instrumentos musicales Studio Prime 07623,Instrumentos musicales,13.35,100
7624,Hogar Plus Mini 07624,Hogar,21.70,9
7625,Informatica Smart Max 07625,Informatica,17.22,36
7626,Electronica Air Home 07626,Electronica,17.05,32
7627,Hogar Prime Max 07627,Hogar,35.29,39
7628,Juguetes Home Lite 07628,Juguetes,17.92,43
7629,Deporte Lite Home 07629,Deporte,24.61,35
7630,Informatica Eco Mini 07630,Informatica,11.28,109
7631,Hogar Nova Plus 07631,Hogar,125.93,101
7632,Informatica Nova Mini 07632,Informatica,19.26,56
7633,Informatica Ultra Prime 07633,Informatica,27.54,40
7634,Deporte Ultra Core 07634,Deporte,76.55,35
7635,Informatica Prime Mini 07635,Informatica,31.90,21
7636,Jardineria Lite Studio 07636,Jardineria,40.70,26
7637,Libros Ultra Studio 07637,Libros,39.17,58
7638,Moda Max Air 07638,Moda,52.89,14
7639,Electronica Pro Plus 07639,Electronica,75.19,5
7640,Informatica Nova Mini 07640,Informatica,24.68,13
7641,Instrumentos musicales Eco Pro 07641,Instrumentos musicales,4.76,30
7642,Libros Studio Mini 07642,Libros,24.94,92
7643,Electronica Studio Pro 07643,Electronica,31.14,32
7644,Jardineria Pro Eco 07644,Jardineria,3.93,35
7645,Electronica Smart Max 07645,Electronica,34.82,83
7646,Mascotas Prime Air 07646,Mascotas,146.80,49
7647,Electronica Smart Prime 07647,Electronica,45.89,29
7648,Hogar Nova Ultra 07648,Hogar,22.36,79
7649,Electronica Core Nova 07649,Electronica,19.57,45
7650,Informatica Home Eco 07650,Informatica,30.79,92
7651,Libros Mini Smart 07651,Libros,14.79,92
7652,Electronica Air Max 07652,Electronica,7.91,7
7653,Mascotas Prime Max 07653,Mascotas,15.30,33
7654,Electronica Pro Smart 07654,Electronica,49.91,19
7655,Moda Nova Pro 07655,Moda,20.74,28
7656,Jardineria Mini Pro 07656,Jardineria,9.87,40
7657,Juguetes Core Smart 07657,Juguetes,10.29,49
7658,Libros Studio Mini 07658,Libros,8.17,44
7659,Moda Max Prime 07659,Moda,22.55,36
7660,Libros Studio Smart 07660,Libros,168.33,68
7661,Electronica Ultra Ultra 07661,Electronica,24.49,13
7662,Hogar Max Air 07662,Hogar,10.69,28
7663,Electronica Ultra Max 07663,Electronica,26.69,46
7664,Hogar Plus Smart 07664,Hogar,81.37,43
7665,Jardineria Lite Air 07665,Jardineria,62.14,22
7666,Hogar Ultra Air 07666,Hogar,56.03,40
7667,Informatica Lite Eco 07667,Informatica,2.50,54
7668,Informatica Prime Core 07668,Informatica,134.62,34
7669,Electronica Eco Eco 07669,Electronica,17.85,35
7670,Informatica Core Lite 07670,Informatica,51.34,30
7671,Hogar Ultra Home 07671,Hogar,8.57,46
7672,Deporte Air Pro 07672,Deporte,88.35,52
7673,Juguetes Smart Plus 07673,Juguetes,33.70,18
7674,Deporte Plus Prime 07674,Deporte,14.56,31
7675,Juguetes Mini Mini 07675,Juguetes,7.76,21
7676,Juguetes Pro Studio 07676,Juguetes,51.85,19
7677,Moda Mini Nova 07677,Moda,231.95,113
7678,Libros Air Lite 07678,Libros,27.32,23
7679,Electronica Plus Ultra 07679,Electronica,36.61,13
7680,Libros Max Plus 07680,Libros,36.67,98
7681,Electronica Ultra Smart 07681,Electronica,25.99,39
7682,Informatica Pro Eco 07682,Informatica,44.73,40
7683,Informatica Mini Prime 07683,Informatica,39.26,34
7684,Mascotas Core Home 07684,Mascotas,191.29,33
7685,Juguetes Nova Smart 07685,Juguetes,22.95,25
7686,Moda Nova Air 07686,Moda,29.70,12
7687,Libros Air Smart 07687,Libros,56.29,9
7688,Hogar Plus Pro 07688,Hogar,20.63,24
7689,Deporte Mini Mini 07689,Deporte,34.15,43
7690,Libros Prime Eco 07690,Libros,48.99,40
7691,Deporte Plus Home 07691,Deporte,160.49,78
7692,Electronica Nova Air 07692,Electronica,52.08,35
7693,Deporte Max Smart 07693,Deporte,47.19,14
7694,Informatica Studio Smart 07694,Informatica,9.54,13
7695,Deporte Home Ultra 07695,Deporte,45.04,29
7696,Informatica Lite Ultra 07696,Informatica,15.06,11
7697,Informatica Pro Pro 07697,Informatica,17.71,25
7698,Juguetes Lite Mini 07698,Juguetes,15.01,41
7699,Deporte Pro Ultra 07699,Deporte,27.83,44
7700,Jardineria Core Nova 07700,Jardineria,25.07,42
7701,Informatica Core Smart 07701,Informatica,51.71,19
7702,Juguetes Air Nova 07702,Juguetes,62.45,11
7703,Hogar Ultra Pro 07703,Hogar,84.42,18
7704,Electronica Smart Max 07704,Electronica,9.15,11
7705,Libros Plus Eco 07705,Libros,34.04,31
7706,Libros Studio Nova 07706,Libros,16.88,31
7707,Informatica Prime Max 07707,Informatica,213.51,8
7708,Informatica Mini Pro 07708,Informatica,3.04,105
7709,Electronica Pro Air 07709,Electronica,59.50,26
7710,Electronica Studio Home 07710,Electronica,11.86,44
7711,Informatica Lite Max 07711,Informatica,18.68,23
7712,Electronica Studio Ultra 07712,Electronica,74.58,110
7713,Hogar Studio Smart 07713,Hogar,25.90,43
7714,Moda Home Core 07714,Moda,55.27,34
7715,Libros Smart Core 07715,Libros,41.56,34
7716,Jardineria Studio Max 07716,Jardineria,20.57,52
7717,Informatica Pro Smart 07717,Informatica,50.49,39
7718,Hogar Mini Mini 07718,Hogar,13.73,108
7719,Informatica Pro Nova 07719,Informatica,20.22,62
7720,Informatica Smart Plus 07720,Informatica,3.18,113
7721,Juguetes Home Air 07721,Juguetes,17.64,18
7722,Deporte Lite Eco 07722,Deporte,23.07,15
7723,Informatica Eco Smart 07723,Informatica,36.74,28
7724,Moda Eco Max 07724,Moda,150.87,24
7725,Hogar Nova Ultra 07725,Hogar,13.12,11
7726,Moda Ultra Eco 07726,Moda,19.20,81
7727,Hogar Pro Lite 07727,Hogar,91.45,29
7728,Informatica Plus Plus 07728,Informatica,4.66,45
7729,Electronica Pro Max 07729,Electronica,31.82,38
7730,Deporte Prime Studio 07730,Deporte,45.84,26
7731,Moda Nova Smart 07731,Moda,50.56,38
7732,Moda Prime Studio 07732,Moda,12.17,67
7733,Hogar Eco Studio 07733,Hogar,61.79,102
7734,Hogar Studio Air 07734,Hogar,49.33,23
7735,Juguetes Pro Prime 07735,Juguetes,50.44,59
7736,Informatica Core Eco 07736,Informatica,11.77,8
7737,Informatica Home Eco 07737,Informatica,38.48,8
7738,Moda Smart Pro 07738,Moda,23.61,77
7739,Deporte Studio Mini 07739,Deporte,22.58,70
7740,Informatica Max Prime 07740,Informatica,56.30,18
7741,Libros Core Home 07741,Libros,34.39,9
7742,Electronica Eco Nova 07742,Electronica,25.82,33
7743,Electronica Air Air 07743,Electronica,37.58,39
7744,Hogar Max Prime 07744,Hogar,25.03,103
7745,Hogar Eco Max 07745,Hogar,30.39,60
7746,Instrumentos musicales Studio Air 07746,Instrumentos musicales,42.59,88
7747,Informatica Air Eco 07747,Informatica,50.64,50
7748,Electronica Mini Pro 07748,Electronica,83.28,39
7749,Hogar Air Nova 07749,Hogar,30.59,21
7750,Electronica Home Max 07750,Electronica,17.98,7
7751,Hogar Mini Ultra 07751,Hogar,17.88,37
7752,Informatica Eco Mini 07752,Informatica,46.00,91
7753,Juguetes Max Studio 07753,Juguetes,50.83,105
7754,Libros Studio Home 07754,Libros,6.89,30
7755,Jardineria Studio Ultra 07755,Jardineria,9.66,28
7756,Informatica Core Plus 07756,Informatica,54.91,8
7757,Libros Air Max 07757,Libros,19.00,90
7758,Electronica Studio Air 07758,Electronica,11.92,77
7759,Hogar Studio Mini 07759,Hogar,67.95,7
7760,Electronica Eco Core 07760,Electronica,25.26,17
7761,Electronica Air Max 07761,Electronica,47.52,17
7762,Electronica Prime Ultra 07762,Electronica,11.13,85
7763,Instrumentos musicales Lite Mini 07763,Instrumentos musicales,7.66,36
7764,Electronica Plus Pro 07764,Electronica,30.50,33
7765,Instrumentos musicales Home Home 07765,Instrumentos musicales,96.89,64
7766,Informatica Lite Max 07766,Informatica,11.15,17
7767,Libros Home Plus 07767,Libros,55.78,94
7768,Juguetes Air Plus 07768,Juguetes,27.56,113
7769,Hogar Lite Studio 07769,Hogar,3.24,31
7770,Electronica Ultra Pro 07770,Electronica,12.90,101
7771,Moda Plus Prime 07771,Moda,135.72,62
7772,Electronica Mini Nova 07772,Electronica,28.58,33
7773,Informatica Ultra Prime 07773,Informatica,10.28,33
7774,Instrumentos musicales Plus Air 07774,Instrumentos musicales,24.73,78
7775,Mascotas Lite Core 07775,Mascotas,83.05,32
7776,Informatica Smart Core 07776,Informatica,113.46,15
7777,Electronica Max Plus 07777,Electronica,12.99,54
7778,Electronica Lite Mini 07778,Electronica,46.41,33
7779,Libros Core Home 07779,Libros,126.16,39
7780,Hogar Air Nova 07780,Hogar,4.98,34
7781,Libros Mini Air 07781,Libros,9.62,33
7782,Informatica Ultra Home 07782,Informatica,11.01,58
7783,Informatica Studio Nova 07783,Informatica,53.21,86
7784,Deporte Core Prime 07784,Deporte,12.48,24
7785,Deporte Studio Studio 07785,Deporte,71.79,71
7786,Informatica Studio Home 07786,Informatica,17.30,78
7787,Juguetes Prime Smart 07787,Juguetes,65.17,39
7788,Jardineria Plus Smart 07788,Jardineria,34.06,28
7789,Instrumentos musicales Studio Smart 07789,Instrumentos musicales,36.14,56
7790,Electronica Smart Core 07790,Electronica,12.49,67
7791,Informatica Pro Plus 07791,Informatica,74.44,96
7792,Electronica Eco Lite 07792,Electronica,87.97,32
7793,Moda Home Studio 07793,Moda,34.03,36
7794,Informatica Air Pro 07794,Informatica,18.37,19
7795,Informatica Air Lite 07795,Informatica,16.91,37
7796,Hogar Ultra Ultra 07796,Hogar,18.64,17
7797,Moda Eco Air 07797,Moda,2.50,20
7798,Informatica Max Core 07798,Informatica,28.34,97
7799,Mascotas Home Ultra 07799,Mascotas,153.77,23
7800,Hogar Ultra Prime 07800,Hogar,35.99,22
7801,Hogar Nova Ultra 07801,Hogar,178.44,8
7802,Electronica Max Air 07802,Electronica,29.09,25
7803,Electronica Air Mini 07803,Electronica,23.33,35
7804,Electronica Mini Prime 07804,Electronica,13.73,29
7805,Moda Plus Mini 07805,Moda,9.60,34
7806,Informatica Eco Home 07806,Informatica,5.86,33
7807,Informatica Nova Studio 07807,Informatica,86.38,19
7808,Hogar Pro Core 07808,Hogar,9.53,40
7809,Electronica Lite Pro 07809,Electronica,41.65,43
7810,Informatica Mini Prime 07810,Informatica,12.16,7
7811,Instrumentos musicales Plus Pro 07811,Instrumentos musicales,58.38,25
7812,Juguetes Prime Home 07812,Juguetes,16.05,35
7813,Libros Max Smart 07813,Libros,35.14,7
7814,Electronica Studio Studio 07814,Electronica,45.85,12
7815,Electronica Core Smart 07815,Electronica,15.56,6
7816,Hogar Ultra Home 07816,Hogar,42.36,48
7817,Juguetes Lite Eco 07817,Juguetes,33.68,35
7818,Electronica Smart Smart 07818,Electronica,311.54,43
7819,Electronica Smart Core 07819,Electronica,6.88,36
7820,Instrumentos musicales Lite Plus 07820,Instrumentos musicales,16.92,17
7821,Moda Smart Air 07821,Moda,8.35,32
7822,Libros Mini Mini 07822,Libros,55.89,42
7823,Electronica Mini Air 07823,Electronica,39.82,79
7824,Moda Core Core 07824,Moda,4.84,81
7825,Informatica Max Smart 07825,Informatica,8.47,112
7826,Electronica Smart Nova 07826,Electronica,32.12,18
7827,Hogar Air Smart 07827,Hogar,21.22,20
7828,Moda Air Studio 07828,Moda,6.82,42
7829,Informatica Core Mini 07829,Informatica,36.91,33
7830,Mascotas Lite Home 07830,Mascotas,15.02,85
7831,Libros Core Air 07831,Libros,18.41,29
7832,Mascotas Prime Nova 07832,Mascotas,16.14,39
7833,Mascotas Air Mini 07833,Mascotas,27.32,34
7834,Electronica Mini Lite 07834,Electronica,29.74,21
7835,Libros Core Max 07835,Libros,76.85,33
7836,Hogar Mini Pro 07836,Hogar,31.51,43
7837,Jardineria Mini Mini 07837,Jardineria,67.77,34
7838,Informatica Core Pro 07838,Informatica,34.16,10
7839,Informatica Plus Core 07839,Informatica,67.01,40
7840,Informatica Max Prime 07840,Informatica,11.11,28
7841,Deporte Plus Home 07841,Deporte,26.81,32
7842,Juguetes Lite Ultra 07842,Juguetes,153.67,27
7843,Libros Air Prime 07843,Libros,54.24,35
7844,Moda Air Plus 07844,Moda,44.40,45
7845,Deporte Nova Mini 07845,Deporte,9.52,37
7846,Electronica Pro Home 07846,Electronica,103.02,15
7847,Informatica Ultra Plus 07847,Informatica,37.84,32
7848,Moda Air Plus 07848,Moda,18.57,24
7849,Deporte Eco Pro 07849,Deporte,5.86,8
7850,Deporte Prime Smart 07850,Deporte,19.03,59
7851,Deporte Smart Pro 07851,Deporte,9.78,45
7852,Informatica Max Pro 07852,Informatica,37.11,50
7853,Hogar Max Pro 07853,Hogar,57.68,57
7854,Moda Pro Air 07854,Moda,27.68,111
7855,Electronica Studio Mini 07855,Electronica,5.52,38
7856,Libros Core Mini 07856,Libros,36.74,31
7857,Informatica Studio Ultra 07857,Informatica,21.32,11
7858,Deporte Max Mini 07858,Deporte,44.89,91
7859,Hogar Lite Studio 07859,Hogar,16.72,28
7860,Electronica Pro Mini 07860,Electronica,106.55,18
7861,Hogar Nova Mini 07861,Hogar,23.28,17
7862,Electronica Plus Ultra 07862,Electronica,16.78,38
7863,Electronica Home Ultra 07863,Electronica,13.14,51
7864,Juguetes Air Mini 07864,Juguetes,21.85,35
7865,Libros Home Lite 07865,Libros,53.42,53
7866,Instrumentos musicales Air Core 07866,Instrumentos musicales,5.82,22
7867,Informatica Lite Home 07867,Informatica,16.63,33
7868,Electronica Mini Pro 07868,Electronica,21.14,33
7869,Moda Eco Pro 07869,Moda,9.04,9
7870,Hogar Lite Air 07870,Hogar,20.26,95
7871,Electronica Ultra Air 07871,Electronica,12.14,40
7872,Electronica Pro Ultra 07872,Electronica,68.68,24
7873,Deporte Prime Core 07873,Deporte,21.86,70
7874,Moda Smart Studio 07874,Moda,7.36,26
7875,Moda Air Air 07875,Moda,75.82,43
7876,Hogar Plus Smart 07876,Hogar,10.08,34
7877,Informatica Lite Core 07877,Informatica,85.41,75
7878,Moda Plus Studio 07878,Moda,72.81,22
7879,Hogar Air Smart 07879,Hogar,246.71,41
7880,Juguetes Studio Core 07880,Juguetes,46.39,107
7881,Hogar Home Home 07881,Hogar,125.03,5
7882,Informatica Air Max 07882,Informatica,59.57,79
7883,Jardineria Home Air 07883,Jardineria,63.33,28
7884,Libros Core Core 07884,Libros,120.51,55
7885,Deporte Prime Max 07885,Deporte,12.85,20
7886,Libros Core Air 07886,Libros,30.16,76
7887,Hogar Mini Nova 07887,Hogar,47.10,33
7888,Moda Core Home 07888,Moda,209.10,48
7889,Juguetes Max Home 07889,Juguetes,150.93,39
7890,Libros Studio Lite 07890,Libros,131.76,32
7891,Deporte Lite Air 07891,Deporte,37.67,111
7892,Moda Smart Home 07892,Moda,24.27,93
7893,Moda Eco Pro 07893,Moda,14.70,10
7894,Juguetes Prime Pro 07894,Juguetes,25.84,14
7895,Juguetes Air Lite 07895,Juguetes,12.43,11
7896,Electronica Studio Eco 07896,Electronica,136.62,46
7897,Informatica Nova Lite 07897,Informatica,65.35,39
7898,Moda Plus Core 07898,Moda,65.79,21
7899,Hogar Pro Home 07899,Hogar,25.54,59
7900,Jardineria Studio Ultra 07900,Jardineria,57.15,70
7901,Libros Eco Smart 07901,Libros,54.32,50
7902,Electronica Home Plus 07902,Electronica,23.78,43
7903,Instrumentos musicales Pro Nova 07903,Instrumentos musicales,41.04,6
7904,Hogar Air Mini 07904,Hogar,18.68,18
7905,Moda Home Ultra 07905,Moda,37.97,50
7906,Hogar Eco Eco 07906,Hogar,58.45,29
7907,Electronica Max Smart 07907,Electronica,41.35,16
7908,Informatica Ultra Core 07908,Informatica,44.94,49
7909,Jardineria Lite Max 07909,Jardineria,77.85,85
7910,Electronica Max Air 07910,Electronica,24.18,23
7911,Hogar Pro Lite 07911,Hogar,16.72,30
7912,Hogar Air Plus 07912,Hogar,53.73,13
7913,Moda Home Home 07913,Moda,5.64,39
7914,Deporte Core Smart 07914,Deporte,43.89,31
7915,Libros Air Ultra 07915,Libros,27.11,23
7916,Electronica Lite Smart 07916,Electronica,32.55,49
7917,Libros Air Eco 07917,Libros,9.77,32
7918,Informatica Plus Home 07918,Informatica,40.93,11
7919,Mascotas Plus Core 07919,Mascotas,11.66,43
7920,Electronica Plus Mini 07920,Electronica,20.58,63
7921,Informatica Eco Pro 07921,Informatica,23.12,29
7922,Informatica Studio Mini 07922,Informatica,5.56,22
7923,Libros Studio Max 07923,Libros,39.52,100
7924,Mascotas Nova Nova 07924,Mascotas,255.85,42
7925,Electronica Home Nova 07925,Electronica,9.29,75
7926,Jardineria Prime Nova 07926,Jardineria,45.41,12
7927,Informatica Home Lite 07927,Informatica,69.52,18
7928,Informatica Eco Max 07928,Informatica,72.98,22
7929,Electronica Core Prime 07929,Electronica,13.77,86
7930,Hogar Smart Core 07930,Hogar,24.88,7
7931,Juguetes Pro Lite 07931,Juguetes,132.40,10
7932,Deporte Plus Ultra 07932,Deporte,17.63,109
7933,Juguetes Max Lite 07933,Juguetes,26.59,19
7934,Libros Max Core 07934,Libros,21.33,16
7935,Juguetes Home Plus 07935,Juguetes,30.61,20
7936,Hogar Pro Pro 07936,Hogar,24.00,27
7937,Hogar Nova Ultra 07937,Hogar,21.00,24
7938,Electronica Home Pro 07938,Electronica,8.75,71
7939,Moda Core Home 07939,Moda,29.28,77
7940,Juguetes Smart Prime 07940,Juguetes,154.85,40
7941,Hogar Eco Plus 07941,Hogar,28.37,11
7942,Electronica Core Core 07942,Electronica,14.87,45
7943,Electronica Plus Studio 07943,Electronica,5.39,34
7944,Informatica Nova Ultra 07944,Informatica,49.49,42
7945,Electronica Air Plus 07945,Electronica,28.39,53
7946,Hogar Home Prime 07946,Hogar,14.59,18
7947,Electronica Lite Core 07947,Electronica,16.49,30
7948,Moda Smart Prime 07948,Moda,92.11,47
7949,Moda Smart Eco 07949,Moda,34.20,9
7950,Electronica Ultra Max 07950,Electronica,15.44,104
7951,Informatica Core Mini 07951,Informatica,83.39,44
7952,Electronica Pro Smart 07952,Electronica,101.16,76
7953,Informatica Smart Nova 07953,Informatica,69.75,36
7954,Hogar Plus Mini 07954,Hogar,44.80,21
7955,Hogar Pro Plus 07955,Hogar,38.13,76
7956,Electronica Mini Air 07956,Electronica,97.77,25
7957,Electronica Pro Nova 07957,Electronica,7.17,31
7958,Electronica Nova Lite 07958,Electronica,42.00,19
7959,Electronica Smart Smart 07959,Electronica,9.93,52
7960,Electronica Max Lite 07960,Electronica,77.43,24
7961,Hogar Pro Core 07961,Hogar,95.84,19
7962,Informatica Eco Ultra 07962,Informatica,65.77,19
7963,Libros Eco Home 07963,Libros,66.50,23
7964,Electronica Ultra Smart 07964,Electronica,51.24,48
7965,Informatica Plus Nova 07965,Informatica,14.98,93
7966,Libros Studio Nova 07966,Libros,43.90,8
7967,Electronica Studio Eco 07967,Electronica,44.48,32
7968,Informatica Pro Prime 07968,Informatica,149.01,111
7969,Informatica Smart Lite 07969,Informatica,39.66,26
7970,Juguetes Prime Pro 07970,Juguetes,28.11,18
7971,Hogar Plus Mini 07971,Hogar,41.56,28
7972,Moda Air Studio 07972,Moda,9.73,34
7973,Juguetes Nova Plus 07973,Juguetes,13.19,25
7974,Hogar Studio Nova 07974,Hogar,3.39,25
7975,Moda Prime Lite 07975,Moda,9.37,109
7976,Hogar Studio Eco 07976,Hogar,28.66,42
7977,Informatica Core Core 07977,Informatica,40.29,47
7978,Informatica Plus Core 07978,Informatica,70.06,45
7979,Deporte Pro Prime 07979,Deporte,45.87,31
7980,Moda Nova Air 07980,Moda,29.34,55
7981,Libros Smart Core 07981,Libros,9.15,31
7982,Informatica Lite Lite 07982,Informatica,9.78,17
7983,Jardineria Smart Max 07983,Jardineria,27.44,45
7984,Hogar Core Studio 07984,Hogar,10.40,19
7985,Informatica Lite Home 07985,Informatica,11.63,66
7986,Juguetes Nova Prime 07986,Juguetes,34.38,84
7987,Juguetes Eco Studio 07987,Juguetes,31.37,57
7988,Informatica Mini Eco 07988,Informatica,86.83,47
7989,Electronica Prime Smart 07989,Electronica,88.85,18
7990,Moda Home Prime 07990,Moda,167.71,29
7991,Jardineria Plus Smart 07991,Jardineria,9.11,54
7992,Electronica Prime Home 07992,Electronica,20.13,43
7993,Hogar Home Studio 07993,Hogar,45.90,39
7994,Electronica Nova Max 07994,Electronica,38.20,27
7995,Juguetes Mini Smart 07995,Juguetes,27.96,10
7996,Instrumentos musicales Smart Core 07996,Instrumentos musicales,11.13,103
7997,Mascotas Plus Lite 07997,Mascotas,72.15,37
7998,Hogar Pro Studio 07998,Hogar,8.28,32
7999,Electronica Plus Mini 07999,Electronica,11.02,45
8000,Electronica Plus Prime 08000,Electronica,8.32,104
